hash,family
23f7ebc4977ae88d02af8d816ad683b0,gappusin
264d6776aa8b733ce7f250201ba8d812,undetected
71462a10c53c80050dfd50ee1afacacb,SINGLETON:71462a10c53c80050dfd50ee1afacacb
3ce3ac36e89bdd2e3b768d602d94ede6,undetected
6e6e851987e4217ce0b3ee29ea7fb84b,undetected
1df89763a32036dcbf9476c2e8701951,undetected
b89d3268d06de4c1ea6f7747f07e8bf1,gappusin
8a6ef7d5679203a11ffe4e0765e7ef73,kuguo
c9461e4895f21164279e25e115d2427d,undetected
8109fadd165ea2e6c65cd7f1a96f9c13,undetected
7419434a62b8e3492c1a9dfb46cb94b5,leadbolt
8a01b493f3c7cbab730ad7bb0157cd70,revmob
ac8db94f2e553c5e10d63e41c2db79b9,undetected
c28c6f200b111f1d6ed5b3c2385cf831,undetected
b3b56e8dd6f6de5c76290f439d583ced,SINGLETON:b3b56e8dd6f6de5c76290f439d583ced
85d896cad5dc210e16dc325280f7fbce,SINGLETON:85d896cad5dc210e16dc325280f7fbce
37f28375108478624cb4cb6dee80c337,youmi
5e8103f323e9012eab27dfedc665159e,gappusin
db90bfedcf4b6911aa26da79312aa5c5,undetected
e5d5d781ee0c3b98cd4df39a7e06bf34,undetected
d102d55986a7bf422dbd3de93ad6d293,SINGLETON:d102d55986a7bf422dbd3de93ad6d293
be4120158be444eaf7770dc0363e2c94,undetected
2088964a65a604aea971073e07db8c46,undetected
473931e653e0f8a3754d38edd95f0300,undetected
03763ab8f78ca1f02820543f3d16e4f6,undetected
7ca7c8518370701a09ce33cabbf52f14,undetected
c2c2f739ebbc105c0690583cb7dba536,undetected
5347fca90701581d03ce8080fec7dd19,undetected
004eb973d4561c9471cc3225a5c4806c,undetected
fdfc5d829a7df048f4cf9e61b22e3ded,undetected
3057dad2d1b6ede6fd1af7c83c86e6bb,undetected
0c592c686e4169c0303bbeba37f61174,undetected
de6c2a82a914768bc97b9da6ac9edd7d,usatek
3eaffa451cdb3673ce954650e7ae41c6,gappusin
a577179b41ed758625c91ac5f9b2543a,undetected
426eba7adf142a9adea4e44677b31fa2,undetected
98dee354966d24ac3e5f84d4530f5a15,gappusin
31bc28095d0945da333c828761240865,undetected
e23a543f2f244aa1cbefd69f0e1f6de2,SINGLETON:e23a543f2f244aa1cbefd69f0e1f6de2
ebab2a05ba626d2ae7776bd232c2898b,undetected
dd85aadcce3abff13e1ed0bcdbabc4af,undetected
f908ff2deb0579f98c418f23af1e3066,revmob
68023ce7ae984b5557a6345616c26204,undetected
e5b1ea5da27dcddd76e6f6dde74c0add,undetected
4dcb7b921e32b4aba9cd30a85f519472,undetected
d9cbed5ff6c3c6ed5f30e5c30f77d463,undetected
f3766bafc6b86a48c458878761fa1112,SINGLETON:f3766bafc6b86a48c458878761fa1112
ad57a0d3832c76a20d6ae8f9f0b6c736,gappusin
82738fe9c7782802661cf803f7130a26,gappusin
35d387025969e26d889b7de0531443b6,ksapp
1e5b7bcdcb8f3defbd2fb6b1147979ce,youmi
cfd71da3c71d553cfb150e7a1d1ba686,gappusin
86b4d6ffc4572e9d85fb97aed9eeb1f5,leadbolt
fb369a3882f1c0ba85bd089ce7b19cc5,undetected
a1e61cf8e9a30c8e44beb1d134959db1,kuguo
a25d7f842eb498521e51681821cfe356,dowgin
b55faebe6d742f9a42f5e111f428855a,undetected
0acebdf90273e8444f9446132ad47c91,undetected
867bc36f25c88198ab4a83f0534f0611,undetected
24942c69ad785d13e59c2ee140040955,gappusin
3959bcb4e7719210eab8b907436988a2,dowgin
9477d7e0e95396ca350daae278025b4e,undetected
c2cd232be1dc96b3541b809f6394b450,dianjin
fbf00c1ad30795ff3f456c2dbb6204df,gappusin
f7e34bc9465b1942b332388fabbc7513,SINGLETON:f7e34bc9465b1942b332388fabbc7513
b89aed4989d37ab6a8be2a83994c80fd,gappusin
f1a68c855c112db44916266ae67c0fe0,SINGLETON:f1a68c855c112db44916266ae67c0fe0
4babff0a971cea88fcdd15c330d99b71,undetected
a6cf112aa1bebf92f7489cac9530b0a5,SINGLETON:a6cf112aa1bebf92f7489cac9530b0a5
1dd091e3860d9fe176c69ff9b48ebd38,undetected
5e5b826d5a7db82f78edd89f0b1edd40,youmi
01e18db2a8668030039be88657d26390,gappusin
b3298d397da0bcd5f430859c99ea7625,undetected
9bb6dd4a33dbc827fd94b9ddcf346066,SINGLETON:9bb6dd4a33dbc827fd94b9ddcf346066
24e862a8b50c464559b747833b6cd1ee,gappusin
dd5a2604a3558cfb7aad6c42f89e3247,undetected
69f0db689e12076b1fed6c26c3392e92,gappusin
4c2ba7d255e8f2307ab891fc953eb328,SINGLETON:4c2ba7d255e8f2307ab891fc953eb328
1e752d62dddb6e85a0ac7ae5c15ea430,undetected
b615c4430eb5832410d6418153ce9d45,undetected
bda32f07c25acd88451750e0565ba7e4,undetected
9d9a0c54ecf79ae3b7bdbdff7ae29afa,SINGLETON:9d9a0c54ecf79ae3b7bdbdff7ae29afa
42e9e5bd6a81dd2c073ede128f225205,youmi
6f86b52cd2f91f30b34350ad31583a57,undetected
de4a656948dde1d0af73df92e74f4245,undetected
b1b582a7834021fd020aa3f7c5741b00,gappusin
840e41569a5fc332d3efad46a0fdb837,SINGLETON:840e41569a5fc332d3efad46a0fdb837
9c5cae657115ce3236fb493d4a73076e,undetected
e365568dfc778366d7ce9d7eea9927af,gappusin
80c0ffaf72bd8cb9d27c6cced04f9cbc,undetected
a750ceabcaa71375be18867a18ebb73d,smsreg
2bbaa90682bfcf16576981638081c8e7,SINGLETON:2bbaa90682bfcf16576981638081c8e7
ce60ea2b41ef83564fe97c01f55158c4,gappusin
459c21bc091ea21f7c7b52e6c7ef0457,SINGLETON:459c21bc091ea21f7c7b52e6c7ef0457
97d0df8340cbb56b6ddf249d2fa526c7,gappusin
d75c8ecc0e2f77b75d7b46c78783373e,undetected
d4259a528ef8c9e6e870f5b2dfe5bbb4,undetected
3a3e4047da050952b264fd2c3ef71399,SINGLETON:3a3e4047da050952b264fd2c3ef71399
c7a9edb1c00ae96d8e3870327fdc5208,wooboo
7e8e92bbe83c16cbe7c6f3d7d64f3137,gappusin
78649e1cf37937c79de85f5b25fc9e79,wooboo
515dd9dd2f258d346ec5cb64534fb646,revmob
8e148157a33e20127a866d34c7d70e49,SINGLETON:8e148157a33e20127a866d34c7d70e49
c2592ccb41f1fa603d92f44911d18818,kuguo
16a52dee36c5ce469fd78c6f6aa63189,kuguo
5b59a815a9f396f1a2aba9df0b034572,undetected
c234958a7f20f81f2967161a13962e06,dowgin
f7ef24789db4843529ad3bc86eeb2c7d,revmob
10dc402d1efe7bd1fd46f028904454d5,pushad
46b2e09e328974d82bbd1b2aa61d55f6,kuguo
bc9e168f5b24219db3500bbd5de75791,undetected
fb2ff1beaa272f0ce58515b4ed1e0649,leadbolt
c545a13aed1cd5b2207ecb2d1297b24e,undetected
842f99b32fb3f09ba8c31105e9e364bd,SINGLETON:842f99b32fb3f09ba8c31105e9e364bd
630ed031df6513b18540df9622bfc4ad,undetected
5031386c68077f4064c86f1339117828,undetected
4a51c6061604937990e957225c2870d5,gappusin
162822dcaff0022b7fbb69ec7136103e,undetected
f2f69ee93e6badb0c05f879c2359d674,undetected
3ab6c814856a8a38df24fd4cec8b1fe2,undetected
9f65207c7142c7eeeeedaebc5e766cce,undetected
0231177f3930178969c49af9c0c8cbbe,kuguo
a760116ac904c553f5a89694279faba5,SINGLETON:a760116ac904c553f5a89694279faba5
deb20bde40ca5fff60faee36712fd18c,undetected
8353c4537ee9356afdfc4583c52cfbc0,undetected
5266fae07ffb043e55d017ebd45a3169,zdtad
d4398729917f72f17a3862fdb4d7f77b,dowgin
565cb81a20b45f16835f922abbf733cf,undetected
7897a965b8db2e4001ed31234fc4678c,undetected
ec165fe8d1f4bda9f2e59dd949426e29,undetected
dbc026fc92f2de85dde57321f92aaa2f,kuguo
9b515bf96f8814db38eafc605bbb4109,undetected
d4d98f015f0408d17404a2c17c156efb,SINGLETON:d4d98f015f0408d17404a2c17c156efb
745f6e370e254214fb0348ea885cd291,SINGLETON:745f6e370e254214fb0348ea885cd291
edf26761100ae588f4b0e2cb8989b74c,SINGLETON:edf26761100ae588f4b0e2cb8989b74c
a2cbf26f489b13985b58f5a15885dcfc,kuguo
68398f598007bbf68feb8672ccdae911,undetected
80cddb067526f2b594d3c8f3c5c97698,smsreg
4839d28a502fb8f9bbab2b7a8bd41ce1,undetected
6af93303da7bd363b4e10f2b5cb5ec86,wooboo
e2474b103ec695d52e9185fc8903f8d1,gappusin
25602ca6f4402d68e5d33606ffc075ef,undetected
695c758e0089fdc56ab34ded8f546e34,wiyun
9a9dca631f5479b04118e4a3f016fca9,SINGLETON:9a9dca631f5479b04118e4a3f016fca9
dcf121e580e475a8f519cfcfc3e6a37a,pircob
0cb2c566e1e4567fa36bdc77cbf12030,undetected
07acc6e8c52985609550ce4fa686daa1,gappusin
da411ae31d1cd0f69e29c48622a547cb,kuguo
0f49b4ab6180fbd04fd4f258a75ea743,gappusin
6de082ebe91acdf5e8e2cb8fc66e7395,SINGLETON:6de082ebe91acdf5e8e2cb8fc66e7395
f125979b32b8ee060eebbe3d0de16303,undetected
dede165a4851ca84c858f938e4104d90,smalihook
eba3e04f5eab22859cbabde844a6dc82,undetected
7f15533fa075ac33d1db9ee3cfbc9b36,SINGLETON:7f15533fa075ac33d1db9ee3cfbc9b36
4572adf88964808d5fa7f66f662ce2a1,undetected
66b3d974275a9cb9c21f324ca998377c,gappusin
8637da99d8eabeb3a6b5fd63466ec649,undetected
315c3abf507abe6c4daa1a8d43342265,gappusin
e0c4e6632d4ef4b56547348b58270b02,gappusin
742761b9bfb63018731be0385042311f,adwo
605bc5b31069a9a7d16139a6eb535a93,kuguo
985e64549922c8bc4ff9ab979a0e0284,smsreg
cf87037a8098d758d9db8438898d7f25,undetected
0592a537ab29123f52a31856b8e6872a,SINGLETON:0592a537ab29123f52a31856b8e6872a
af24575e7a9a3e372f42ca1ca3bb493e,revmob
bd55a914a009b8c06e868c91a702de36,undetected
deecbddb67edd268e11a29a57df68b46,undetected
d0a861248a14abfde884845aa76f3d1b,SINGLETON:d0a861248a14abfde884845aa76f3d1b
d9f7b3cc358c9610d9cd0e66ec3ceb57,undetected
6266fb69c36b8a6063d545e800350f5d,revmob
b62d209d0b82ec5e9cf53025c2d0bde2,kuguo
8035056b847c14c6d213c4d8e8b537b0,undetected
ee23858970ee3982bbf25105622f6838,elfan
ea1912f959a1bffe15d0a1b41ae39f93,undetected
e0779a7374eb03c5b52442223a12804c,SINGLETON:e0779a7374eb03c5b52442223a12804c
222d3cf351847228fe79073599e73879,undetected
ff1833b1c1eea4cbae2d6a16e5972d6c,airpush
dcd403737312d9a234e14a57ccec59b7,SINGLETON:dcd403737312d9a234e14a57ccec59b7
8fcd3e922dfdd1559581abee9a2106bd,undetected
47a2939193c9f3db33ea28c2a74c983c,undetected
1c5dace722eb73910e5f92d623eea7a3,undetected
9eef8dc8594d81dfc8fd44aabb5f49db,gappusin
839c37f3a2c8d31561d28f619a2a712e,adrd
7c8412d647a14ab8c4fab2501bd970cf,SINGLETON:7c8412d647a14ab8c4fab2501bd970cf
e378a061801ce062d08b59f171a2caab,undetected
8b208db904dbc29a0b3fc4849e68329e,undetected
45669328a31179181d8753d125a4609a,undetected
c7b4861015670ac5afe721457164d350,pjapps
cbb85178b28deeb770a24c0ed1605715,leadbolt
0a0e04d36299b3777813f24723145bde,undetected
567e7d63c9125c3ee8fde025420da092,undetected
024979034e6bc366bab94f236e14be93,SINGLETON:024979034e6bc366bab94f236e14be93
afd2a29e1c79f737632be9b1710b0304,pircob
0ef5155869e7bcc6e5c994e8e18a140d,youmi
41f310bcc851a623222f6567c4b5906e,undetected
02494de1c20be1896b1117dfda25a713,admogo
11dfa8d0ffa02adbb3f58a8870e19de3,SINGLETON:11dfa8d0ffa02adbb3f58a8870e19de3
4ad927bb4153d86d34bb7a40032fe635,undetected
0b24d766341e9c186b56efcdc0bb4f2a,appad
1285467aa392359df8d5df5ef5b8657a,kuguo
86b9f644cf6bc3383fac1a7fd3f0bbfc,gappusin
e99821938cff29fdebeaf5431b77f154,undetected
42fefd83b6e518ec87ef94d212a6196a,undetected
963b0dc37ee6316071db876dfde31058,gappusin
ab239e100d41adb799621eadff912ff1,undetected
c5c15afec2f5f8a45474b2d94d350b73,SINGLETON:c5c15afec2f5f8a45474b2d94d350b73
cb882e832f1ab3144309de87ca5d7e96,undetected
5fe19eb0466a98014c5186b5e68e2d3d,undetected
9e1d0f868d530cd5c6b1c77586f0e78f,SINGLETON:9e1d0f868d530cd5c6b1c77586f0e78f
a17169bb411f39c9548477acc5976478,undetected
f3c313d241cb6009128f33d7bd2acc6d,SINGLETON:f3c313d241cb6009128f33d7bd2acc6d
1eb6dd7d88f695f9bdce187d1cc5e959,SINGLETON:1eb6dd7d88f695f9bdce187d1cc5e959
6f7c2751fef543ca869e89a287843d5d,SINGLETON:6f7c2751fef543ca869e89a287843d5d
d1124ea381c92c15998acb1e0daca2c1,undetected
3e90d23b0f34e751417702b5cf42965b,kuguo
4f10ff6f4352a2738ab2a8285e11837d,SINGLETON:4f10ff6f4352a2738ab2a8285e11837d
f1e53dc77294bd16a0276c2b55780872,SINGLETON:f1e53dc77294bd16a0276c2b55780872
d541859676e3b5437d9920ea7b554f90,undetected
ee2b295f5f28db80ef55b7520c26c82d,undetected
57f04b13ea7065f40ef14ec0d4c14a0b,undetected
4aa9b1516f3e9c78336e2481ce201c4b,undetected
f00153aa52c112633f4f861cb3c23e8f,undetected
1c51b10918353bcd2de603add59714a5,appad
8037b6cd23ea8d78acef0b3c16c98a27,SINGLETON:8037b6cd23ea8d78acef0b3c16c98a27
43f1c86de2495ee03378ba0abaf79b01,kuguo
0d456a841feade1b8a642e7362ffddfe,undetected
828844d98faba2fde1eee5ea698bd9ab,undetected
fbaae29f02d01903479aa4948225255a,undetected
51cad118b1498866f36a1501c70dac1d,gappusin
87c19343b5f0fedd1326f1d1c1b92948,undetected
d9fa8d50c5051748bb85343861263c53,revmob
cbef29e2b65bae162c788723b032deda,gappusin
285c7975131ec4dd8cb7b0676b75490c,SINGLETON:285c7975131ec4dd8cb7b0676b75490c
86cb41ba38b5f4f0c445b781a5f86ee5,SINGLETON:86cb41ba38b5f4f0c445b781a5f86ee5
cd6ecc7e8dca97f67b288691dbfe344b,undetected
3a02cfeda4a33f3b61b7ae86fc7e89a7,revmob
eb7f95930fea2b3c57f8f93fa0ce514c,kuguo
e8c4d8d36a49cc9275dd23a59db23b3a,undetected
840961a0ca38dc7ae9a2de14b6bffc88,undetected
d53d65f9cc228a3a1220e9a251346b68,undetected
0ccdee1d58ebd9db21f420f50a5c0003,undetected
366d58b1aa1368b3961ac7f2418ce247,SINGLETON:366d58b1aa1368b3961ac7f2418ce247
20d1ffb608aac75ba54e4b0adcf96e91,revmob
224b52a6531cb6feb099d92a7ce51741,gappusin
c873fc24aabf5d16eb3c6176aa44808f,gappusin
018047db5500e38e15bb7ac2917a0c9f,kuguo
9ef27bc6255beef5bce8dad42d943f68,gappusin
8770b8693cd751a52ff9fdb476d2035e,undetected
439410f12dd9d4b608e9bdb78289280f,undetected
27fce9e18c7203115f4054c66ea80e54,undetected
08bca94aa0911441adc1f60742e31350,revmob
a3a37d7f88ed9c098f3ba9b96791f5bd,undetected
dcb4f028f8e83db85e45e565a0902dd8,dowgin
345abc4925d5f404b3527a14cb5c24c5,gappusin
f8fca1f0e2ebd7882a79306bb6c7ef27,undetected
99c2205cd3f20f400fa180edb8f89ed1,SINGLETON:99c2205cd3f20f400fa180edb8f89ed1
a88cc3edb638a965a4c0a3e1d6f84c2d,SINGLETON:a88cc3edb638a965a4c0a3e1d6f84c2d
1f1bcfc4c6a439bfa1938024bacffd5d,undetected
dea4bbf1332fb8ef62d55d2abce3c217,undetected
7db869912146d183c33a209371a60c44,gappusin
5726a1fde011ed86a2d65ee12da177e4,gappusin
3cfa617d4018350e54b7b38e8c99b8cd,cauly
fba604c54aee68a4638d1b9633184b94,undetected
aa5ead92e2d85339c61ace2f17117f6b,undetected
2f1450522705d226c0d170510a6fd22a,undetected
c295bb2050060687907ffb808440001e,SINGLETON:c295bb2050060687907ffb808440001e
44e4e6b89b66c8fadfedcac13f4fdbed,youmi
b752907965525f79456e2b57307c5705,gappusin
6eee9cc6c3c5fd1ddf263d74228505bb,gappusin
dc0bbed19847c7f75385840daeea6bb2,undetected
126d247da09073362b7aa6f7bce4025c,gappusin
d03b45cfa10b4d05518a98bb4c7c7502,gappusin
dfa24575aaad31cba09256f6fcc2828f,undetected
29cfbcb82d26d547b48e28025a410f09,gappusin
8ac93cd2b62a950d4c43cebe2df610df,undetected
6500fac20a3e43967b8fd6ec2939b8a9,gappusin
116c7bc366e2d35d62b6b11d3dde8268,undetected
c41925669807eefb3cafcb4e9e839e90,SINGLETON:c41925669807eefb3cafcb4e9e839e90
dec960ae6572e3ad38839a7cc54939ce,ganlet
f3023510139f910cab56d24e107d4a41,undetected
f8886dd8017110dfdd5d29e44f498961,revmob
4456a7a92b713acc5cbbb0371e0eec61,SINGLETON:4456a7a92b713acc5cbbb0371e0eec61
4c2dd136b76b74cb04f7c75fcdb7317f,undetected
dcd3068a7785e9f8f6b8fa7aceaf05e4,gappusin
873d105d8a04feb5687f91958b6d1975,undetected
3c26fdac52f647a36c993b457f5d8b0c,adwo
c945f2974da2b217a4c6b808f17a0659,undetected
a619f55b310f95ebddea4aadea6bf44f,SINGLETON:a619f55b310f95ebddea4aadea6bf44f
085f6360dd81ab405c5cdd882f5bc636,leadbolt
0a3515c85c94f12419b432a825d5ca5a,dowgin
7846d9b86adaa7b11a8023d7da650e88,gappusin
8e4553a8fb44ca6dd7aa929899983efd,gappusin
92eeb252f41600d67dd107d6f81407cd,leadbolt
6de896c1aee3727ba32cc9d037a8fbee,undetected
ce617bf201ef4f3a167d9201fc1fb8d3,SINGLETON:ce617bf201ef4f3a167d9201fc1fb8d3
3e9581238cffd34a6a9ed711e1bff7bd,undetected
8ca5c254345b5142e0a859dcabe705f7,undetected
b1219bd79e51683e7107ab0e3c5aaa5f,gappusin
7242f7fb1d997f8515c3259be966e255,dowgin
6cdea7d735423a53c8ddb25f2b364c88,gappusin
b06a98a8f1ae260a30d4c25c4d78f87e,undetected
7020c19987a2cca73659064582c900ac,undetected
67a201d99264d125ef9b39de49744c59,fakeangry
b4fb1b3c35b76adfa3cd22f9f51ef81f,gappusin
68c7062debb737cd98f4b51d0122c88b,undetected
44d9f5dfbef6bd0cd88f756652ced251,gappusin
0f5e0beeb6dc522c47b0d039917f041e,undetected
f377efd7f54977bc6318267728ec3e74,SINGLETON:f377efd7f54977bc6318267728ec3e74
03619c6914dec267beec05a4153fef97,undetected
7c030c3279996001448a1c08a22c858e,gappusin
1d90be6ca020c799dba7efb098eccd7f,gappusin
f9730ed0aeacd6105663795d51b642dc,SINGLETON:f9730ed0aeacd6105663795d51b642dc
d1d1b232066bf59ffb3d59e2c05f06cc,SINGLETON:d1d1b232066bf59ffb3d59e2c05f06cc
96eb90e310b953826af33e4b362ca77b,undetected
9cfe6db6aa55cc34a345f30cb66a820f,dowgin
e3c1e2cdb9fbcb577eb1c3ef5c9703c6,basebridge
0c4340f2206f8b344da571aaa5cf63b8,undetected
ad0421dd4f647645a7db912129f0ec62,undetected
55b483a03b2d8f94aa72d011604e624e,SINGLETON:55b483a03b2d8f94aa72d011604e624e
1ce56c6ac455694a9f280eff83c90a27,undetected
2e76a0113513bc1677613546d0789a59,SINGLETON:2e76a0113513bc1677613546d0789a59
902c768f2a9feeb699a9613ba09b13d7,gappusin
44a932085c155b997a2e3631dd142d94,undetected
150ab3366ae0deede438ee05c144324c,adwo
42826ff55a8e014e94df54b988a5a4bd,undetected
7535dd93fcd3f4301d156523a1e30b15,undetected
03372fedf157ef422d9ed3b72faf647b,undetected
f867d8800c087c45f1d2a0eefaa1f6d4,SINGLETON:f867d8800c087c45f1d2a0eefaa1f6d4
1da81f551892b741cbd9f846133d7ced,undetected
4b09cd868378964d362088747f25babf,smalihook
8c11e7d3076b013d95479a9b1701d28d,SINGLETON:8c11e7d3076b013d95479a9b1701d28d
cd5b3f2ef01c82de4a0f98d320a921f3,SINGLETON:cd5b3f2ef01c82de4a0f98d320a921f3
f40b362ca29d4b586f3a489a31e9f350,SINGLETON:f40b362ca29d4b586f3a489a31e9f350
e29205e4fa0006e8d11617a88efed462,undetected
ef6392e9005621a88dedcc325f56047f,undetected
b81fdd323a05f1a4a0bea6962f1d7573,undetected
7476e96e8ca04c031cd08a1b9e586e18,undetected
8bab3f95f7a02470d6a370a1dff03e15,undetected
10ae9260f517360d3eb6b5c234613386,gappusin
47dd420323b292fb4505c57bef8b0aea,gappusin
ba0b399fd69f25273ddedcc3f6bbda8a,undetected
24a24ee17736072e2e73c8483d6d3b1c,dowgin
fd6367bbe259b39a28af44c22e5af84e,SINGLETON:fd6367bbe259b39a28af44c22e5af84e
fc880478cd5f1677b761a131b41b5107,douwan
6775219f09baea13671d61c91eba1b51,gappusin
0cb0c5c212f84bebae92fc3458ee3fa0,dnotua
9844ff4975a2e930bc0cdbf248747de2,undetected
9053c2e5c83424f4a378a8c844019974,undetected
0660a0ab1af72b252c4d1f16c5f1862e,undetected
e27cfc6f6cbf4fa4424ecb0ce573ad72,smsreg
1f5b34f5b45d05cea552b95cad13092a,dnotua
63794b3b8737f642109423ec3c8d0834,dowgin
9b3dc2b64cfdfef34b8e3351392996b4,undetected
b8ad2f05a4d180ebb1c5b962488902e2,SINGLETON:b8ad2f05a4d180ebb1c5b962488902e2
119eec517d871ce426b94f1b6ea83ae2,undetected
412521103d85a0c9ac30d077189a8231,undetected
541d4c002f2b96c303a6979cb16f0c40,SINGLETON:541d4c002f2b96c303a6979cb16f0c40
8ca80e1f16482aea6751d56e73104da9,SINGLETON:8ca80e1f16482aea6751d56e73104da9
d507da6f61dd16e87f41906cdc32c737,gappusin
7534c15da8e9695cdaff704025ea31f3,undetected
3a9584927302b75ee543dbb776a40bf7,undetected
a2cc2b6cecce85a848762e331c3d90a9,dowgin
b1449c3374b5a221fa5183c8babe1c9e,SINGLETON:b1449c3374b5a221fa5183c8babe1c9e
3ece2543166baf55699d5e24b034128b,gappusin
0fd38ee5f0ef05313f874d35adf21ff5,shixot
5893012a106edf8215c574252537c7e0,undetected
1d8828f36c05112027e42c4f51b4db51,gappusin
f5c655cea7bc315d1d3038a5d2d79ba0,undetected
666d29e1c317cec45c2e541827b8a8d6,undetected
b0cfd42e3825a5bbbf18608099e83ee9,undetected
a88e1c1923e051bd5291091434f1bbd8,undetected
6cc873ccfecea5585edf0ed744c3e223,SINGLETON:6cc873ccfecea5585edf0ed744c3e223
5aa5f37651d592b695ddd9d6cb4797b1,revmob
dffd3f4bebe45b36d3926ec82200077d,SINGLETON:dffd3f4bebe45b36d3926ec82200077d
18b727d6d37db83cedd819716ec69fb8,appflood
342d4e90df2800513fe8aeab302ca6db,undetected
4b1dca57962a062bcce8a88321303c20,SINGLETON:4b1dca57962a062bcce8a88321303c20
0d26817258310eff7aedf51dfd0ca44f,SINGLETON:0d26817258310eff7aedf51dfd0ca44f
0ecf8c482af0d5eb5c51ba75576666ec,domob
b035af2eaae929be5b3c4ec7ba2e4e73,gappusin
e78c8b9807b47a08beae6360bc9d309f,gappusin
71a448d282cbfe1eec871339f03f0d37,undetected
3c2ae43d1402597c8fa39c14e1734719,smalihook
a098fa0f11631f199d0e96054342c295,undetected
bdac21a0b58bd4e14ba889cc4a127ae8,SINGLETON:bdac21a0b58bd4e14ba889cc4a127ae8
e12a645c0559a15845992b70dc6c3da9,SINGLETON:e12a645c0559a15845992b70dc6c3da9
ff5a345596620b804a3271698625510b,undetected
b3a48852ad45ee2068d4e4fd3d742edb,SINGLETON:b3a48852ad45ee2068d4e4fd3d742edb
76c5d97bfc060101a45562505ff1faa3,undetected
936fcb712183d9ac292738d4ad1a52af,gappusin
aa6a268526a2d749e8d10840aa7eb1aa,undetected
896d56463873fa2086d06b96b367d58a,SINGLETON:896d56463873fa2086d06b96b367d58a
0a5b41a5db27fa9a3b0cc3293dfaf07f,undetected
a9237feee4b77b826c3317b4800f7863,undetected
be03f5d0fd30ec33ea54bec890ddca6d,undetected
bd26e40a0c258b0250d7ab254ab84720,SINGLETON:bd26e40a0c258b0250d7ab254ab84720
55de996e387d3e07318d1f78439c5915,SINGLETON:55de996e387d3e07318d1f78439c5915
0bf39fb4ce7e40c4fdc09671157b60f7,domob
847a7bf5ac3da9ed6b6bba4e38b155c2,undetected
8cec1e8a95678f49577d43f8a717fab8,kuguo
7489621d97b3a52ba15660eaec83cfb8,SINGLETON:7489621d97b3a52ba15660eaec83cfb8
f688d17edc0040dcf2d19e44d228143b,undetected
210d891ddf961d06b0ca7b6a772c2dc7,SINGLETON:210d891ddf961d06b0ca7b6a772c2dc7
9fb9a5ceae5816695655f6b2f90d767c,undetected
58a1ebbc7d0a8208b6dd1293dd7dd89d,undetected
4ed3258d3ed71304c861c5c162d82eb3,revmob
97f81eeb7eea56c8ee4ee26778c48103,gappusin
cded84f9b65334f03ae56aa97f0f5e6c,undetected
df550678cc310c91265332fbfdd19eff,airpush
02979241b7f252719261dd693c5207fd,undetected
1cfa660a6b6c86d6f7dfa16386ee5563,SINGLETON:1cfa660a6b6c86d6f7dfa16386ee5563
ba87ad2ef992fd1c1c4b20082496cc30,undetected
8a77981ea9a18da23a9bdd209f8629e1,undetected
d732da6bc792014bad6133d77019d6bf,gappusin
6bd9f394b9fa3660a88cf703e8dc6dbe,undetected
ab6c0708c4a55331a82780b0ffb8e11b,SINGLETON:ab6c0708c4a55331a82780b0ffb8e11b
b075d8fc4ad508b547fa8f377c5e14d2,undetected
a127a7f584b1136531136739829a5847,undetected
b38e478201926a570e7a7f89397da6f4,SINGLETON:b38e478201926a570e7a7f89397da6f4
87db24e74a09da0926106ddb2ce92871,undetected
0a95b644b3bedb6e530391a8575ec65e,gappusin
40f3ae5e40263050309dac3d8bf89547,SINGLETON:40f3ae5e40263050309dac3d8bf89547
b62733b3eba2453c0977996896bcb1e8,usatek
f5c2194b126ce220e4f6ea26fcce9356,airpush
ebf4330989432956ce67458289c50d6d,SINGLETON:ebf4330989432956ce67458289c50d6d
29d64d4850582c00f9a1b3b64dcd559a,undetected
0457719b617d2de308857efb2ec14db4,undetected
63960dbc3c70800a5eaec21c0d4ac7b8,SINGLETON:63960dbc3c70800a5eaec21c0d4ac7b8
939ca4c5802ea9ca6ee5cb4bfeb97ae4,undetected
4220d87da0b98ee325e27d7de8d74a43,gappusin
c5d060d8a681b37003dd7e190e1e8465,undetected
f1e6c99388b6e2ae7f24d6313f7a02da,undetected
630592e75e75a9ffdabe8c50d2b78ee5,undetected
4a900ab4c4604883e595559ecadd2144,SINGLETON:4a900ab4c4604883e595559ecadd2144
33f0b4a8a58d9ce698c02080172db5f8,undetected
17a8bbd5feea9fccdc80382763e6e574,undetected
40a4d36649d935e23031d6d920fccb42,undetected
dfda75c32f918ce8cde1cb2059f10fb3,SINGLETON:dfda75c32f918ce8cde1cb2059f10fb3
8d4238c9d404218ef1dd3f5531b3bd52,undetected
7ac8f679ad66f68761df115ea6be44ee,undetected
0b1b3f77e18f79d2c9629d033c05ea37,undetected
82074afb7b8ce3d54179d6a43b922481,SINGLETON:82074afb7b8ce3d54179d6a43b922481
6e2cec5e96561a33ca2ff40049743092,gappusin
9dba9cb39d3bade923d65e0461f5b2f2,undetected
00c4d100a41b5025826e2496247d1f92,gappusin
5c5ef923671e0cc8bbf695f32ca8c71d,SINGLETON:5c5ef923671e0cc8bbf695f32ca8c71d
7550e5a3b002b5026a2ae1adad86c387,leadbolt
4e24e66d06e565491e2663772f7e92a1,undetected
96633ec2c0bf2e32dc391046a2e0c80c,SINGLETON:96633ec2c0bf2e32dc391046a2e0c80c
18a4a2f8446cfc502ccfbad1b394a45a,SINGLETON:18a4a2f8446cfc502ccfbad1b394a45a
fbfb860a9ad4af8a4dd4be9e6ee90bb0,domob
79b74be05d6ae34787f42c3b21ed21ca,undetected
22b87ac10cd5a0ca7c2d2a529018af41,kuguo
c2b187ff95cf271c06dda3b188092185,undetected
596e626e11b5a119bbcbb6ff3ecf9490,dowgin
e8079e8fe875311cd38a7f139e935151,SINGLETON:e8079e8fe875311cd38a7f139e935151
1123a4f9e3321167092726f9d77ef157,SINGLETON:1123a4f9e3321167092726f9d77ef157
13c91086c9d4f2b5b503e596538c7a56,undetected
c7af85175615566e6eedca493f69d231,undetected
b512e25479b5c6343af250b7070408c9,undetected
e2680cf874691d5524309e3738cb620e,SINGLETON:e2680cf874691d5524309e3738cb620e
5f451bb0e348548f8c888fc8e6f0abd2,undetected
ea979315696f9b6694ee5aba995bed0b,undetected
f62d7e4c45b403fd3d1e856e453a8406,smsreg
07d2a7dc2872a12c16b7c0fd3db72e81,undetected
444b22ce03de1bf85f1b33e78448c71a,dowgin
ebd50bc228054498a49840d4ef4434f5,kuguo
ce79a9c40301b7bd80c91058714e1a75,undetected
e04be5aab94eb14fba3155c0302a776f,gappusin
4720c91c0f450220da6fb0fa5905c280,-	undetected
e0c40ae03b7d673c0f045e73f2e3a87d,SINGLETON:e0c40ae03b7d673c0f045e73f2e3a87d
5d2ef2b855c227a942a89e18469a2132,undetected
cd865e82fc24fc4362614bbab156591b,undetected
bb0533915b720ec28f227f232280f090,undetected
68ab5034a60ad4a6ed796beba73859e5,undetected
5653398f9f74ad5347d287541a1ef6c1,undetected
464b39a606bedac2a4db0d1d435ab5f5,gappusin
b8b3cbabea436eaa4dae070455162ab2,undetected
b6565decb267ac4d528d3d27661d43ce,revmob
62a9b020fde8a619a840a54258c2fbc5,SINGLETON:62a9b020fde8a619a840a54258c2fbc5
e3072273f0cf59be984ada6cbd7edde6,undetected
73133aed1f818935932bbdec2f58f843,undetected
9258e0177460b215deed5486521e9df7,undetected
e905a33d46793da280ed6f8738950e82,SINGLETON:e905a33d46793da280ed6f8738950e82
e96d7ef6936b55e2bba959d2ee2a6bb2,viser
fc5dc4994ed1ff5c3c4770e3e9e51239,SINGLETON:fc5dc4994ed1ff5c3c4770e3e9e51239
7a58f7f6a824f7fd19d24be58db161ad,SINGLETON:7a58f7f6a824f7fd19d24be58db161ad
36576d532c1d73c41174d0e433c52b11,undetected
1cd095dd8b746421c8afad6c13117052,SINGLETON:1cd095dd8b746421c8afad6c13117052
856a1b65b4245b81eb13b4d946c1e96c,gappusin
d01cfcfeb25e59a2ae029b80a42800ea,undetected
20681b36787a2b97e153adfc70f13ed9,undetected
c2469f8af1fdc630c76aab4cb3e2c683,gappusin
d8ddba61ef90997b38695d0f7739be65,undetected
5499498a3f2279fe642264b3c8330d12,undetected
37904387945aa6b3f5d3e6a1e2343b48,undetected
69c96b2ba58da1027ba83d7aba0974d6,undetected
65a38ef5e4b5f09f692817b77933f656,SINGLETON:65a38ef5e4b5f09f692817b77933f656
39d4f1b3d991f46e9b8aa83b684ccc5f,undetected
ed4834d4cc9877d860a2c5ff1e376d5e,SINGLETON:ed4834d4cc9877d860a2c5ff1e376d5e
de24cfb74c99648bd8c7735e02ac8eac,SINGLETON:de24cfb74c99648bd8c7735e02ac8eac
43ce9615ed9876a0e4dc0ad70d2556de,gappusin
4a4df661c1d89fb73089582f95fda59a,kyview
11260e1610fa1a3e5898f448cd0d5b03,gappusin
efddf7331e087ebe09f3cf9c85942e1b,undetected
7c0d211ab65a0fafd88e25bfbc88edaa,gappusin
8304a0474b88d3d3eb0b4b236d5345ba,gappusin
5dfa1af2f6fb0f9cc89be4f5eb5dda5c,adwo
44cbd7f2829f7720830103958d06d7eb,gappusin
de0bc0ee0fe68b91e824650aa530bb04,SINGLETON:de0bc0ee0fe68b91e824650aa530bb04
e2be35d765b13215faadd0007346f27b,undetected
5512363a650026d2b0dbe00f0e3acbac,undetected
ce7eb063f72fe078c1b7c5161590d7f9,revmob
322486235c4533df93f600f407f6860d,undetected
ab8b37d247a9ded4303bd6c41824718d,undetected
08b4d1182d72d944671d51dcd3c449bb,undetected
2a3a01f9ef6c9d1b27341d6633bf6b2b,undetected
8ae975ba95f5b7310d98f9557ed93519,undetected
55044e64d26b234ed0b44ce70963d0d5,antilvl
563f687456380da8b28fa9bdf718c245,SINGLETON:563f687456380da8b28fa9bdf718c245
c7ab9ad4b53cd624af28c993916ad8ae,gappusin
0f9268b815d4b01af18f0c9f99697ef0,undetected
00457bb51e7b86303f0406c7768a46cb,undetected
cce2209010c111be95f41574017625b9,SINGLETON:cce2209010c111be95f41574017625b9
1b0f6c3533c75e113a7c64358f7fbf7e,dowgin
c62cdfb20a9012c6fae415926c06508c,undetected
06a0108eb0484a86da739c8a7f6643e7,undetected
c7565526b4528b14845eab21aab53ba2,domob
ef99bc914fe7056add11c1f8b0b118d5,kuguo
65f834e548a8778865439ec649c7977f,commplat
01c6cbe033fc9e5c773934a04ee356bf,SINGLETON:01c6cbe033fc9e5c773934a04ee356bf
8da16587b78a948f822bbbc581f2cbff,SINGLETON:8da16587b78a948f822bbbc581f2cbff
a8125bc84ad335150e69f6682e8634e0,basebridge
748c0d2e2eb6d5772ccf0ddb76eb0802,undetected
41c14289a6ac2d324db57f86a8ad20d9,SINGLETON:41c14289a6ac2d324db57f86a8ad20d9
9b7263a18f86d00ef4e32e89acc18a46,undetected
12fc8157d3fe76d697fae3075f302f2a,SINGLETON:12fc8157d3fe76d697fae3075f302f2a
79fb35ec9d078af4ef500eef875ae81b,gappusin
0bf8735194c5c339bf330957f0cbabed,undetected
5bdd78bfee2419d76b2a6fb0e8a6ce7a,SINGLETON:5bdd78bfee2419d76b2a6fb0e8a6ce7a
313d5a2ca635467b892d94f09b3df19e,undetected
d5c1700c1914f7a095378aa2dbd5fee3,undetected
8142161f6587695d95b2426364998e5e,gappusin
bac3409791728da974bd2d1d18267a50,gappusin
6cf5bea7dc6fbbf14dc97ca5e1293627,kuguo
076ea9c6d4c4e5a7402a660196e145a9,SINGLETON:076ea9c6d4c4e5a7402a660196e145a9
6d92f7d1c5d8a281df8ef3c58347c3cd,undetected
efe95f6949944066bb68262431ea6fcc,gappusin
01252d6e7fb2787e681ef56177762e2a,inmobi
e34ce0dd1155b7aa28d1f1e1f4e9ed9e,dowgin
79afb4338f08c6e6759545b14bfab68e,undetected
35db1e7d0c6c596b9aa79caec1cc48c5,undetected
35be014aa83b29ab38af3e88996628aa,undetected
c22f96a5941ee99fa665ef98fbd8c524,undetected
1fa1f16bc92ccbee59e37968244cf3c5,SINGLETON:1fa1f16bc92ccbee59e37968244cf3c5
a8a01442389bc398ece33afcfc57845b,undetected
597c5a9d1f818eaccd4d8fe0c2a80c58,undetected
34422e54f1752ead4f1e50309d3e4dfa,SINGLETON:34422e54f1752ead4f1e50309d3e4dfa
a82354778a0d45b23a7017f9c69fd064,undetected
3da0d533803739c376d5fea3ddec6e3b,undetected
69a4f3e47d5abcd37095347118de880d,kuguo
78962dc9c090a1bc491e7122fc730726,undetected
b2decb58fbc88597e6350d02a79d6d3c,gappusin
55a5321e9fcfc38f9afa4cd29c7a3857,SINGLETON:55a5321e9fcfc38f9afa4cd29c7a3857
3ae49802455c8650c0b5b9672d136932,SINGLETON:3ae49802455c8650c0b5b9672d136932
81b3fcb337098fd9b3714189773c6962,gappusin
68eb43908490c33695fbf429d0ccaa57,SINGLETON:68eb43908490c33695fbf429d0ccaa57
65c7904b0b8b4574a6e0d73a55e09adf,undetected
472d4381416197d7d6ab1c314e2ac395,youmi
beb9f4b465e1580c333fcb2269c0192d,undetected
628b134adf1a63e4698a772e422dc51f,gappusin
d0cc22e251090efb80dc5760d1ad8d40,undetected
f467def5f2c9dd48d4beb4865382b395,undetected
9a72576a56b28158bba396d2579a48ff,droidkungfu
db244bbb3d82eb09a7a49e888091b96f,kuguo
5172f8d36a96c3c854cf87b540f19a8c,SINGLETON:5172f8d36a96c3c854cf87b540f19a8c
97bd2066a6653b2264415d2d02b8701a,SINGLETON:97bd2066a6653b2264415d2d02b8701a
3a5e1167954de4880f912369f040fb23,gappusin
5131a1b2b505862aed2f0a9b1ab1ac25,dowgin
6d9cdb247c9262fe2c16b47a57a98395,revmob
4234667dd8f715f9e06a82947b243861,undetected
00e94ba358f21aab6034174268a93572,SINGLETON:00e94ba358f21aab6034174268a93572
43a9a5047512312ac0dd94f1ca6a224b,undetected
6253ca394da9bc725be13c110e995a4d,undetected
9f3a8141bac98b5d8ee429a8aacb34dd,gappusin
52086db92e122d61fa3edc651600c861,gappusin
46f3d80586f36bc6e7bea5cf701730b0,SINGLETON:46f3d80586f36bc6e7bea5cf701730b0
44540baf9a336a11581cf7ee6e422dfb,undetected
c36c0890d9c029f7eb4d9526fbf015ba,undetected
970f825131e8f58a022dd6a637864c67,undetected
bcc0ae0c6aac57751b3aa2fbc37e7fd6,undetected
2d6d71962c1f969e27fe165eeab07d73,gappusin
cb9c954983d631c65920b967ce5bed54,gappusin
2ce4ef6e06c496a9adace07297fa967a,undetected
cbba5cc2113ee68da8c55257e33075c0,SINGLETON:cbba5cc2113ee68da8c55257e33075c0
76291cc25aa254d3aadc0c7bd88dd3d4,gappusin
137cfda471a74e39b1b3273e2f097ea5,gappusin
121dea554ef5ef4d8e339e1670677dcb,revmob
0a7d803b39b5d2675850d6b6462eb8f8,gappusin
ca3896d731db02acfe56b0a6815836c4,undetected
ac250361c10cefaa3c3d9a700139c4d2,gappusin
2f5e8158012648b8c351224cc72c75db,revmob
f338aa881054a9c5333a62c25b08fe60,undetected
a99077ca03b685e0a1ad9d19cca3db8a,SINGLETON:a99077ca03b685e0a1ad9d19cca3db8a
2ada2216d0f92fd513b70ff06ac9225e,SINGLETON:2ada2216d0f92fd513b70ff06ac9225e
65b80cd14530e0559dd0c4d799f0b78d,youmi
9dabf87c98bc9520fe6ccee3a6f22994,revmob
3eec9ee60ae2b7c351d4af4d32d29bff,undetected
f1b5067f907f4c409939144a0750e822,undetected
1d965a6436657c9eb3b12783752de8ef,SINGLETON:1d965a6436657c9eb3b12783752de8ef
3e19f9bcda3716d7a4b8c44dae1cda3f,gappusin
b14defba5de139071e2ae0019a5566b0,SINGLETON:b14defba5de139071e2ae0019a5566b0
6d9accb20248468fd6070919f476ead7,dowgin
263499dc0c121f545323aeb78c2f56d0,SINGLETON:263499dc0c121f545323aeb78c2f56d0
fc6b6846b5600ce03e68aa0475dd12c8,gappusin
4fd3c69970cdddc734533541f9d066ca,SINGLETON:4fd3c69970cdddc734533541f9d066ca
91492a767426589c4e53fd2f7b01ff4b,undetected
406a0c6a468be7236be8d1c17b1850eb,plankton
4f4c6b966b68e3829d252aee3b556966,gappusin
ef29c2e880b9df98cf42b10292850385,boogr
31556c94122d1b5e6c2ddfbca7da036f,undetected
1d23e812611cfbd4b88b9ca671dc3495,youmi
c6d1af3947470e9f01e0b8d65b6a1506,undetected
5cf4b193619baa8a22cf7fdd3c1f6359,callflakes
a34d3c808173ef9dacc2dfb7d5d2aeda,undetected
6495d2c6ff99324f90781e7f7ffb8614,SINGLETON:6495d2c6ff99324f90781e7f7ffb8614
a6d2756b15ac32fee788f82cdd565c89,undetected
2bec8c43e780409feb180692b9573892,dowgin
424ce56a5c8149deb14ceadf2aa3c7c2,undetected
5d0a2c8791684ef3d9074871cc1f6dfd,undetected
27e454aae433770e7679ce52b523de9e,revmob
1bb743501557b31aafc0fec91246ac72,undetected
cdc34fc9d892440c4db06c063b9124a1,undetected
c5a4430321fe25fcdd5912f1aa589f63,gappusin
1c324d7986e9eb40e6fe56d3710fc102,undetected
2c6cc442f38a2768bc9bdb888ec524d9,undetected
8d72b39d265e2244cb1ae7293f8ed05c,SINGLETON:8d72b39d265e2244cb1ae7293f8ed05c
7e230550d450333e086296c3671b66ad,undetected
f0c0e4e9707320cd547df36d1604d4c3,undetected
04fa66f1ec5d572e5eed432aee72babd,gappusin
56372eb4ae30e19528a20353e45663eb,undetected
b4b1267733ded47ff796ad97db031419,SINGLETON:b4b1267733ded47ff796ad97db031419
f25d01d69cab6c5e85008f21b6740220,undetected
f9ddfdff93355217de2e37ea048041f1,undetected
54dc6b63089bf15697f0d240d5b124d3,SINGLETON:54dc6b63089bf15697f0d240d5b124d3
c9cd0cf0bd837177b12dfd94160bbc3a,undetected
452acbe51b9ff948527d38fda66bf540,youmi
562260b2bb9f4d68afd97e264b566804,undetected
231d59718338f78f97861857a0b90e83,gappusin
e361191a9608f20c5489a51e86acf7a3,tocrenu
4f6322e8049714d15ace071f4ca7f919,undetected
3a292441c8869ecfd5c336875439f9a4,kuguo
9dfdb39a1a19cabb38429aa6c81356d4,SINGLETON:9dfdb39a1a19cabb38429aa6c81356d4
6058b7ce98828c466021befa367fc6a2,undetected
e04cf0f559023f0613d19d5c2a747804,undetected
57da301fc714b1f44ce80bba2007ab87,undetected
71f4019fa275a2f0f0301c5a7ac6de2c,wooboo
ca74f1df8c144ef1c194ed0629876c01,dnotua
c7f5c0479e31c5198de6a93431a52377,undetected
123009cf472e67509883139bf78e500a,dowgin
de8da731953c2d90a74dd334a6fbd2b2,undetected
983907f5e67d01b460c51c3d5a601a88,cnzz
a7fab7fe1e52880fb1d085f6ab737e81,undetected
f3dc73b8e29d5aa51fd3b9ab648fe0ba,undetected
c4dc01d51d50d145e3ee9d49bc55cee0,undetected
1b8718f4502ffe0343da1f8a47307dfb,gappusin
692f5e896ec0a084e37df21008deea17,SINGLETON:692f5e896ec0a084e37df21008deea17
75ed051aa07f94e10e27ad6022490e11,kuguo
3764bc88c950915ebb062abf97c00c5c,smsreg
c04c716e8b81791d8f2a9975209748f2,ramnit
90220d261f9d11d50044c41de7cc9b01,wooboo
c91de63ff7d2cb599b5a78107e72b42b,gappusin
3e5927b328001ddfa6f9e235072a10fa,undetected
3e351dc48462271f016d127e5ce0a101,SINGLETON:3e351dc48462271f016d127e5ce0a101
68d5d83c0b792502fe834b5f3800c3c3,revmob
0029234dd78dde02063f207367f02b11,SINGLETON:0029234dd78dde02063f207367f02b11
229c72114e0e325021e99c6fa6188a17,gappusin
07c63b31154cf600116094df1f8c1382,undetected
5421b1227c8208138c02f3142121d41c,gappusin
87ee00c8e0ba824c99861cb7cb16bee6,gappusin
c2c44aab01759633827d22249ed15065,gappusin
037198047c91bd8c7e513505fdba6bfa,SINGLETON:037198047c91bd8c7e513505fdba6bfa
222fa8192225fbae43a024726ace12c3,kuguo
1fac653c58748d53ec36d1630925e6dc,undetected
e89664ab5fdf54d6a17bd989a09fae9a,undetected
592c62f814e1e0b101a7e65f645a5894,undetected
60e771792937caa82443e6c3cc6fb82b,SINGLETON:60e771792937caa82443e6c3cc6fb82b
d82ca2aac4b29480860577065c76e52c,gappusin
63fb9071bd462ed2b1523ffd9bf1a846,gappusin
9460aecaf07c389adf404b2460ef2269,undetected
ba0ec1b297bd7354194c01efd828dca4,undetected
43b0282fa05c37b8ee75d07ab08cad78,revmob
94e27f6e6e527e69c5d5198e30fcb7a4,undetected
79cb53a1ab3b6617e3e6d43bbf79b746,undetected
48cc9021de78968f1ae4ff76af233264,undetected
f62afcfd2378fb71cb5d4bfbfcd88d48,gappusin
bf85c4d08d614db7b63ba3a8d898c520,SINGLETON:bf85c4d08d614db7b63ba3a8d898c520
91b002966ea7ead4506496b7ece8d441,undetected
d014ccd2c209f8164aad9622d3ccb20d,SINGLETON:d014ccd2c209f8164aad9622d3ccb20d
6ee93c4a359eae2df1a9449241175f8d,appad
f8a96f2485a9fa8e1c053bbee4459fcc,undetected
d5a30f6bbcd4ef3e676eccf61c98e2e4,kuguo
dd9d3f3e4bb87677539583d4cecb5e39,undetected
3a498da00bcab9129b689d8174c4b38a,undetected
81d44600bd2f3a714dadb079ca9c2627,SINGLETON:81d44600bd2f3a714dadb079ca9c2627
fc4af4c169a93985d78fff63eddb18b6,undetected
3540c26ca55ece7888fb0f28e2913fe5,undetected
5395a7d8009dc106105ee131b9247bec,gappusin
71b42b2f1e855752af9a3a1b9aadc9f4,SINGLETON:71b42b2f1e855752af9a3a1b9aadc9f4
0f773e79658da95c5867f30907a9614e,revmob
09fc9b474d86315e12bbef631d96858f,undetected
7c2240debef587eeb8aace5f60c2dd5a,ganlet
31ced61c3bfc370338d0b6f202efe883,undetected
0ad533037a3b25400f2ecce0b3c85441,undetected
2d05a0d359b1c06aef01bdd56ee26074,SINGLETON:2d05a0d359b1c06aef01bdd56ee26074
e2f68c1ecf2785d661bc424af05c05e8,kuguo
e1fa6dd09483d216bd79acf854c22b06,youmi
7f962c89ea645454eba68071c967a587,gappusin
065fa0533be92670e8d819112d23535b,undetected
da6a567117588922bb8acb825e73649d,SINGLETON:da6a567117588922bb8acb825e73649d
e8576d3c969037c55350b74aaf2b683d,undetected
11b909f5fd6d89a2b6c89b993ce8bcf0,gappusin
b295e6809d319aee9727875065148c8d,torjok
bd64015f45b6b5eeb19fb39d6407155f,SINGLETON:bd64015f45b6b5eeb19fb39d6407155f
17a9e03f9c70652da8799acc31dcbd55,gappusin
31986d9e27dc4a6862f98e6b048f384b,undetected
16bdc80e4efe8159e8f2d39a62ffd61d,SINGLETON:16bdc80e4efe8159e8f2d39a62ffd61d
2f30d8195d56825a613906671f14a051,undetected
f4350e2fc1ffa47c70b1c2d09e02677c,gappusin
837ac2d3ecea074c0fd1005c6fbe01b3,gappusin
52d1f4e732e41052827f1b3fc8123310,undetected
3338ef091ac0e159c1502ee6cf128f3d,adwo
88570eb47e774ceca7c732932ce3c544,undetected
1bdc17f618b091675f2dbaa5dae4fe45,undetected
50d0faaa3369215da2a7e5a825f89a55,revmob
b63bb39d5a8daf166c3db0638911f5e1,undetected
8cad757d1fcc160d533333a6564eb293,SINGLETON:8cad757d1fcc160d533333a6564eb293
d645cae3059f1f812acdc12b7a49321f,SINGLETON:d645cae3059f1f812acdc12b7a49321f
08204031eb08c09218fbb28f7cf631fc,SINGLETON:08204031eb08c09218fbb28f7cf631fc
b11c15b3ad7b6ecd46f6c5aca6e00bde,gappusin
99ddef78e1b4bf3d141c54899a250c83,SINGLETON:99ddef78e1b4bf3d141c54899a250c83
a1541dc5e5bfbcd66a113928b89e83d8,undetected
351084235adcc9873ae814f53dab2c7f,wooboo
7e4aa25d99590296bd8cbcc6efa63f26,undetected
19b44a68975b7bf3230ff40d8b4e79bf,gappusin
a4e4560657783063bbf3b6f8615dca33,revmob
408eeea2849c7956c4e067112ad4d292,undetected
8f6b90b8bd1b71c89c813621f34badc9,gappusin
ccb613fb96fbf8677ebef73e20b21b79,torjok
d0efc5e3cbf0be0f612065c328805406,revmob
026b27672acacbb053b64ca54e3196b6,undetected
d73c07b3991c209e640ab79d4512f49f,gappusin
7b2067ec1b9b326ac683147d63c2ac8a,smsreg
5cd49b2809d49d560dcce1cfeb029083,SINGLETON:5cd49b2809d49d560dcce1cfeb029083
4ac771e28269bc31071469e2a7e73509,undetected
6192578878a1a59e8fe8a50254661bfd,undetected
d82b9c3e73ef153fcd7115543147628f,gappusin
77f5369a2adb8ab36c14b941c4e0c6b7,domob
8b9aa449a5943d2307b3df80cdfe7cdf,gappusin
230f750634ccc7315bdc14b234ee1aad,undetected
5d4887d4dcec76a18ff15b0a27c1dd96,SINGLETON:5d4887d4dcec76a18ff15b0a27c1dd96
41b0d3f71741c7b69056a3b5dae50d6b,undetected
64dcd6cbbbf3c0cb728be8f1c744ceb4,undetected
92d7464e8e9c481563882d06706040a9,undetected
30adda2990898ac1fe8ca0e2a072758c,gappusin
5219db08c15ff4f0ddc3d3165ed8fa7f,SINGLETON:5219db08c15ff4f0ddc3d3165ed8fa7f
438c24c9340680b3486f116c971c7d32,SINGLETON:438c24c9340680b3486f116c971c7d32
01993c9f46f94a9dcf454cab79af29ba,gappusin
a055fa78b665c059d08dd1d2246aff58,undetected
d5280dc9f88935bff3e40c109c6aa159,kuguo
db87e8bb8b63f4cb63c78749e9837ada,SINGLETON:db87e8bb8b63f4cb63c78749e9837ada
465530a017c98116357fdc7a6032a0ef,lzla
903589e419b6f16fcc4d5418e70ad942,undetected
658fa96c97c4026d752a22dc628a7913,undetected
0946bb60e01e7a31bbe1221aa2c98b33,undetected
3893d76e41d285b2bc27b729af0dca74,undetected
78e8ede8daf65ba0f98659a0622f5fdd,undetected
f157f6c1db12b54bbd156083e30d4086,SINGLETON:f157f6c1db12b54bbd156083e30d4086
fd0c4b0e878d6134bacd55ba01ce2041,gappusin
751069c91e04c21724cc3db17b889312,undetected
79d62d58098fd6244cb9ffe35cb221f1,undetected
b136b78dbc8ae2608dbd220d85bba5e2,undetected
68c3399489f93ecb716be2be251062a0,SINGLETON:68c3399489f93ecb716be2be251062a0
16a1c386ac245ca62d282b7097e4f3dd,undetected
cf9134c9ca6d07921fe7b1d6d4763dba,SINGLETON:cf9134c9ca6d07921fe7b1d6d4763dba
ac8eb71a3b39f015e882132756c3a297,SINGLETON:ac8eb71a3b39f015e882132756c3a297
495032d58d34f8aa08b22fe038fa922c,SINGLETON:495032d58d34f8aa08b22fe038fa922c
6b123daa4f592cbaec26eb58167d9fca,SINGLETON:6b123daa4f592cbaec26eb58167d9fca
6d530a7b73e599e1e55793a1cbe89f7f,gappusin
59d5ccfec8efa45f253d121ef888d517,SINGLETON:59d5ccfec8efa45f253d121ef888d517
59f330c20da2d619af820657083fe432,gappusin
12863f8ef7c07b82397fc8f02c56333e,gappusin
e459c584e2b4a0a5130558b10bbcb70a,SINGLETON:e459c584e2b4a0a5130558b10bbcb70a
d5f44d59b883fe6e9ba00b4a79a4f1ef,undetected
587dc7a21f601e8ff211860ffb74ef48,tekwon
8606806c3bd28d3b6b7324bbf3e9483f,undetected
f98dc3d3aa47834a50d1d06393fad96d,revmob
f16e876cee0871e5c6786200f2b9d27a,undetected
95631505c459cb106c7511667836b318,gappusin
7335c85aa61484deb7c555ba67e55909,domob
edcb51f3e457f0f9b41155b5aee91e77,SINGLETON:edcb51f3e457f0f9b41155b5aee91e77
0ff053082115097bb44b1dfd7ecf5443,gappusin
aed39891c7bcfd988782a5984d132ee9,SINGLETON:aed39891c7bcfd988782a5984d132ee9
b3a4b0b1392f7271fe9232d589b54109,undetected
dc112ed3ae10c27e91973e840ef9609c,smsreg
58e63296ec09877c098aed4e8cf34570,gappusin
ef3dff8832e8f6b81d729e76501dd6e6,undetected
8fdec08ebf0c822f5ba7148118340a08,appad
c5cb7218e31c576e24616a8eea3e472c,SINGLETON:c5cb7218e31c576e24616a8eea3e472c
8e316b5d4b39fa1f16f88d0b678d150e,SINGLETON:8e316b5d4b39fa1f16f88d0b678d150e
faa71c2c89e0448509bae2323d64c5e9,undetected
dbf302efa459035b9adc5e1b050b3de5,dowgin
d5c3481d3e8eb93ca701fd612042df67,undetected
2a4eb4733330394a827a49bf9ee33496,gappusin
b40d95b8fae6142a3890fee31bdc3a56,undetected
d069b34f30ec2fe06c0c103cb5f41ebd,domob
394acd5924f8ff87603b3f8a7bd3e00d,gappusin
d3a4d6c3678ff044544127a7ad8772a8,cauly
c7df7573a6163f33b5e4afd21e152b28,youmi
cb09a6980ad5949c2d55654a10a68bf9,SINGLETON:cb09a6980ad5949c2d55654a10a68bf9
7db2ed2c65c8ebd191d93f8110662e4c,undetected
011f46e7db2f55937e04f1199e27ab0f,SINGLETON:011f46e7db2f55937e04f1199e27ab0f
ea3e3dc94f1c530ee0f50d57b3e1137a,SINGLETON:ea3e3dc94f1c530ee0f50d57b3e1137a
a103303769534a7cc7eb7d21a80104e7,gappusin
22ddd445058a4ef974eab2fac43fd854,undetected
54bad82853e437f5e0490cd881f3bd37,gappusin
580424e8698f46b04be455d372833d9f,gappusin
403be7a7634133d41a5b330316f634a6,undetected
d020930d1f48b6e7b746bee582876154,flurry
01a2e6469b015717c32127f9b7ff2550,undetected
fea56389c21c659dabda24d6af8d7e51,domob
41bdecaade522a58700445bb65389be9,smsreg
564b2d9fc72f0bc4cdb2b5d91f7eada2,undetected
ccd9e242f2edaeb1a3d7d93a4a6a8267,gappusin
45ff0951444ac1e35d36db58627df499,gappusin
5b9f7f268e55761e14c6aa74732c5ecc,gappusin
4d64ce7012a04211128c07520972fcb8,undetected
c27c874ee73873a49b95fb113ce0530f,gappusin
aa63a32ab90cb20842a2e0d7b06c0ce7,undetected
35a0f02a1c6253a38c015375fec1b343,undetected
ef54e3abc4ed33b8b0b84f3bdb7bb811,undetected
9cdb9fc3655538157487ea8764c34934,domob
8fac90e96cf5b6db5dad10f7f43e67d8,gappusin
298559228bf3dd998c61bf669048337f,gappusin
9cc2c1250ea277690f584722276ac7a4,youmi
00257f3861221b885cac65b4f97a34ba,gappusin
13aec231eb338ac3f7b9990417b5b1e5,SINGLETON:13aec231eb338ac3f7b9990417b5b1e5
1692414d41061b930a8ae83f1c1aca90,dowgin
f8f79c6c1126682219a72843416a4b97,SINGLETON:f8f79c6c1126682219a72843416a4b97
eaab6f8003ed954b8f9e9aa8902f4a03,gappusin
143862850f83bfae97a97a65056f99ad,kuguo
0a22b2db43f27223f9d1de20cce8fb28,undetected
834b4746df1879a22f382d8a19c1324a,douwan
8369da799be55cb6a4308c8177754dcf,undetected
0600a716843646bd40be940b6d3c920d,SINGLETON:0600a716843646bd40be940b6d3c920d
e6db915a6b97e1ffbb3b1656c53cc166,undetected
e7916ffc052a354954e04d1054cff337,undetected
4fe790d581dc00ce913471e2e36c1553,wooboo
226e82b4bd21900e0c05465ea5857ec0,smsreg
a7f47bf50b4a3070a9513e3e6524b984,kuguo
7908a374d7c1f7da58678e402b38f1b2,undetected
e8fb357fb533380fa1d40b0bc1abb29a,dowgin
de06ce2e30db5ac8eeb694b1fed52c77,undetected
60b8101ab24ada5f58bbab123ce6babb,gappusin
ecdfdce0d9c835ba31350a228f34ef64,bintal
b63972c58d7702ebb3e49b544c9cd7b6,undetected
a54fdfedea8c546afb014b8eb6b4338d,boqx
e99a61795ee7bdce83ddd3e9d0fc0582,undetected
07b541cc80bab14ca81aac8ce0333dd5,undetected
a5d944f318f2f93c5b7c3675c07ae4cf,kuguo
2a7270b4314d1afd6fcec483967a682c,undetected
de08323cf233b57d1abbeebc8bd38080,SINGLETON:de08323cf233b57d1abbeebc8bd38080
12871e3820df5bbea2df5ee369fa6787,revmob
e364f3015128bb43a6de7e808c1636d0,undetected
1166d350a442109125cdfeaa1ef093b4,SINGLETON:1166d350a442109125cdfeaa1ef093b4
d63165949a6e20e6f05dc077db28660e,gappusin
428626176b0d5b65f456081b0b2793c0,undetected
62e9c9d03742965478b2347c2035a65b,SINGLETON:62e9c9d03742965478b2347c2035a65b
2036369533a6719206f27fa6121ea93e,gappusin
e72712a2174315cda55b2dfbb8bcf60d,SINGLETON:e72712a2174315cda55b2dfbb8bcf60d
cff5c8c1799fa57dca9a1d6253916539,dowgin
1ffdfc1f1e11901e71aac4e18c1fce28,SINGLETON:1ffdfc1f1e11901e71aac4e18c1fce28
eb74028a1b98465ead1c4c7d99281d9f,undetected
d578f00572256bd7078bd0d69753a6a9,gappusin
913c30eb854901659d47dbf24c3f3354,undetected
7339ce41f31379141bc56bea7c99c322,undetected
1cf2350385c0bd66b492014e3fb40e06,kuguo
f9698dd579e931fb1ca4cb468e67061d,SINGLETON:f9698dd579e931fb1ca4cb468e67061d
2f11b8bc776ce197196ba57213d943ee,undetected
656f00071d4acda14480e3315471b67a,undetected
e04f769e69638645ca003b25510ef63e,revmob
14cfefe6712a8261ce9f6be8311a14e5,undetected
2cb8c99ce7d266be61189bb559d581a3,youmi
d3efeb6066edc26ec11298d5c666cd89,undetected
5de0c6d04fc7646f95efc08fdc8f1687,undetected
89245b25f28c0f22dace98ee36e95e76,SINGLETON:89245b25f28c0f22dace98ee36e95e76
3d42636bd9d45f57bfcd04058b1bd8f9,SINGLETON:3d42636bd9d45f57bfcd04058b1bd8f9
9b2ed25e2925387c7ae256df9a6c7da5,SINGLETON:9b2ed25e2925387c7ae256df9a6c7da5
f60b7b183b08b59f219ea39fcd6c8409,undetected
3eb586c91a6e77093d81c5807fad3b87,gappusin
2029a0db83438f11571281eaa2926066,gappusin
76f418a529210ee30f3a410ab5f2ba19,undetected
385e645a09ba40dbf7c4c0f11a47ebe5,usatek
cce9a5d821868cb4bc8157c2f770e873,undetected
fab4558fdc6944a6102afdb0e7f5513c,cauly
ef80e96bda9a79648f72aab3ff445d9a,smsreg
4bb4ddaae17335caafba6229d7c087e0,gappusin
933b6b7813c1eba8c5978d1933f1d23a,undetected
a34c1da6e3ff055e9c8d5903b3d6dd46,undetected
8953a2a40f9291745be3d7b1e4c82c3e,gappusin
504702327573ceda4ebad2c71c97e382,gappusin
a0276db91dc6fedce5ccc060bdc9c3aa,undetected
da65596bd93a845f4439f1b92ec434a9,adwo
5856729269e2ec4eaab6642f63949168,undetected
1b37031898e8b5d930b590ee0bffeb62,undetected
ecb3773b232cfaa3e4bf33351d045f2c,plankton
1f6848563323d5f82c3b995bade912c3,kuguo
54a81519038751fc0622de8d60c24a82,gappusin
dde3025306c5f31045fa69ae73587bd8,SINGLETON:dde3025306c5f31045fa69ae73587bd8
8ffb2ca2f1660e0870d57c1be81d9f87,undetected
f2ff81611c97e2a043e62575bcbbacc7,kuguo
4e93ab8716e8abec932c2a701c3af828,SINGLETON:4e93ab8716e8abec932c2a701c3af828
e48284a7d8220a80d85fd6f4f13c7086,SINGLETON:e48284a7d8220a80d85fd6f4f13c7086
bd39e6d2a78d828dc6c97cfbc9f0db83,gappusin
4c88bcdf2de4c0d7756f3282edc04f0b,undetected
da525af269a765d41f32713c6ba44078,undetected
40f22f782344a7c4c0a751079b3ffa05,undetected
f4050d3c46230f12a1827c1e07988c63,SINGLETON:f4050d3c46230f12a1827c1e07988c63
5b132460289f0ccc907aca806766e694,SINGLETON:5b132460289f0ccc907aca806766e694
84f9b8af652facb0bfb2aab2c22dab35,undetected
6433ebb95829d7d4a0a3911934e491e7,appsgeyser
1e56a01d6e4e80eef8230565097ee3c2,revmob
47237af8c4392dc710793e703c5234e3,undetected
ee7c91c663eb3a5dd4bf9ab8e069a766,SINGLETON:ee7c91c663eb3a5dd4bf9ab8e069a766
6c90c3bdb7929faf9638c5ad0ac44446,gappusin
5225f93378e141962c443304971fd2c9,leadbolt
55ef8d6c329b90bfa24799d910598c42,dowgin
ae9926b78f0f88fd7a0ac381df0e5c99,kuguo
b700d702669c88df2b6665df9967514a,undetected
42ac11aba79bfae731240dca39aaa15b,undetected
c721fe0f669a20f427c33db50e55c606,gappusin
d57b1922f62ab21c32f34ec8a4c7cd5b,dowgin
b214658825d21c7910c038835f994efd,wiyun
571b60909aa3747c2e75f4d5841e94ee,SINGLETON:571b60909aa3747c2e75f4d5841e94ee
b87fdb19daf3c70e94f9681f2abe5fc4,undetected
39acc22e085d7db5e1a63cd97c797e18,revmob
5b8121c6ba90c212df99aed44c2a7bff,gappusin
bcee44acbe2ea65b5663df08491877fc,kuguo
6ef552bbf154dcef65bf5fa3d06e891a,gappusin
1abc200ee19ed171a37571d12a247c96,appad
bec18495c3c6419db12ee96b21a6fd9b,gappusin
ada11d2f476d4690781853a9dccef0ee,gappusin
f9550b0244b076ffb1c18b4b37a728bb,undetected
3f732aefb0f1ae13275c31117b0dedfe,undetected
e6026ec3f627a856f0c4493b02e45f7c,undetected
093424e1c481942b7a6bd6d8b2d58f0c,gappusin
3f24f1f1bfbbdd990266fe65c67870c5,SINGLETON:3f24f1f1bfbbdd990266fe65c67870c5
ae27c32387308e20cfeab90c2b27ff43,undetected
a08d7918c701d93cc057c379245042f4,SINGLETON:a08d7918c701d93cc057c379245042f4
c2d64da4d7e189779418be6dd6e2918a,revmob
cff0515307b798ff2b42bcb6e4e70388,gappusin
5b648acc1b09ba4f548d4958aab52448,undetected
37283cf6954bdb1660693c734a351a70,gappusin
0af254f6c9ecdce825cf04bcfd14475b,undetected
5fc19dbdcb72aa14bb430ab0bb22e5ae,gappusin
cac79aca53e99385b40dd9b191e0c519,undetected
b00116a98e38c9d30b98261fc2cccde5,undetected
3bc676bb7eb1aeb73c15b4ffc6ef0a89,appenda
5a31e589fa3410323d448b26fcdfdb2c,SINGLETON:5a31e589fa3410323d448b26fcdfdb2c
7a05e438096847c7b669c4edeba7a8ac,gappusin
c85d1681ac9f92670e7a5b309954798c,SINGLETON:c85d1681ac9f92670e7a5b309954798c
df79f4460b24080a85ef47aaaed7ea41,kuguo
a9780a8903cbf04b2a0c269ba001fcf6,gappusin
f2cae529507c05fa29b3838bcabbae66,undetected
64bc71e86b62d7505b17e7bbba5c4b48,undetected
0507ece2c4b6988b7b7d49bc96ac1749,undetected
474780e96616d2a31d0278a3726189c4,undetected
ce330f98f25dc600713eca0313e39612,SINGLETON:ce330f98f25dc600713eca0313e39612
69aae1ccc9878bb275b19e9297aa0df5,undetected
3f66157360b627163f0a838bd1c78b8d,undetected
df1178ca5be3a2b22b1ba35c9aeb84a8,undetected
beb537e20a7e713e0e835328d1458994,pushad
1e2ed391add031f92ce408d9be0cc4bd,undetected
945ae8cd4ef15642d4f151143ef11654,gappusin
a824d8d7253136efef2f56c09cb42bdc,gappusin
b9c8b29b7d68b1794af40af6a944db9b,undetected
a3473c2f8ccf81a71f6a3e1244458bc3,dowgin
96ae642b07003f035257167f8f3ed86a,gappusin
876ea5553224080bf8717b5bd5fd1842,youmi
06feba411136df5f724b5b782c460eeb,smspay
d30ec7d01a343c76539d6199a18ce1ad,undetected
4a7d0ee934094ffdb15093ae861a65ba,leadbolt
c2aa67073e95fea67d058d961d4774df,undetected
c3fcdc5d935dfb1a413a71febd3d17e3,undetected
ef0fc0952c5f317e70f0136f9451096e,undetected
bf469f3a5ff5e660bdac78a908c3e55f,SINGLETON:bf469f3a5ff5e660bdac78a908c3e55f
d4c3299faf3bc52eb3ed974210d31228,SINGLETON:d4c3299faf3bc52eb3ed974210d31228
1f615709af1d908f41c2276bf2eb8ac7,gappusin
d6f8b6ae99885b442f57fc75a38fc8c3,undetected
614da635552ca90146d3371d415ce4fe,SINGLETON:614da635552ca90146d3371d415ce4fe
1f160bccf882224ad2348eb34f0d9b90,undetected
45d5c67a541f35e01b2811c39fc03c5e,undetected
f3aa2aa21234097e9dc7e64061295feb,undetected
465a55753887a4367b18b13d31c32a9c,undetected
7c16cb8fbe1dc35ef32b1122518ae71f,undetected
0af829b1fc9fce58264a999d9159de46,undetected
448fbfb6b6440c926360545dbc88c140,SINGLETON:448fbfb6b6440c926360545dbc88c140
ec2052d1caa2663dddff7db1d010fb98,SINGLETON:ec2052d1caa2663dddff7db1d010fb98
ec17ada9412f1332bde05aab441ea6ff,kuguo
fe3209287a14a30285031aa21947379c,gappusin
047bddd2e3d5da6f489f708ccfae78a7,gappusin
f91b7b1f017692a2faa51833eb5ea333,SINGLETON:f91b7b1f017692a2faa51833eb5ea333
48463395e343a5cfea034cc70beb1f81,undetected
e22814ed860a4a77a799ea08cb4355ce,gappusin
1c5a05b25621b6ae6ad2bc5ea560775a,SINGLETON:1c5a05b25621b6ae6ad2bc5ea560775a
a612d491167c9fd3cb880e47ee60dfd2,revmob
53ddb4ec0d703f05a995c150f368442d,undetected
ee9ebc8f5e2dee2c181bf428759fa5b1,gappusin
9d6db3656fe5affb47e09c42d3d0dfda,undetected
9594500f6d386e63234aee42805c9b98,zdtad
cfcb924dfd29a2192c581a2bdd06ca42,gappusin
ac4fc915fb197f39cae941391a217cb8,stopsms
f8635ca65a4f5239fc54c9735cfb4bc7,kuguo
871861f0b4cb5c70e78596673bf3123d,undetected
00eb0cbe48237c770046abb5a2ece900,undetected
f0f9b427b188b96e500166fad45ca02b,gappusin
4d9f2f374cb9cf6b1fa5fc583ea5e1bc,droidkungfu
f23b473fd4e04fd1e05f16fdc2e0f1df,undetected
5e8a0ef8c4d600663817cfb51eeec0c7,undetected
1e59ebb980f41e4a38ca910dbe0f2c38,undetected
be6d146650e435297589bb808541a642,SINGLETON:be6d146650e435297589bb808541a642
1deb1c7981108e89ab8ed9e6ec4fb678,gappusin
2c0b1cbf74064839616e7c0e87310feb,undetected
a560ea0a24da9f6f033d64e69cf28ffb,gappusin
2fcecd259ea2b2dc950f073754ad7409,SINGLETON:2fcecd259ea2b2dc950f073754ad7409
f7bde62c189ef95ed5967e29296a3f16,SINGLETON:f7bde62c189ef95ed5967e29296a3f16
0d9b7fbf89e0c7918705ebf53d1ef147,undetected
4073b6e3d27862409565ba22288b57f6,revmob
293c688da157b5eb32261d56b8b6a941,gappusin
40dd1068fd8e5537ef96d794b5fbc5fa,dowgin
ac9e5228e05e5e7788eafd6089cfd88b,undetected
9c582ef9100fe3f443947f945b81e499,undetected
6e37ec7758e3abba144699ef77678793,undetected
f8e99e54c84039ffdf817757627e8cf9,SINGLETON:f8e99e54c84039ffdf817757627e8cf9
00340393097e71b43561a18ae1789378,undetected
8c28a87776b1b4fe734c355ea61b3f03,undetected
b4d3578f778136e2b1fa210d45789c1c,domob
26a9e20a1552cc2f4631b128bce4b5d5,undetected
a4d3ee0dffe70a1fc3c88456eebb0ab7,SINGLETON:a4d3ee0dffe70a1fc3c88456eebb0ab7
a8b8a9d59c4f08a6f6376f53a4e47afe,undetected
587e5843b8d07efc41817897ff7cbc93,SINGLETON:587e5843b8d07efc41817897ff7cbc93
7670131cd0981cff380d701b64427c4a,wooboo
c961b1fef394b423ebe06d6ec3a460e1,gappusin
4c61f3016487d77bf533afa1bc284048,SINGLETON:4c61f3016487d77bf533afa1bc284048
d540610379bb70016f3f5a0791a9474d,SINGLETON:d540610379bb70016f3f5a0791a9474d
791e17ced6d7746f1f2d43b672a1ffbf,kuguo
efde60e8588620a826cfbcae436bd3ba,SINGLETON:efde60e8588620a826cfbcae436bd3ba
edcc21d1e7537d4c5f864a92e4a112dd,leadbolt
8935f1b132ec9a09c29ccf89f8e80492,gappusin
df12162302bdce92ec54eeb44c7100ca,gappusin
b27028beb20a91e8dc750734b1769cd1,smsreg
e3a53bdc413062eb1288e9bb42e1a5e1,undetected
667b0b1251842722b54793486ebbafd9,undetected
24ce5b68f6ae5e42607f22ac45b0435a,undetected
6217bf3e58fcb7a1a4e6abb311704ee2,SINGLETON:6217bf3e58fcb7a1a4e6abb311704ee2
20740bfda0193437a1314f031ba1b7fa,gappusin
92f3c83830c45d13e52c186947e84000,SINGLETON:92f3c83830c45d13e52c186947e84000
6651d413ec549b5f16274afeff5ea5a1,madad
3459f7b4fc81acf767177a1eea0d3106,undetected
4f5960c15b58a83cad0b5bbcc2e52e41,gappusin
4dcfdd14ddc36b69f137bc3a44eb4b90,undetected
fdc15684b3083fe1b5b5510c94b4150b,shastrosms
dc87ef2116bc5d5e19cfe0765d9c7bea,undetected
4ed0c719de871ff07fb7ff3995f5a859,smsreg
55df6980baed4b6d169f87539938e7f9,undetected
ea6a1b93f9628867e52a184af6320a00,undetected
37fc4f45ad8e47d5e427be0a7f9b1211,inmobi
1fd18954ec410f1a3e636daa895b76d9,undetected
df37710a080da3be0633e5f0690f1433,undetected
b14e655acedce2af7d0b5fd3fa2a5c42,undetected
2ea6361ad88f07873f9e1822dad5b8d2,leadbolt
7cb437c49bbc2d6c236681ae8198f71f,SINGLETON:7cb437c49bbc2d6c236681ae8198f71f
a2b9dccb928074dbd68a89bd805081f2,gappusin
2034f976dd58b289f5e5eb85c0d1edba,SINGLETON:2034f976dd58b289f5e5eb85c0d1edba
927ac9ea6f7a3291a11fd02fdf9e2a9c,undetected
ec6d71e609586461d0e93f660ef46bfe,undetected
fb740b71592f02523eabcc0137b3881d,undetected
f29b276bd061876b1be4e034a175d3fe,gappusin
e8992e107d7631e10c5027feeaeb1203,undetected
540e302287688caec3d2b4e0b7c8d3a8,undetected
1bdea02ea8787b86ba504d36f84f49f7,SINGLETON:1bdea02ea8787b86ba504d36f84f49f7
3dffc17c8794732fd2abf7f74cace204,SINGLETON:3dffc17c8794732fd2abf7f74cace204
cd50526edd76de4027db67f1201ba50e,kuguo
b9574e7ea559c9c3e19ee1af60b39167,undetected
2900ddd36b7c536da1cb411705aae1ef,SINGLETON:2900ddd36b7c536da1cb411705aae1ef
62e3b784ca5225cc29bc53245e92bc4e,SINGLETON:62e3b784ca5225cc29bc53245e92bc4e
89c535ed283af318801f8fc39774cec3,SINGLETON:89c535ed283af318801f8fc39774cec3
46d2f6172eb5d02cca7a42fd84ad6bc7,undetected
187b03984edc0eaf0d4f533056c00690,gappusin
b64d56dad0c4310573d8e6424f61819f,uapush
9b65e1849de700736199f362eb7005bb,gappusin
6fcedff22236a2098171dd91b88f42b1,undetected
2cf919b05aab6bc64b36fe6748336bbd,undetected
7b15778f46c1e138811d2db11d455985,gappusin
ac695d8ecbf38feb682474bcf6c3ee39,SINGLETON:ac695d8ecbf38feb682474bcf6c3ee39
6c59e47dc8d374fe7f9f65643e46996f,undetected
b4eb0dbd6c1295def898117635a47edf,SINGLETON:b4eb0dbd6c1295def898117635a47edf
5bc14d4cbee52c18e9ae156ca49b7597,dowgin
724583776e74ce54f297e625a335492c,SINGLETON:724583776e74ce54f297e625a335492c
ae944899d861df98d930b16eb045cd09,SINGLETON:ae944899d861df98d930b16eb045cd09
1492fb5617f142edf848f5fde1fffa73,wiyun
1dca3ea66cf8cfb66990be9291776d94,undetected
126ca4c4d663c4513cb72293e58a76f2,undetected
4b5c9c0e7adda0aaef8f036543e77ba6,undetected
ccfa87e36ef1c204e4db1a9c1d4597e5,undetected
f04a05ef61d8bd3f83c76cb1d31a2c33,tocrenu
9738a660115c4205b67e2fec608c4cb9,undetected
0caa1d219a5c29a27df8d51b0ac08766,revmob
e38b66e59f5243d79f391a7743a0c55b,SINGLETON:e38b66e59f5243d79f391a7743a0c55b
5d0192299e4abe1bcc992de10b181b42,smsreg
0bd1ae3b0463ce204766f4307fc10228,SINGLETON:0bd1ae3b0463ce204766f4307fc10228
b2a6d55c57779843a373c72dec548a94,adwo
277c765eb20044451ce3d7bf7b731fd5,droidkungfu
1be9f348d58e3bb2478e81e7678d166b,undetected
87489a1a4ae93912316c6d3fce671583,SINGLETON:87489a1a4ae93912316c6d3fce671583
c95c87e91a0074a5b7b7b145efcda24f,SINGLETON:c95c87e91a0074a5b7b7b145efcda24f
50e361c28d0a961927ab8b35ab95666c,undetected
f78c80477068ab0c9ebfa59cd6a695d9,SINGLETON:f78c80477068ab0c9ebfa59cd6a695d9
1d6e8951d32ed5c2495d4a34aa64e10b,SINGLETON:1d6e8951d32ed5c2495d4a34aa64e10b
57e19e682821122a60dff247e5688fa5,undetected
e979fae999183f0cfeb9defa1a138f72,undetected
640658ffd6af641a9b324d9963e7e901,domob
621b338afa60b2ab4778c3b90b189da7,gappusin
e18da91d2c92920769f3ca14b428eb09,undetected
0733b8ad8027ccd64e0e6ad5a47ef559,undetected
93a00f8b949085ecdc4a6afa404110b2,gappusin
d9c38954c2ff1974ed458f862755afde,undetected
133d688e5201a6648d647a56fafcb22f,undetected
188b53d94706cc5a27890206fe3b9f86,kuguo
aaefad3c7b4d4d9af4cbf197886c6cee,youmi
bef7a0760f9504c6e1853d23f1f966ad,undetected
a31fde4f4e47bae9681368171fdc8a81,gappusin
3713ae8d178b16415e99365dcb9e15f9,undetected
fabd67f37ce3fd2a27f0d43cfb43022d,SINGLETON:fabd67f37ce3fd2a27f0d43cfb43022d
6d029a1e15abc417b77b8390fcc01a65,gappusin
37a394e851bca68b1ed10f629c868d24,revmob
7c6abea2047dcd2dccfe13dc75e03b5b,undetected
540893d6ff6a1a11ac7690392282f587,gappusin
65d7a61c2e19ad586a522a42a495afb5,SINGLETON:65d7a61c2e19ad586a522a42a495afb5
864e4f75b308fa4e5af467da82e08260,undetected
aa35a688f9bf66be1ac5576b83ef1c4f,SINGLETON:aa35a688f9bf66be1ac5576b83ef1c4f
e36c7e13ac6c67f17020fa6ae41604f6,gappusin
2e4b240aa168f4ea29dd2433f92afc76,undetected
dac24eceb722fe98b197abf5b6821852,undetected
fd25ad1b3744b43eb9cff444ec9f1f20,undetected
ed45df36fafd25d0e94aff83562cbb1c,SINGLETON:ed45df36fafd25d0e94aff83562cbb1c
d8acb80c963394155392fb82132c2d67,undetected
2320a2ad1ce4c85053ce7920711675cc,undetected
060850b087b64bd2694101b77e9fb985,undetected
32ee483a176e8f2c5eb04b4587a60fda,gappusin
2a8ba8e64bba7c446982b22da462abd8,kuguo
4671128964dd4e32150c09d42aeabafb,undetected
ad65357f524cefe55f2859df98d588cc,undetected
977af9f8cc265e48ee1c2de3adff5d10,SINGLETON:977af9f8cc265e48ee1c2de3adff5d10
34918bdab5fe4cc2a145156f52cb5035,undetected
91331c65b2d65ec77cf6f6675374ce96,undetected
842f6afd8884943ffdf8ced840134d34,domob
dba5c312447a7f2b0aa07c455e8b9ac8,undetected
f31679778aeef46003a6462f52bb9e87,gappusin
92d3027d6969ab10039684feaeb7e083,dowgin
d0b8fab11b6322502d00ae267fe9ec1e,SINGLETON:d0b8fab11b6322502d00ae267fe9ec1e
e751810edf78fe1acb40bed8d2e6c739,undetected
e1d11e4ef79a3c8a04e2866fcb89b1b6,undetected
5ef2f41a869e7edcdc896119af571500,undetected
9cac88e779ba3cd52801e7421f51f199,gappusin
0dab820f83c6c09da6fe82249f118edb,dowgin
b5e9d81e916ad98e4995f681f7bf325d,undetected
919b7e07cccd4877f8d037f41acc871f,undetected
d3038428cc388804219949a82f171803,undetected
48b46ddbaeeb8554e360ebd1bc6b4a7f,undetected
a5a0a63d5c7c59ccf4eb6e7aac3671dc,undetected
c7c2eb2e31e7ffd1455f9f7e1905dc13,undetected
23c4ca59788b833762bb27a01ac3aab5,smsreg
ad5510aafcdc6280a4e4fa49c6af7a24,undetected
4d09ca772df3e3528e7e6f9c2dc92aee,leadbolt
a4b80852ad8dc09f40176c7497448ad7,undetected
13a3a5a004556a443790cf076b020990,SINGLETON:13a3a5a004556a443790cf076b020990
10dcb2806ebb11296fbda93f164708be,undetected
1427fc641977351986b4e99eccb7575b,undetected
90c71454b36115e8b6f51d0dc69edc0f,domob
83fa3cf075086628f6c8c3ed6f78f696,SINGLETON:83fa3cf075086628f6c8c3ed6f78f696
bfcd66d618ce54d034fafc0246fae4fd,undetected
e0fe3c2567d42afc8eab8bcc35f9fc6a,dowgin
4b5a142d63a3ccd956acda902349d9f5,SINGLETON:4b5a142d63a3ccd956acda902349d9f5
eee618ac1e35a13fb35a745e9cc33134,undetected
83fa21d184ebd741224fc50f34ace014,undetected
9d977c3a81f8367fb9a099a0bb9af550,dowgin
6508e755f6e9b7dff9bae60f6ab23e32,SINGLETON:6508e755f6e9b7dff9bae60f6ab23e32
a02a7cf8c00c13fcc7f66b7c6b9e3951,smsreg
22d8a3572ea0306007e0f1d43a02911c,undetected
478ed7361ce2fb06bc4a691574e089b6,undetected
9c9d8a563dad20a604588037cb13ca6c,pushad
2f620f926a29e0e51be197aa554314d4,dowgin