"342ADD932670277972B7AA1B112C4781061FD4AA90720F36574CCC8D81AE484F","50"
"EF0D67998E91A582B19A796FE42A1045E959706A6D328FC3DB438026DF7E22A4","47"
"32B7FF026A8169202B42DB54BB4ACBC27BC75643048ED99AE4D5CC316BB2C000","47"
"2961C8A0F137B74C4D2D0761848522762192AD0FEAB2BE3328B8F13AF18722BE","39"
"17D58E0DB68CB219A16195B0D7E20178BBCDD00F859D3A94798408C307DD84AB","39"
"4D200DD35A8BCF122EA682F2E65E6A3170B7C3CAB4871EA2786A29E0049C6601","39"
"5444CE25FD9B0B514DC58060A2897B6950FB15CFCAB83D4963A24C046E439129","38"
"6D5BCF785159483D034C3B6D60411743B8B0F21279C1C8C832DA74F4F2BAEAFB","35"
"DB257DF5F44507195CE0D04714B1E449012690870093C70591EC8AF46DFC58C4","35"
"5839A12EDBCAE6922A34F09851F26DC85AD8074328C6643EEB54D78ABBEF5659","35"
"5839A12EDBCAE6922A34F09851F26DC85AD8074328C6643EEB54D78ABBEF5659","35"
"AFA31351EAE3152796CA34962C2CB2554A1637E236730265B054D54A5FC2E559","34"
"8177DD52DCCEF5257AD37885D51CDBEEA086397A6F5138EE6E7EC0F379EABC8C","34"
"58E7EBD9B353ADDA366B0A2B73BC74E08319EC3F09031202469B98A3A66024AB","34"
"F9054DF01C7DC058E3D667AA241D428726165B86E16059CBA8485821B389AB7F","34"
"81F47909953C3BB2720081782196960DFE7313BCC5C4CF88F02DF14FCBE769F7","33"
"1A440C0C1498409A3B4753D67D2C0FB3EDF5EEE9F7894586E0914FE20BC3D863","32"
"7F1CAFDB2AF523AB97093172795A7AA083D09AB9B5212EC9506C5223993B900D","32"
"B0AD131E5C2950C145911E03F65C3C3632C944A1BA9DEDA2CCAEFF9B921CBC3A","32"
"0B09DABAB2AFA12723DFB678B979B6EFFFB5DF619EBD8B279AA2AB8D05D94072","32"
"1092F53A1E1F85A03D006954AA29E58D0A542CA8075EED61FD89DBD6808CFF41","32"
"3302A79051F7FFE20D56CE94D0DE0041E1F7217F6CE976DCEBB7093954B74BD8","32"
"C19C117355C2CB8A093E27186A8C2B27AEEE60DD66D70F88BDC15AF66A284CE1","31"
"1DF2D27BB0D6AEE907299C61108A5E11D60AFF262F765D376D4ED87DBB55289A","31"
"FB3F138353C9023A22611837BE2D2F7B04D1A347613A65C164CA41F542AC76BF","31"
"004653861BF8A3372317A7E9BE09EC42BC7B5F856501C281000223A0A71B505E","31"
"004653861BF8A3372317A7E9BE09EC42BC7B5F856501C281000223A0A71B505E","31"
"31469DDB39C7B3A15617C3698DF1E07C963C7038A11DB544D43C250D4038D494","31"
"365B7DE96C392BCB574DEC33FBBD1DEACDDA448CA6374401A3344C3C44AB9285","31"
"65002F4B18FB3076AEBE0F58C8FECE1A18F9AF5FED71BE306BF3E0BD6F8DCAA8","31"
"FB2C487DC4390D7CC94CD9F73DC7119EA8B205D91773E0D5C2D2921041CA8D0E","31"
"0540690863504028CFCE26D1616759F9EE345A095388962ECB13CDC47496C136","31"
"7CB60DCEB377A2386F8ED7B64E818686A61502E8300F7C19B7C22FD469CAEB49","31"
"7BAAE7F866B93A417C480987A9D8F226F01C76DFC479408E7E11A3656F1EE76F","30"
"AD1C496CB61871CB72063587199816EB2E5E67DBBD8B8EC656C2D10C7FE3F3A4","30"
"0A30C9FEB4FDA7423744BE6DCC8E091A3134228437C4EF92B95DC9D2BCDCCD54","30"
"EF083BAF043ABB62E26B8301090BA75B7DCA67451BF541D34CF8AA8965E144EA","30"
"32B8B676BA801E933E2F9204D5398D1481F4DE0B9079065A690CBCCB1A1BC68E","30"
"99606E0731B51B2BD0A9CA63B6DC243A330E8D3CD740968AB351EBCEE702D13B","30"
"99606E0731B51B2BD0A9CA63B6DC243A330E8D3CD740968AB351EBCEE702D13B","30"
"F97B56E5F252FDA1A6D499BB9EFDC4537E4E464405D127637F36D8D40A484CB0","30"
"AA47A8897C7E45EBDA0B64D3E2D33426B3A6BEAB563397D3E9C465443BF8D2DF","30"
"39FE38BFB79BBDA01CAFA59663B8D14B8DA0426DF630A1BAFA87F0BD7D561979","30"
"01E873AD60F55A1B46ED5FEFAEF5A0A6E34DC57E6898070F58DE2B354FBC56C2","30"
"ED5D1D88379B2E748992F18D2DCD8E6A3BC1AD99B1C91DB94BD9FB0E656218AB","30"
"0ABEC397B08FB879DB820C9F32E807A01F2C21644A854F798DBA2C9995E8047E","29"
"B0E9E7E35524F4928355CB994244D9CD7A0201D7070CA13DBEB09BAD6B01C6D0","29"
"36350299DA05CCBB96781D91BBFEC4D38A3426D344A51104141DEA05F0499E6F","29"
"7FB4F7A688FA8BCED7A2BFF0A696C34216246F97E1CE174A7BC54A32BD2441FB","29"
"478833CD50BF62F4CC1CE3D16E1FF3DAE33625323F1BE400243366441172A75F","29"
"ED7EA89566EBEFE4DDCA6CBDB7EE9FD26415C872D13C89B92C03578FF27AEAA2","29"
"5C304732826698B98091B8D28BC3626C97A3FF0631079FE60F900300369462F3","29"
"003C7B932E8287E71A5BE655B11916E84900CC47B2A605CACD4ED6393C6884DA","29"
"5823D5516B75AE6CF7F2BDC354B100D3A13FA5833BCD33140AA59AB0915E1B25","29"
"FEF676B18C1A938CCBF93F1EE40477DDD0C14FC88EB71995701B475A01958E03","29"
"CAA5181EB7E28A00FA69288F31D06EAD73454DF5100B06C095164461D3DA225C","28"
"C111504964875BD40AC0E9F38713FC58A13551C143B2FA678DFB6E8764563A24","28"
"E87B2808987AEDEB855ED4BCC6F7183E8436886E828A01749C32B389D3C03775","28"
"48529568076FB85301D60DBDF47D9B28C9D44B27971B2DD08CD50C953600CFE7","28"
"5BAAAA34C93DF38A689DD0C0F811FAD55E46CD62C7666E486BA4654A0DA03EA5","28"
"9D63388411DADE34291F872F4E97FF3E499226822BC3D634B7A5FB6025409759","28"
"068366BEB6107D3E4814E8D8AFB6E4CEE261EB04C7C1CD7D25461959D1387853","28"
"30F3E5BE4B82494C70AB041A9CCAB21D58B6662DE7940BF7137191FB48B5DC6C","28"
"0CB5E77DD2C691C763865BE3FB95B31FD3C68BAF73F6912882EEA188A04A8236","28"
"40F387CB8EA5987D740D3753E985097FE20DA23507C9BC84F79F1A764A74CF45","28"
"9E8477DF3FA65C5A0D145A768F968E05E0BAB392FB7B6F27FDAD55BE1B641156","27"
"7DCFC396DA3C410FD4E32257460FAE2E6DE7CCF3310CB480C491540BE6603D92","27"
"C8475B7444347FBD21C0BE8ACD1FE24528EE17A7D9906C2EEF60EEC4DF0BE47F","27"
"CBA3E13844790E3177DF353D8E696BB058146D6EF1A22E5B564E9E2359519B73","27"
"8CCCBDB2C47B359553EA1645B3320A4A63539401C77847AA4C1CA667CE7FA6BA","27"
"FBB7436F33FBB370C8BF04E8D1B018A17C604455E0A469F3A4B15A6CD89A8965","27"
"A16D7FB25DE3C4341ED9816070D8AAD7629C477D5C4AC03F3BAAB600D540636A","27"
"89E7789AF3163116DB72B4131E2BC3D3F820EEC09BC9DF31073F87078152E135","27"
"5C3B1F67BAA34E732577CDF2818C45D99EA5BDF6618E571FAA693B344DA73E5A","27"
"7F2CF8175BEFAB82FF0BC99B53241D959B7E35D53C656B7017BDFF24347B3424","27"
"FC5371AE60653589B53945C68933AAECEE85AEEED350E72B09073805C47B8EA6","27"
"A7A3ED7C194641B4AE78E9FA480207CA9315D7795596FEE90F6A9697F12D5FC1","27"
"ECB81E96A0FF4870F05807BA0133668E32EF1EEA9B98BDA76D1A9E211283CE02","27"
"B3820AF1025A29094F2A35192680F0A7E17B1CCF5A6D091D37D0334BCB2E528B","27"
"7D966A0BF4288FB51BAA2ABC97C8FB332074894EE7FE8C4E8CAE69C04B34F52B","27"
"730A184B76CD51E5658942D6F2F5DD02C5FFFFAFB861C1ED7BAB8FD65BA55CE8","27"
"E31073B7351CACB113D2207D9C8BD97C9EB80121FBE029A2DAD0A9269E4C8407","27"
"F75E4E4AEC5DD4B1B037B612D163761047B12D0EA150A9B8A747FCA6173BA4BF","27"
"6BD368DAE0EF7C68A26026A6C2D09238A7FDCDD30C9E90550B813A5C978772B2","26"
"B741925D13D4D661FC86E894E3C820DC86D2841C3D45B4BEE3C8E510905409AA","26"
"DFD6507312ECD3D73250CC7F8FBD41BD6655F42261888556DD9F33449DD1259F","26"
"396C61FCBD17365C71E9D922CEBD67CACFC8C8C45BB15E50F9D58D1D7B8AD1F9","26"
"0D964DDE0C76AC605FF473D4CD9D65CAAC97773D9A2AF37D63645566A1CED8D8","26"
"E4E0133AA0B649782FF866A593EB03DA088DB294899FF07B4655E3C66042439A","26"
"DABC0C2F8E0A1C966939F94FB7A7C9084B4C54CF804D142F817034BA35F8D341","26"
"5ED566EFCE7A77881532465BE8C04656FD2CE9AB3CC019D3EE3CCD7BD377EF02","26"
"02BF5C60424F5E631C93DBE924CA825B526905EB60A947738C71C37A71E7F661","26"
"DCA7EA72C6657F22E9C48E64DD639F14507FCBD97CB126F84D296AE915BDAE28","26"
"1BCAAEE824598DCE28391BE37580C4C4A47A2312C46E37B610B0A7B7FFEE119A","26"
"6BEA322AA4B467096DAD2FD48A9D78A5587EC22B62C34C98DA84F160AC0A174C","26"
"43912E301F657EE982EA4D42C6F4F6CD450AE8B0D243D314ED7BA5965ACF3616","26"
"B05A49CF387D56F00BDEC799913792BA82D18F85DA54901AABE9BFDD9B10B594","26"
"BEC66151AF8B0505C213209CB7ED301B859C1BAE76BC4E43EF2FF854D4937129","26"
"89160EF61D60F9E079F2C19DDB300F5D2EBBC8E4BAEF1080E5AA022B79CE0FEA","26"
"B6CF22184085B67D1E2268D41FD81DE4618D50E45BCBF4650F9D2C769A8D0749","26"
"4A8A655FC3B5EF1B5DC92E6FA74943AE32D0A6C871CDFEDF313EDBF6CD735D91","26"
"4129F6AC09A4E59DD31040A1A34B176DBC451EAF9D58BABAD784E93461F0929C","26"
"8069D502157CBE844233B8E805AE9AFCC55139EE54BD99AC0A57074034D74581","25"
"7EE4D417A8A886A7DCA28F9F4EBDA0B29E5A026D9FBC32AF4C43F11A8DDCA4BD","25"
"504190AA9A414BE3EC28ECF63621E605678DB61F2BF2843A93EA344ED6582C19","25"
"57E48693835E1F52C2C39F735561A2F966EA097DB26998D35AEB7C8B174DCE64","25"
"3CB13C07E55107A2BE1950AE3EF7AB31805F1687F622C171F920630B791C8444","25"
"23B0DAD2A60AD43835650DC314488D7814F9E9CF0686EC7990DD2183E49B77CA","25"
"6F6F5BB6D9EACA5EB8F40199D6CB22782D0A6DCFA854AC44B4CE721079ECF16B","25"
"7488CF57AE5D603E58AB8E248CB6E85909E98C12B7C36115552B1B840F779FD3","25"
"F06177FC3252706679ACC34B0440F09B2F873935E48FEEE2CF9DE4CDE40D661A","25"
"C8DCC3C62787544758807D1BAC248172319CD125F46E6AE82F4A2D19BEC77788","25"
"C4F85BD5A58DDA131DF652B9496CBC02BB6850AD8A45945F74AB35E9127F59C0","25"
"65FBE39F465E434F944A56743A3311FA265BC21917DFFEA5FD598AA264671371","25"
"C6C11C3DACD60BB02DDA7B9217B3488F798A0699A74B1D2DC2E693525A0FA788","25"
"18E16BF9F7F12543BF8BC23AC5FAD807E6AF42D9E4C33C9C42CD561C0164397D","25"
"CEE5DDA67976311038CF9EF8AEAFAC1D6D0AFEE7735FA757A6AE3AA28AA5870D","25"
"CEE5DDA67976311038CF9EF8AEAFAC1D6D0AFEE7735FA757A6AE3AA28AA5870D","25"
"CEE5DDA67976311038CF9EF8AEAFAC1D6D0AFEE7735FA757A6AE3AA28AA5870D","25"
"E18C6A510A70E8DF153799269BD07C079EFB3F93AFF38BB97FA7E97984AC48C9","25"
"AB9290EB1DD7F3AB3DBB768EB28DCAC17FA99C5C5D8F114F3E9E3DE23BC48F8D","25"
"BF4BF1494225D91CF0FF2CFD790BF183C4B268ABDEC704CC9A4F6D11650CC14A","25"
"E09C3412F0ED2A20C6031899B29EA9B7334E980332FE4BAF06123D889B173B89","25"
"CB7EB62843E61899BF39D4DF18A1ABBDD26E350D3E8B1C3BF32E856C9C3A5570","25"
"85FA4A57F511D05A4EEDC6C3385A19EA035C947B3D7A39A4CD68D092600DBB1C","25"
"AACDA048A71261E9977EB40B9DD39293032A4B5928B6DB4DCA23F052854B3911","25"
"99789F6A9C391A0FB3A96A618411F86885DA62F8B56E21DE7CAB34FF32798B03","25"
"F250A98EF4C331CD20B04002E56689E0EE84C2B9C2054092EEFB3777914BFC05","25"
"09EF106A8CA8F5E64D8990874B7D267A905C1B783B98097C35BC535107ED952B","24"
"7E51A1AFC4203317651AB374449F512F91A5233FD4BC79BD4583D136936CE0DD","24"
"D4A7CB0998A494AC67BEAB0F5CC5F4EC8AA4F1FE54F07970A40AE23229EA50C5","24"
"03146C6D5798C778C50D74CCDC107FCD2C934764F77705772930A2597451A5C5","24"
"034849F84B3881432786BE2E74163814E3226E06228142B78DF7E5AF326EB10C","24"
"E2005B07513FBEA462F48EFEFA8529EDC183BA22AE821C31BFA0A1999A99A27C","24"
"FB4E88B385938FE537E1859AAD65BDFF7CCE1CF1B5C42420EA4B405E3E2A372C","24"
"27E7AEAC6774A7D043ED6649C89F02CFB44541023B3D010502984618081F6570","24"
"947F1A8D8BE3D1845005C2A764079AB54B9E089FAA2C7089E3E683CEF384E263","24"
"ACA27F42CE8C22A8AEEB10129C943AD1E07F82A008B4782ECC93D79C291F0E22","24"
"DED24674E80D2844850A1E0CD857FF6EFD61E0332893BCDE1429DFAE997590FA","24"
"7C857F653931B8314725D0105FB6F3B7AD7CFDD9FEAE00998AE753087E7BF7B7","24"
"CB62A475326EA722A64C7FDB84F6ECB9D19E2503B9E9600A52A978540C8B765B","24"
"85C4555B618AECBDAFA37E804692666D211B4EC5297E821DB3EAD5CBD7C2384B","24"
"977E59D04AAC3326D67B8147AA704134A18AF3218C806807A91795BE4F0409B5","24"
"B0E094C9EC14287C248043C04825BEE8C503D5E93824501299DD9C0B3FE86E5E","24"
"08A2360876FE36DB57E2F41F420A643A5AC66FF78260C6027894753ECB6B7119","24"
"82AEF0F803EA601D94BC1FF17B7ADA286AB2608DAF331F9DC65FE8AEA54022F6","24"
"E61C18D58447ADFB9C4075A36BDE7C2CB7EB6A177C494436CA341335B04C4C97","24"
"4F316226FE32474C698D30E3CEDD8FA6F16DCD4A6D2567B23A0384A04D007377","24"
"F8910A42B33098A5AAAFE137B4C9D1699D4E4187549D712ECDF877DE07FB9413","24"
"12F5BE67FE2ED80664A55AB2E0FF2E1346BF95CABC125DB504DA743C8A17A522","24"
"277BFAB8FA9C2D5D78DD296DF5A004D6E3B69B734E84F5D531DCA50CD2FF1503","24"
"859ABEDEE1BBE73778AE0C56A7825BB7AD3F63FFB127C41192914E182D4BC295","24"
"683FF5DDFC6B0BA97288D943FA79418FCB420A977CBFB3156059BE8C3CBF22E7","24"
"CABE72C39B65BEB74A84498E5C70FB1E9619CA4F6FB1E86CA12FD3F54BEB5B2A","24"
"CCBFF3122F77001D419622D899A82E4401402FA1E1713447DEF97C121161050F","24"
"B6A46230DCE5B51BB86E6100FBC13D91BC5549B661A062D4406350605A4A43D1","24"
"7ECFAA51D82B733B017DF8FCE7318C79AF0E390D7FED797C4B12414678C35B61","24"
"0BD19E23562BDAC55C0B69B3F5E59D98F7BAD74640F3D243F7D25E8408B69D57","24"
"0BD19E23562BDAC55C0B69B3F5E59D98F7BAD74640F3D243F7D25E8408B69D57","24"
"6ECF3B1B388D85A4297732F4D266F83E6F1ADBB7F4AD89C7839830BEF7B81B32","24"
"6B8CC03801FD9A0EDE21CC9735152B53D015F1BB4724132BECA2E6301322720D","24"
"8A49F47F05BF8775B7C8CCFF11A99EF35A1CF999C0FA2E9784A2E417DB4B9CE3","24"
"666A5714DC0ABE85C63F336C8BBDDD744F05548D3A3633430126A33C0C28156F","23"
"6A25B1FBE7D322670A1E763342C1FC3761046C387524FEE33359BF601B2A5FCC","23"
"802405B197A1A4C4635633C5EDE07F2325FE72741E0C4BD2E9604E30E241FBC5","23"
"4D668B3BC86A079F58AD4081B19D1D04C55D703DE4E5FA22623FBFDC481882EF","23"
"97F773D9062BC44DF9BFCED78139C36E53656E3877A61B7B5CF81F95646F1542","23"
"212BBA3833BA954E563A1CD742884B6299EBB03041B6513F2FC5FEDA135134F8","23"
"A5670F85B76A3DC5C43A8305D819FAC414CC204C031BBF134EF1C585D9937595","23"
"724E425EB3373858F09A1D44C4C17BAE42B9409B5544FDCB5BB0D70919E50A13","23"
"C996DC6D0252BC1ACF5D847770953DB68FAEA270CC7608BC5DBE0AEF75064210","23"
"69F8F88656FDC8F05A6C3F5069386E8EAB25DBCD35702FC6D167B13A6FF6310F","23"
"79CDB547B3CD521BE89C0577A7330671B7DC5440F6DC1CDB50C0F8DEE8A9DC24","23"
"1D445819CDB5B2E7081112DCE12A0FFD87EDD3A67A6B65D1E01836004863D3BF","23"
"CE6D96BED3DB8459B53369E2086AD712F9F2CC852944D53289CD1FFC528206D7","23"
"0ED62E24D930FFA43E135B370F683E63EE2F790D74591CAAA051558E28B8A474","23"
"3428E9C86F4F302377F5384F14B8942937A7B69A350EDA8E3237A52219D02DED","23"
"6AFBFE7DBE54BD2FD5AE252A99C10774584F32FE5781937FEBA4CBE1B29D963D","23"
"80749CCB42B249D37481B1471E7A5CEEFE8BE00924B09828DC2EB72EEA8719EB","23"
"EE0A58634903C5CED6413DCCBDCB51C50C76C039E8BCD4EFC017E8FFFA0C42CA","23"
"3D33DD1AF73D28D6D639447879A47A298B6E65EBAC3E609278D95EDD8F9E8921","23"
"EDD456E17CE13BBAECA0062A214366F3A6389839832099BEBD387F63AB1EB1B7","23"
"70E73AA88CF7F433D362242C0D99D51FA1243828B33A8EA9D5B559B711C4080E","23"
"0653CF092A3730025A0C2CAC0B7A5702475FEEBA459F937AC906015F0E97D37A","23"
"4B21264DBE8209CE505199133DD37AEF468691904DF92E0140A7C0648DD65639","23"
"4396B4D94A3DB7BB272D5FF553CABCEE7299B0770877B2B63BD96207E38EFE6A","23"
"010EA277776B4FCA5518DAAC7D0479ECC10EF08817910F793402993312F6A441","23"
"1507E83CC196DA43B8964D4F704A620B01CF9A72EBBAC1634DCEC7D730E1772A","23"
"7901D6AAA851CD1EB58C64BF79D21D072AC378AFFDE535830063DDD4B96C6D5D","23"
"D36ABD766B6EF61DE1614C62A04238C5DD214AD6E35383DB5939D07FD87E13AA","22"
"63B7D08283CB64C917DBC3616242F95E71CFFA55CFCB28714CC5ACFE05BC53FB","22"
"AB213763730CF83F863799BCF93EA360E1DEEF915F6CF3032ECFC946BCA7EB5C","22"
"540682DFA5FFFB6DBC6C13C9DF86CAC109627687EB7F42BEDF01BA32EE7706E6","22"
"02B6042E978FAA2B6C4F5534D834D4732F14F1AA24647490CA271B683D64AC7E","22"
"1FE38E0772AAADB938BA4E83422DEA239752F49332AFD8EAED3370B31E740519","22"
"99E43B9EC2BB57AC05549C88C7A8EC21FE26412D2D82F05FDCCD138AAD1CC937","22"
"7BC9BD6894D0F6297C0E203B3405719B428A63543133EB4C0F13FFEFBD1B1855","22"
"E6A20754D4286259D109B2FAF5AB7669C84B38639464468F5C13AA28BF16C786","22"
"71CA26D6BAB30EC82C3C8DB119D985B7443A9C86DDDDCB809A650995FAB043E6","22"
"B893197A6CC91DB29F1625C19756000F59584815E5F0D8D2BA67F6425D92D3B1","22"
"942574C05DD9D7D510D06A382549119F9860BA7E8065D32CB8DF931A0F697395","22"
"A96A83D7CF42B8C5EB68A0FCAB88F957968D2835188E54B5841880DB14B23CA7","22"
"41BC9FABB2A15F63F7B425F953800E41817016CBC866AB017A9EC636D32D6A1B","22"
"9130BE70A28BECA87E4B0E81E46F46C0C32D31E407F016F4A730700484B820E5","22"
"A04D1B7D5CE6DE095078428DA82F8C630610C983DAFD84DADA607CD71306D11F","22"
"9527A181C0F257DB0051B47F27031F0F693D53E035174FFD46CE9E05F38A8C07","22"
"1CBB9F3702F148790589B9BC500EAEE4F1D843BFFD9674974F9F97521F1D7E29","22"
"8D327AE4B9D32087F7CEA74D1CDC46ACAD07706F186B9CFDBA80ED1E3B7BE395","22"
"F1978C17D0ED2A198161F90740B2D0113984998C055D4D6D45D2A9AE7F7098A1","22"
"0FA97663CB860D85F302379C038D15F76EC2F858E599B46411A126A721DEDCC9","21"
"934C397BF773935522798C26C2BB8EFC389A97D7A5F57EC2CDCF0B7AAE77B95E","21"
"13A217D86DD3804DCF6528739ABF569EEAF7705B16F0749CD121C77519CF7010","21"
"320521AD60E836C88232E4726F4DD2D11E424757576B3813299C2179C6AADB98","21"
"ED5E18D76C3097DBF74799E206E57D3F18E75D0BE5D823B0CB62BA6088F53C06","21"
"ED5E18D76C3097DBF74799E206E57D3F18E75D0BE5D823B0CB62BA6088F53C06","21"
"F9AC84DCFB755D8B73454CC3609C55CBC28C39E57B3C6F7258B3378F854D4A57","21"
"A3F6EBB238242D9CCFE9A800B51971BE0D6A63FDC24AFA8968969CDD7A7C2A16","21"
"AEDAB0A0EFE151CCD0650C79B27B2DCAD250E4924350F999CE34D47E32723EF4","21"
"36BBAF7C82E1BB670C6FA507D276EB7E6B2DF8F78E291EB4456CA802039C8C27","21"
"CB57EDB3CBCC3EFF46DD8C6797E49CFD6785FE31485F3790E640200E8315AABC","21"
"259A0A164B07A5D70BD6D1E8BE052D04AA51008ADA08B9F527FB67476DC042D6","21"
"1B9F99BE303306FE905EB387C84828D354B432B87F43924CF18BD922C7DDDB8B","21"
"A9F865442FEFE0676159D1C5BC73A00A288156279F10E21ABB5719050121A181","21"
"9D9021FC62245DBAA5D1D4CECE0F43AFCBF9EC3ED575739472A328AB911BC5C0","21"
"F14EC88F47838E2ED74ADF5BD5E6BBE32925364DC660765E2E2CAC701B547910","21"
"32F868456703E31549EC4EBBCF29A68A9C4DFB90339CB503A85B1020994F7349","21"
"323FA268CE85892CAD7F51613827CEEAB47B401AAEE7F3E595936FECC1BDFF47","21"
"A131DCAE86E8E5554A566CD2C873438D83954A0B949F3FB6FF814D16516871EE","21"
"B64FB749DCE5E2302E99706400D824A7E3D63E98C56BF6EF4D40527E7333F6A2","21"
"60DF706BD0780095CABC96901AF6D54B44942C812CDB320BA6D78E736F6E66CF","21"
"3019CC955C8772862C57975358E2B1261B605CE5AAECE38B1A41813E6E7CBACE","21"
"6EB1E1C6F29E77AC3E3CC7C71432F974DD77513132A9F1862E515E083B605D4D","21"
"FA4AFE63280CB4C72DB4201726F65AE63FE8B0871F4867329E937C51F127E0B7","21"
"73840274A53BC02232DCE1680289FDA3AC07D37C42398B68C33F554A844C0808","21"
"5C4F257E79BB8B19B15C91D04264824B21FCE3A07829DC075F65780BE7CFF5D5","21"
"E5E1A25580EB7497A4BDF6A000BF818D5028F29DDA40F60AEA7F4AF36C9A5E06","21"
"2D4D1C2825ED9704B9C314F149693F6662F12B3DD94F5740C83498C1A142A868","21"
"ED433FFF69995B52588DAC277735B872442CFDDC582CBE04BE6DE0159ACE3457","20"
"97653F1FC83EADA6687126C2BF0DEE7F49011936DBD8A33746BC1E445C0C93BB","20"
"406AD9C52D25911B2D8A7B0DEA0F0D588CA299D850AC89E321C58155D89AEBA2","20"
"39766F668791F0B6278F0945619E1EF4A2761EC50A1E562766AD87C97220B13E","20"
"B08D6138136DC2442936EF3DDD005D445C77A9FE38434D04BBB48D8E5DE86DDF","20"
"6B9388C89235FF871E98CC6BF0F4FEA8CAF1EEEFE6745F4275DDFA038D85CAF8","20"
"E288F2408DFE1577F8DEBE1E3949B77A2D5F3D61AF4CC6EA9A1B3FA45963F11F","20"
"13F9888A29F8E46C1048B42EAF595B3C4EC2005370447B9C5B252A6BF5CCD184","20"
"F551F8B0A88162EC6F188E6C2DCA90BA82580EEAE566235A5DF5C82FAFA157BC","20"
"E28DE79A2C615560F9BD4B0CA655879CDFC910645F6A3B9F03EAD2BDCDE0611A","20"
"AD1ACA27ACAA106C9576698918C46015124FB1302B761644F5437174D3B59C3A","20"
"16B41A95F9C9A317029380BCC55F221F421F77C52F67EB3D2FDEF4BF8512D836","20"
"0491887F52C410E6692659AA3174A0CB75A0943523996C60C51CB0DC6857DFBA","20"
"567E3320ADD15DE5CB8296E6D038B6E3F9343587772FB91A7FEB0DD942EBD03F","20"
"4164921D1D3941ADE945E87F293F561C69A9EC914AA958A45C53D53D2C696C0D","20"
"7654A1929BF7EEACADAC20EDB4556D3D63E1633690332C9235B9A1554D08CBB7","20"
"4436AA7DF195B56D8DC8A28BA2D56E39775462B7F525BACF6E318D9535B54784","20"
"989B3A0600304469EF189ECDB6692BB2DB04287020564ECA1B1060C2084E84FF","20"
"BB7608D3F75032960C19650F65AAE783C1ED71038FC1A91AAAEDAB81D6149FA7","20"
"6956798D619AC9A4F32340686BA1F2B7D64CDDD9922045E77754B96673335704","20"
"C99E3D2C6A202BF9446C99B9DB60E492076BCF904287102246A4242A5610DB36","20"
"3CE8627F080C62EFCEBBAE08561A3AEE429C342B4DE775D86CE7D1C8FBB7651C","20"
"F521990CF700A41446529C4A9A5430A030BF60BAAFC2EB0A63597E9B38C8CFCD","20"
"8CE6714F408A11471BC1A2E00AC945400449CE0ECF2A3B7FA8E02400A0EE3276","20"
"5CE4E30A719AD428E677FAA3A94C0CA63AE20A5BF772591F68F1C06F74C5CC6F","20"
"D6ABD81C399216374A50F168B6F3389E8305D96F94BAD54DD3399A105A89D279","20"
"D3C915B31F003BF223731EF5C23667CC94812E61CA842E6C3420BE9F97D28077","20"
"BFEDABFD9BCD0B31D44E1C12B68EEDB3056133362A0EC09C931723681275120A","20"
"27F2FBE65F701B18C7276767E311B3029CDAB466A8F4D937B0291912445C1CC8","20"
"17B65FAEC618AE4D5DFEE198264A31A95995E41AEC478077C2BE6B8D390BC9C0","20"
"15064EFBED49FC0E9A26EB36BAA1EC4A22BE4E0420432BDDB3AE499BB3D67119","20"
"CD194791ACD5C0EC90C76A861BF70EAD1AB0A376A9F4BD7E42AF5C151BF7628C","20"
"4F279338E10FC83419C774569E6A4B1E13660798B92E4BFE4102A3856BC9DEB7","19"
"D9FF011245C4CF307E4DE9E8C6618240F761E8EB8F1B679CA0495210AA4D3620","19"
"FE9CE17BC2B3FDBD4256C0D1C575E00E45D92BC0BBBB5336F0F72B6986093C61","19"
"3375566BE4C6D69EE020B68548E1AE584EC56CC218DD91F01CCFFB3FBCE364C1","19"
"4CF46E44141661C9B0CFD477CE8BA91FEC8F45E9ECC26C7F8EB97085AC13E7C4","19"
"3D6C1BF11B4C83F928A2ED11521285E90196E6CE45CF8F02D05E8EF24DEEB39F","19"
"A7541C787E2B7F081E4F1AAE52133002CC0BE36E0580B1AEB66C9AB7C362237B","19"
"5270D5595E96BB4B53AE26F3A3E01785177600D43A0C4497B78A2849781F2EF7","19"
"824F80810D9C7FC8702743FB5DAD2505CAD606CCC872EC72117448E0081BDAFB","19"
"BC1CE014E2A5A44FF921BABF2CF57B45392746D906146D9C0C430576FE7A6ECC","19"
"D62AD30408D2C4F9DAE7D571033C95576DE79C309CF229FA1923F2D0E58C20F3","19"
"1C77896D307434DC45FD405B86DF449D4B0B66CE059C26251F8A8AA44BBB65F8","19"
"F885FEAEC18722D64577419B257A3079D93686EA612654F0D1A1D1A98DC80EEB","19"
"62DF881F0A2F3ED59EEB4D8F1D29E10B0C1E5E9A3BB34A4264FBB0973228BA26","19"
"33781E43543B0C8E618D8CF47208E64B388E01923BD3F9150CDDBE77771957B0","19"
"79DAADFBF57B1D05E7B4982D07D0AEB831A2AC7C5C6E5CEA55B8EF4D44BA0A75","19"
"4044D3C5126C929125BE2DD12FB6B9B619FB594C420BDD23F0141729286F0B4D","19"
"61325C020C4C1A58700868E175E2A4505EF35E203215675436576B0EBBD19EC2","19"
"28EE40BE6A95946D9AD33034AB93D49B91667B9F628B7C60B32DCD59AC6287B0","19"
"06227502480A38EADFEFF2FD43C5AE1FBE3DEFF9AED12BFF14DB34EE5F0B0828","19"
"1238A9B6CA54A79BA0E4EE3AC9DC390408573494C084B985E2001E0D9D73A0F2","19"
"6F559015AB5CD2AFCA4DD55176C2AE0CB0A2A410810EB927F0E771D9C8314F89","19"
"89259E8601FDEF4C5BDE5B00F86427DFC6EA87816963C2C4DC6BA7635390C000","19"
"1303163CF3B2651D4D14585E4717751A080422561FE5B792380D31E6B5E8A7E7","19"
"2FDBA1059671ECA5766B16DE7D7B295B6924FACE424EAFA3BDBE8756A63FE4CF","19"
"6823CE34B5FC1168DB4C184083ACDE8377F659FDBDB81CF2D149BD8A28D8AA86","19"
"FFE08B358EE429A4CDEEE91332E0F9FC167A72662B2226C7275620802DC3C1FF","19"
"F18014682EF95991C73BC32B4A0BE9BD199CE59A3D2B81C3936320714C149DFB","19"
"E3A19ED654CD8AE407B448B35827799120B965D16577E3678FCE53B59F3B3857","19"
"8E04F5B98D11FEF65E11B8111917E3B95A2C23A51C891B1BF3673AC7B5A14AD6","19"
"61B91D825E44F0C8077CB70613D0C5C56A3E9EBA505CBC18DB4B3A1D0610EC55","19"
"62159C924CF27BD8269CFFA6445ECEE14F0B05CEF63A0A3AED758190A7BA1E7A","19"
"12A090A6FD278C7F1523F87635FCB4C889EF8E11C0A51AEB0309A03208B0E33E","19"
"CCF71EFD5E3D15D139BB45E0E93FE0D8723A0849D6621B9E5045B59EA42B6A1F","19"
"F53DB063B9C3582192F55D09CDFBCD0150FB9D79E2EA3892C10B011C69F54E75","19"
"111011D33E4F7520737A5FC46F77203091F84E152554D04A5D9F59AA5BB753C3","19"
"005C849B70F16A33F33E0AA1CA2D8029056E816B3869DA511E6FB8317186CDCF","19"
"7C36F7B18DEA77873E284D7BFB2512BA6A0F2D3795A7274D503E9F1C5848C28E","19"
"01EB9495FE89FA21F7337F9C58D46D17AB3B51895568F786FDE070A2E98E4BFE","19"
"E3DC209A4CBB8647CA2BA9E739A48B2C620E40AB6E952AC4FEB0BB19ED2D362F","19"
"A6C6CF8FB0517C45CC61CF8A772D8EA75896BD2E6073F50EFD3B8845A2E471F2","19"
"F1EB08D1EF1856CF5F838A586FB5717BAF06CFDE46DFE4FD107C085B87A63F27","19"
"6196298A64B1C5C30099C32BA067675BFBD55DDD80CAE570A1B31BB962C10BCF","18"
"129BA4D019E8A1F50AB0C90E31F493EBCBECBB15D3AA4D8CA049A55CB37A00FC","18"
"8D7C97AB8ECC1BF0ED1256801A2B5B215E10D84466291DC405F039FBABF67976","18"
"2194B0D3ADC491AFECA26D19825EB9A3770665935FF9044C21D0F835C1F7E8FF","18"
"F641B3763360082A2CD83E5F5727C66D0124095933F410BECF236690672CF020","18"
"D0CF07AD40E9C5BC2D16D59F88E13016D22AE0006F34611548CA5749A859D1ED","18"
"97A8DFF5EF080F15828F38EED989D13CCDB81687CE7351E5FAD64CB5051E9B07","18"
"949E7D866713644F28B079BB8BC4EC85CF6AD4D52FCBB1BF0A6A92523B55AE28","18"
"977D80D6B0DFEFC84981A568C89ED53DF5B4D36A3BC5FD198A14AE7B00ECD852","18"
"FAEDCE7A8247A899C14E64197A9C2D194FCF2DB375E34333223E3A21B84529BF","18"
"90F0C228AEDE96DE2A97313D7792050EE95DBAD69B06FDDF0A2A3510502AA1F5","18"
"0B94A2A79D0A7FBF9AB6DAE7E0051339FCFDACA567F1BFA1CD7BE5003DDBFD42","18"
"DBF4326616A56CD85335C081EAE6E72187E406D8B1A71C4B8C00FD27CA6004BD","18"
"165CFE23B83EFA397CF32AAAE23F8CA06CB1AAA6A6628AFA10AB2A19A4EA8E49","18"
"A109B9B208D6639493A97413F2B6C914A8020AEE451A8895CFF4599D5436A7EC","18"
"59E2A2A8BB06F4BD8C47588849700DB6476B3F31BFB4DB8F0C5922B672A59DD3","18"
"9ACE2C916CD9A0BCDDBCFB6C595D4492EEDE81AF2AAF7D1D473EE585EC5EC6D4","18"
"E3193C4A682D77F4861F5FE606547CA6A1428DB9B153B80496343A4753631552","18"
"4B44843922549E5999F1AF314CED817684D2C3476031A62F5EBCB00E3749162F","18"
"F008D9B81185B39EFCF6DD00C863F7FC1C01C36B34EEB433DA4248EF42AFF094","18"
"523A2611A12833D80B32DAC4780E4C429EE4A0C60AD73FA932399B4D89377A06","18"
"76350FDB39F523673F319C4FD232245EB22A58B3100BC39735818F56D93A5E3F","18"
"EACC6CC91B4531E8866DCEFD9B63820A975773707E4E2B273CBAD034E77A4242","18"
"B844511846386132BB1CC730E9A4B7C4E81A5C8DBBDC7C2D9260BBD8C9B702CB","18"
"5A97A50D01273D8259AABB4E5DB91CEF9E38FD85425ECA3C647DE41A63F0904E","18"
"58F2211A35D2A8C28B2FCA73636B9D68AC23E383AE6C48F6FBCDE5F15236F16F","18"
"19A5C4015148AD50D7AFA863883998467AB630F7906C6C620E7E40433E83336B","18"
"5D0D2870CBA157BA84C9A0CC136B51D27C2CF8847C5332DFFC49A2B96E5B4750","18"
"C5278D442E599F5DF774A1F54A87AAD6C206C06A029069D7A9F71D3B6FB4A003","18"
"4033F4F440AE12667339B988A42CB931657F66E9394CF3144AF24612D4604C0A","18"
"42BBFB0D9A5F9EF2266B773FD18677C08D0462452314DC46CD9C7A2264B3C3A4","18"
"80B39EB27395EF2A4D6CBFBDDA4D7B8C4476657A20B55544FE0D5F7020E1B25F","18"
"370166C3F2F28CDC3E60A9D3B222CB930A73C6D09CDE22522258F7629FD86672","18"
"81C9073C2C4D4970869332F9B7C2597197C71EEBA799B5A585442BF9FDCA9B5E","17"
"AF48C4EAF9A25D8EF19302EB73C44431802430D382F5DF2B86DA6F886677B42B","17"
"C9F3C02CF2E001C5CFDBA6F28993710992275B22B13717A8715C92C007D874F9","17"
"45B040050A8BFDF8E13F0F35B7D2C7453F3E8F4323207B7FAF592B9B632A58A7","17"
"80291140546416B53696BCB95D59CE59BAA4DEEC896BF7B607DCA2D91BDDE1A0","17"
"872A0A2BCB943BBB3CD025B84A6179C480D500B541FEFFBDD3173B363D2C41DA","17"
"6F2B48A635D91C7DE31CF8C06197FAC81D4C4EAAD3386087F0B0505D19C3D9E7","17"
"D1268D38CBCCD4A107E87D41F5F12D05F3920A9DEE974B79B1E6EE173D939866","17"
"71C8651C055F9D973795EB74708191C7F925553CCCE9A19FDE0EE8C16BC0ED58","17"
"23077AF3E3634F4E7049235E62C7011AB2D691F49D6097E06BD44D0F626E2BED","17"
"F0CC902138EBE492E7FD891410356124B3FF6BB61205F8E87AD08CB934F4763E","17"
"6BF44780BD9D0C33657EEB92D4CFDC1709DABE20E9914F32BBBE22F21DF3C600","17"
"47BB27EFE5058F25D147D135A64CA31CA0ED0F424EEAD23BD588DA918A1C9A00","17"
"2DC3D999B570253FED31A35A1616D2A631C08B82C62633CD5FB9638097C06A97","17"
"DC5B002E580932482F05B3CA66622EA8C1EDB2283EB4659467F0F33FC7C914B7","17"
"CB6A7465C07A3FBB407644F28A06D088F0B6541D53FA179C8EF2412513042C7A","17"
"39512E5E65852C205B30DDFD1D026093B3CD1A1927B2EE12B541ED1E55FA2D66","17"
"9D8607335A3487ACE227872F70C0F0173855CA27A77CFFCA2F1400FEA31289C5","17"
"67795B9703569EC9E3FE4E4B33EAE9650C6BD203477461D936399C06E072480B","17"
"D8833B255E30D078EB0A3DEA18664655A74A60E02366FB0DA8FE81D44D92A4B4","17"
"455F4B6712F5B5419F9219812C4D100A76F4A341E05BED8B500931FF4E35E035","17"
"6467FB073D98481A46ECA95CCB398BDAC3779506F6E472619A7D46B2C5913410","17"
"6467FB073D98481A46ECA95CCB398BDAC3779506F6E472619A7D46B2C5913410","17"
"C084C6395BB4FAB4C6ECDBAACDB1D7B331003C8C631BF71E7ABF61DE4C64BBD7","17"
"029AF6D0165701A7E433514907F8641A4CD7562C81E66D57A01E8C1DE994A42F","17"
"8B8C3ED3072679D983F8C3F16567E357D7A7276C32F962A4E029FB96E395A829","17"
"AE4CB7EB18428BAB1B010E7A970C3F37AB9805ED5DA1C794AF785F14353DF6E6","17"
"20CEBCAA459FF1D12D4D4FE66DDCA8DB7BA9CDB63F93C8D30622349489BFD977","17"
"029D2D5EF6992C35F01109CD2D4D585C3076EC26896FBA06542C89C485FBD4B7","17"
"EA06AE0409FBC04F945C24FF2524D57517C0F5B172EC5B705F53259EAF0FBA1A","17"
"7C627C2F4FFB33CB4F042BF1F2E9C22F6F1C5DB389471D42F3C7D8641AE77EFA","17"
"85EFDD5F3B006A81CE8CC147289C9E68E0B199CF65E7389C777EAFA39279DE3C","17"
"E96306EEAFFCBAAB850785A6A0FF0C2328E2185C5378621DB711753C026BF46F","17"
"7E338BF1CF47180B28404FB266B9D303EBD099B8299658B1D2F9699050CC6DA6","17"
"DDE719EC626F19E836905509C1868ED20C55702B02F98573B9C8FEF7564FADB1","17"
"63F34A43FA1FFF02F42E85E533761E6A40645E3E3F57A9487E18843D7D83BA3E","17"
"43EA70D284C8DE2D36A05F024821C618BAE3652C9CEE856F56A240283801D8D0","17"
"99C9EFAADACEF144BEA3FECF891BD829A84980228E25B6E4B0319C9714DA033F","17"
"FE81F6F11B0EBA1FB35324A9722D3DA177495E4C2BEA8ACA5D443F5FF1EFB3D9","17"
"2D148AE673E13D400984FCF75A42F6A9C10DF8815705373F3823CC838036B735","17"
"214699FBD5D3ED2247305ABA4BF93087922F3E7C5AC2925B5248D7B6F0D2D69A","17"
"500FD9D581474E1E3E6A839821FCD2B01C8810C68D508D44E2C5BDF13A6172CA","17"
"3D09B6EB8F802DC594CA9AF8A8196750A88AB644A7F30FC92FF7CF1652FC3F80","17"
"7DE692A96FED709927B1E66A3668593D10DEE193F656C05ACA75C3899EB3CB81","17"
"F396A4E3BDA96017CB517E36B6A728A06112F75C47626A66BCC45CE7E7CBA253","17"
"DE81C297E88B6B9C8CF1F9654971CDA08DDF63C5F043906203361399D2764106","17"
"DFA929FE5DAEE87019A10C86083F57F2039DF85F93E68A05D625688E91BCA669","16"
"0A65BCDE4B74C0BCDCAF5C9C62CD7CEDA2E5DCDBA41A2650FA054D03419DE0D5","16"
"6D0D4190F10998BA13E2BEF40DD7FC55E9A336D9A700E4E37ECEDB5F91B02E11","16"
"29BEAB9C0FA44404D636F907AE21C0E52B8B0C2FB2D0B7CDEE9B3C05A54B83E4","16"
"38227C2B990D57282242933363D1212FAC1E058F025FEF53FA76CFA5674543FD","16"
"F76DA8AE94393F842717275243790F66442FCE21597B84207FFB248D53153D2C","16"
"4325B161434F5F04F2E1E5571ECC7CF88E045AF5B4A77D45F2ECC44482D5C581","16"
"F17CC50B0A9EC126F0980F05096931662CA6331C5648856B6AA10C7CD2FBA2F9","16"
"8D1884EFB431A6ECAF8E7D31DEF06F0A8E85792B4CB8004402CC2E7387D0B16C","16"
"9DC5EF245A491A90B4EDDFF62C3AAF1AF1462E9AEA8117D1AFD5C07C01E87C19","16"
"6ED86B54EBE9E33560EC4313EDA6EE265731CD979B0B00F55D49B9FD27DE22B6","16"
"C9B0D37112499667120BA6B347AB45316FC3F65BF32A3690FC2B5DB585949E4B","16"
"F96F35F420EFFFFA1C3E0636164C4B4EA8A1E70DC4606B58AB923DFB59D0E06B","16"
"84FC567E8C2A0E86344B9FCE30A1248CD0F420F5DC243F66C0A89A341968EA88","16"
"0356882521CDA680B3F7E8C278C6E505CDDC5345B25DAAC5177511A591B2584C","16"
"0235EA55C7D8E8BDB7BE96BDF070F4A6D51402F261DE6A3D6C799BBDFE0E562F","16"
"6F06AD79FECA789F00B591A319B633AD628D99FDAE452230459EE0A6C764ADCF","16"
"3605D07F9BAF18241709D11F3C1277A7D4815C41C6A36777493E4161CE88E1FE","16"
"F64CA2E33CEC5BA008A9BC74A7BAF61533418C2573658C8920E2005A240F1C55","16"
"303F263EF5665AA1CEFE10107537D336A8DC239EF93C44DA5221DA75B7103ECA","16"
"DEF602398C2820E48738E383A46698D3951095749EA7A14B5589699D1FF88A5D","16"
"7FB05FF77F6C9FE46C972578116DA1F4E463344B36C4E65101721262227E3ABC","16"
"A1FDC0900249593CB96E1919598436B6DA0E6E4E631F8F888C295EDD140A1291","16"
"92CF03844C3DB8BBD3B0AA0B29E33E03D2E13A9AAFDCB7B27444F099A4E2CB85","16"
"596394F51708A13F124A25DE35A31D49090915C9C9B4392303957298F4DDAFBF","16"
"9B24BC8748DAAB04770065D0384BCA047ADD059E96C727F2908AB4616BEB32AD","16"
"4E5948FDD2F4003CAA02626F856E7AC7AD0CA395E4BDE3D94DB05590E15BF56A","16"
"904A2E2C7328CDE1905EF25795439585C5DBA28ADE929AC41057C676CF623000","16"
"6A46EDF57F56BCA3223B5E7044ECEAE10AECE34DFF29E999CAEE38367FD5BC29","16"
"6DF39455FA3F7138EC364913136A62B8C93E7FC1D2873D34FF58BF596C572576","16"
"5C2D60E75BE032D70D2A283A1CB96CEA015AFD5FDB87F9BBACE2374DF1B62DAC","16"
"BA2FE5ECF2C1BC4430329665445CB40F3B765BB7031210BEC5162431AA29414E","16"
"DAAAFEFF009C5CEC7D222C3CDBAD21A1B8B098634B01E5E440CC1B988709AD79","16"
"EA30E056304788F4F43E33A5882D8C28C80644CB4C9A23E123FCE1AC70B0B291","16"
"F4234C106DC20BE3EF4DF27431123135129C8BE3C28D37C457E57073A91486B7","16"
"40B168A42DFE315ED9234BA2A935B49B453DCE83FE046093051DBC09DAAC88EF","16"
"4F3A369D946C6AA2DCFEFF70ED43456118FDC1B0938FF139D914203358E26DC9","16"
"955C1FA5588493DF7555A6B6BB71FE1E335BBAE034FA0F3CB496834BD7BA8254","16"
"16357E36E74C03D5EB6EA67A1A5A79A3228D5C5FE434F1603DD056A566B7D892","16"
"BC2007F1391947A4C4ABF4D486CACBCEE7975CAAD52D086D23B7E65652D0C589","16"
"3D857E436BEAC4ABB9918DC4EE8B792B6C0D317A08F6FC90EF222DAD279714E9","16"
"19DD3E2632ED3FD16A44DFEE357DF1F55441C2B35970C8E4029714490EC03BD3","16"
"B9D4F33B7AB4E61CB0F363DAE9F17A4415AC519D864BBD614C01B04E2CD2F325","15"
"AB27A5A025F66DC6A748B8CB2EF9D0D98E1A84336F5E543FA4C6B5B6BABCC108","15"
"7C15104A09FEAD4AD83B6CF6D42E4DE3671C2F9FF2410A0139E94965814C141C","15"
"C0FB69F8E38B24013DEE19636D6F413D84DE3BEAD0F9BEB08BE522D387B40D4E","15"
"4D48D3C9E656D11D7ACFE899E6DCF47E3752CB2A7262D03A6CBEEC5CED07F081","15"
"7FF599F616D9FF229AE1C6E67E37D681D13991F9ADCA918983E87D4DFBC0CDD2","15"
"7449FD20AEBEFEB38002542CCDEAC974561C066DA80C820D51AE68FF8F705976","15"
"39C43F9681B20CE774008B278855717EDD1C6994036127C23F65032C98001189","15"
"68D510E73094B61807B9193F9C59947135ED70683EF630944E622274D265B4B4","15"
"8D300338B057E92AE7E5223003CEDF657B13E616B7124AC6DECE981A03F7A528","15"
"7252537AABBD16C6FB5073D1695C54D53BA4A0FE3470DE3B453971DFE1138B65","15"
"9A150CA31FD2C7CBFC4E54DE3FB24514931302357D9EF5440BD4951438CEA21A","15"
"43AB56459FA9D0C9A6044EEDFA3B32625628A8FA7A76FD77F240327A90E37F69","15"
"CAE34A449FF233E95FAF04296A5158079E038B377D579890BB46CC7F0D54E9DE","15"
"2ABB48417FDC364369F626D0EDA16F91C64D3C3604565B1711D8D76C52AB01D1","15"
"E90A085F1D71EAB50E3C75DBBB6860820F2DE3C95E09D3550863BFDEF9EE782E","15"
"9429A62F0A406DEBDAAF70701677C02FBAC78CEA990A417C7D80D49C10EAB647","15"
"7A0972DF897289954EB02B9C2C112DBBF773C1FCE065A0990BDC258D8D2A1E4A","15"
"A6DD6A568F4C4CF94F2CC6E08E39CA21868932E956078BD7BDD265B096AC3FEC","15"
"A9FA797DFE0B514E791A089CF1D6B41E14D64DD1E34EFCB8DCB391C6AA159B3F","15"
"59A93F8BF89D0F06E53E15D20B7492DFA1BECF860F068F973767F0B46C28E57B","15"
"4BDBF77305CE6F1A86A8A981B6DF25403C397D704D5EAFF5C0CEFE70889D3E1A","15"
"7EB035A5560B1B1A0852499C42EE52A3163628CE6255AEA395882C36C4714686","15"
"E048DA075B593351A1F6A0305EC7EF7B5BF37622B9C04AAC7709F5AC9551317D","15"
"4F768153B7FE500998DAAA5DEC779BAD754F76D5CCA258B5380BD3F9361C94D6","15"
"BD620600330C0F2275CC9516330074F1CB186DA69141C016B2AC87D87D557FB7","15"
"B2FD6D7C39165C496DCBA17138ADA74F838300B249F1A3929389F0D78CC405BE","15"
"426A8251259A25108356519EB4D529994000A61F9CA88980293681D9E777C25E","15"
"F196AD27A8C1A5F0F0BA65282ECD682EB1F99688C3B897A4387AD1408C05AE95","15"
"FF49BE389069D7477D30B6BFA65A1A696D4F7ED2052E6F36F783B2E7F7F06249","15"
"6A80125490B4002BCB5CFE5D0C66AF76B79210E03AD9F9FD2D23A3FEE4BF8241","15"
"AE922D5814124FCD12A4166105A3BEB734A3B061F893C28754315A5374BE8314","15"
"527DAB706861F408CAB7C6E4FEAA9AA015BDB865914F374CCBF4FD68B2098D15","15"
"900E3C7744C6973B28C0D8F9CDBAB862233D77C26D532738E957407A7A50E4EA","15"
"78A07E212E3DA733194E465B84046971A806F8008B01C5424460F3404D4C457C","15"
"23249798E82888AC51465E297870EE192C5B47E45A6FA2D391059E2BAA53453B","15"
"2EB67D5C0EFD7A12500227F06851711F299A609D12436D39E30CCB7D7210D484","15"
"A1DAA8778D1E1F28D032EB3B1B067A7B02577963A48EA7DF8C5278533FE38BB8","15"
"38064134BCC5DD84D38A653CF2CAD70AD13AFDB5D07A9F7B80547E5E2BA46AE5","15"
"DC74B31E48C3794582A5F01104E7598651FC38AA3948A422849A5C18FB95A1BE","15"
"B0D85B666110BD45230C203B8CD8545B38D8C688808629E051E3A5648C021DD6","14"
"DDC350753F4CFE7FC9C4C7A438E4045D05880E48F8BB236D035E91D016D45EE2","14"
"59D5E99A4F4E1C0C134A88E33EACDCDD673FF13E7460C10FE4DF6EB31E85FAD5","14"
"1B378E603799DD0DFE5693EDAEAD72464B0FA62B6118FDD6FA8307C9A8062A7D","14"
"2B79CE290980DEB8E167EC0FDE1422B021B443BC2B9880715DE2B922A9AA0E33","14"
"D3E574BD5ABFE60B909465822965964FEC457EEF428F2BB32B12FC5D20A1207B","14"
"EEDF6341B59956AC3B22C4291682F1ED7DCA1F55D57CF590720CB91C90B08488","14"
"6015D0CFECF3AA01CD01A804F74BE1C8080C85EFAE98084F2D9D83F3D314D8BC","14"
"50EAEDABA64765564BF312FB1F322B6B00AB8C9813B6822DEA093500C51166F1","14"
"28D767EF9E7EDDB1BF941BDD2705A8725BE81A1A342753258AF333C4D7C7966C","14"
"0E71F5518E5274068277D67DB9BE3181EA11052D7F4C88895FA4C5506606F403","14"
"FFACC17D77B631C97BFB9EBE6562492AB8BC0EF1408ADE85DBDC39FB7834A46D","14"
"8450A5EA9225E7A3400058DCF560C647698BA51F57B46555EB04001DA199F6D2","14"
"B19B33B35428CCAC376EC33484AC24378C51F8BCA7F24117A9AAC63BF45DC682","14"
"4259C139F9F8A77B2CDF0E2DDFD994FE305D63DC8B01A4533F99BABD59BC949F","14"
"A8C15509A6EC1A0ADF3F4BE9C5ED985A30AA4A597A28BE40867AAC67565D850F","14"
"8BB4BC017E0D24ACC29EE65050B2B42467B73006E89B77C895BFB40638731C55","14"
"9EF11CA31345A8936D346E94434AE3E7F39158AE7B0BDE7898BD39AB85A19EB7","14"
"6D26BB4B315D3803D85C2F2E972F50E69C53EA2812D7949D14DD4A024ACD0D03","14"
"FE68856E55839EC284EF311538B9AB703FF4154CB06449F421E6C56CF9B1F355","14"
"D68E7E4137B767AF15008DB653F713EE1B93D8747D48EAD865DA5B0691FFAC33","14"
"5B920E0B9D614A64B84BD53BB214A694E3B435DF1824F24EF8F4BC7865D0E9FA","14"
"C6C65400589F21351EBD32524DA250935D1DD47A20A7C741536942D3814EC64F","14"
"CC634D73D9FB5BD82FF5B660AE5F9BE711CBCF3BBF03980D017EC533B7C34CDB","14"
"3BD14E4D46E8C0862262E0CAF19F5DBF6B8E6ECC9E6D184EADAB50CB958BF4FA","14"
"72A74FDE606BBBDD1EFB82DD07CE3FF568AD9B9C85515500C259F78995A1496A","14"
"15275962BB38A938BE319B2C6FD93D7C9AACE43D9F74EDBC6CCB943038238298","14"
"F339035D8DB3C90A8453211F66B99964AC3037DEDCA3A739E0EA659357025703","14"
"867EDB1A6779859DEDBFDA2CA9F04DE4DD6A7700FAD3C92D7F07F91850854323","13"
"281332D46F7AF8E41A0773854621122C4CCE414D3640AA350C78710BA2C6E348","13"
"A4E0391A6E87FB0D498BA549DF06767EE4161D8F50CB5CD8CEA0D9E8C8365EF7","13"
"A0AB4AA924A7CC2028046FB4C48364B55AD73E61BF79A9AD68262E9CF3CC7F7E","13"
"5AC40A4FFA82CEA949FB112AC1C62ACBED6F764707F5DFD00C1A7AB0BBBCE5A7","13"
"56450D5D0A4C1A2515D911DADB555EB1A97C5A3027CFF779D03B16F583AA763D","13"
"5AFD8CF21D1AEAAA1D7946F6A47862B2586B197E4047DA72FB47968048F609D3","13"
"7D5DDF4013AC4C49DA709953B562F76B626FBA0D02AFE9EBFED9B2344C3F6184","13"
"10D2B6D2A3982B347642752BB35B31E4CE748004B463DBC110F0459F0991F287","13"
"8FA51170C99CEFA4FB16A50139AC6A4BAC6911AC0A2B0B1EA10E10BF06AD0C65","13"
"103155A56C872AC3A43FE3E82F40BB5F5E7347D0A62F46F2EE5686EA396D0F35","13"
"26502A9A253052376418B75433B115CDEFB49DCA8B15801C486C59E90C633432","13"
"F07C564C74B0D4B8FEEBB78025A2EA98975854B4C8A4011BE713F971E9112F50","13"
"B37F2E96E778CD5987BD1CE57D8CB77B8B45EF9A0D6B0C6F55039611AB83D7DB","13"
"C0DCE68AF7893BCE0125B98DA9274A12038BAB09AA31BC6BC318A82E18184DB1","13"
"EE218F822B345DF929D4438A224999236084E6D86874A4B93551BE449048857B","13"
"B9AF08F6C2973EB25D5385D32A8FF2B4F9DB56975EE28ECFF059E8F80EF862F4","13"
"0AEA10C6B1B0100B4F050F1DE6C4BAC748F033A3926A81F83593C3B1D16F12A3","13"
"2FAFA263A2D5D67FFB1FC86C75D99B1EFA1094B4C5020609186E4DB37F6422E0","13"
"C00573D6676385B71E4F0E1592A608A4E1CFCF2B3C0E28343ACE544E024ABF88","13"
"4B2265BCF4CB0104564D004BCEDC154FBD6FA71A794BF326A988185404E56E3D","13"
"721D897EA006B205CFC6578566C83633AFA387479F13006EC1F3579C438CA793","13"
"38EE5D472242BE2B14EF7C2F9956F44B4510A4EE161514EDFADD4FAC247D10C3","13"
"284E796373E8041F7121488D512FF4756AB07BEABB5DF049FB85999F9364D5EC","13"
"22903547C83DCE9239E63C5E066EE9BDFB0A474FBAB1E53DCBD6D9AA32E298D2","13"
"F41B03F23A804C7460428E801CB40C43A0213EE5FC240EB210125F55E3633D0F","13"
"C8DAA209BA000A176E5A66DD36BF175D1FCDF448977E4A89E4C776453CB75071","13"
"27B244371CDD508D2A304B8894E37145FD9585CF1EC5B2A1770657152517A078","13"
"B3AAD7818F9A1E1897B66642E12D5CEB8C1E220AC27D308BA42D3F44BE4ED213","13"
"B3AAD7818F9A1E1897B66642E12D5CEB8C1E220AC27D308BA42D3F44BE4ED213","13"
"1C50272DCD873F3F54BFCF197A65FF5DC470E36F52201DF15E96BD94C956E6F3","13"
"189E179E6F745B39CD45B20C1D8AF03F0E4BAF1B7084A333A12EFB60F46E7B6D","13"
"3F3E1C25C6F30CD21CC7077578D4FD34B24444A6F3EA9B56B8A9B222F470F41F","13"
"5C8F98EF519F99731B0B31A95A0738B87A8C5CB5A211617506441D2CC25002EA","13"
"2366FCA3974868BE0ABE8716DE33BE5B567BCF97181E5DC9FD08C72104F10770","12"
"2A704ED397F10E685EF8120EEFF6C5D362D0F62B10F6E86241D3B1E9DE6919D7","12"
"3BB590E46FE2E81F38D973318A61F1C1EF81C20530A1634903A9D51A78ACDB4E","12"
"3DE39099C4205C047925EE5FAE73F6FC8828388A776175EF9CFBC8905C70F339","12"
"85C97B396A0D44FBA790F37A1B7E33AB41E8F98286CA8C66FA1D0EC942F791F7","12"
"CD5AE38620DDEB8D9C52BB626A9B8BF53583C2397C543F703E8E1ADEBB7A12DC","12"
"904D2DC0F112059EAD90A224793CDB7C67502B568D1E6262CACA19E4C36BF9C3","12"
"01C1555961FB4111EC1C314F9AA5F78988258B5AF1C31AEEEE1ACE308BFD9B3A","12"
"CCD10D35FEC5BE699EC31796171B067B5477977288C4FE9729C86BE66CF0DFE0","12"
"75C17975025B225AFAC0DC2DDFE87E6E4648BB301706D76E1CEA5A0C1810A9AE","12"
"FC313A77A635798574BBE3E871B42784DE58CCE5EE6CCA43C021A9C0AFCFEA09","12"
"088EDCCCC988C776E2ED4A6AD5BFB97394D1221DEF4F72A05FDCC7309C4DDBD9","12"
"53685A70FA27EDF10EAC5BE5FC2239F0C0E3AEA9D719FC76B90A64F1B29F9D33","12"
"B14B70255D1149D3EF0F2732B4C164228BE24283C2B54589C111D8322EB775B1","12"
"EAD238777C37E4990F57F735B7035EA5A57D89D1E1363F8B566317C9419B6EE1","12"
"E8957C8925BF103D71FC3D93AACB2C1081A76BCCB8CBE05509819E6B9AE5DF29","12"
"A92B7AF0496E9B09DF5540DE32AF1CB6F2365CCFA2D160BC376E5070004648CD","12"
"6E866A03DCB31470239E80ED0CE502DE6D95ABAFAD7B79722552E1A0A7F8ABEA","12"
"343EF2FB9C4C8223DFC2C572E9AB5DA927B705C47246BA551A47F7F71649A3CA","12"
"C025250CB45F6261E883B8BF6BB5BD8AD13F099C01F9F4BB7AEECBEE1E8B21D8","12"
"60F8D8135500BCEAE6BD8D601C8C7E7C113551FC502D3C75552618B26ACC13B1","12"
"17623028B286D1327C8EB93C24E821F3E6A4E10C16CF5F885BD04564F64C3564","12"
"78915CD06A8CB7288ABB1DE0FC695DB5AA59C9E037761636288F14B51BEE418C","12"
"E7FA89D8559A2458D2DA02323D6A3C9386C1906D628C886A3FF4854E4729598C","12"
"C5FB59B933820605453A7EDACD5AAEC6F14D109F952988FD36FF6C356C63144A","12"
"928937947C82A7C0F5F7BD5A80711B519DF73364D41936DAD560FB78E5E174B2","12"
"4F5A706CD90D61AD1076C0B1BFF1FD8644670CE599FF9D8E9026E2D7BA42A028","12"
"A3B9DFE14663B4A729E6A25D9064F0BDD77C2FC12D1C40D39972A18FCAAEB4A0","12"
"B56EC3E3516B4E014DC0E9858484EA0D118470593DD89F00DCFD141F0F33276B","12"
"AA2EA020F1BB1941E753E8C51A37579E3136A42DBFA96A9871921AFD049CFF91","11"
"6068104C18762118338DC8F7AB5D51F174A95A5D14507B29B67EC07A8E614BBE","11"
"DB1DA03DA97A9A8D2967BE415D1C34C0D4A55C0A74D68C94E13A1AC252ADAD63","11"
"4393E7522D997096602857856C387CF004455DEAB6253D719DEEB04A980E0837","11"
"7F4050733F778928901C6203242BB93C6AC507B9EC16E3BD0CEA5660BEBE8879","11"
"33AB50F98BCBF77807041D5BE5BD4ECBC26857A47D6A9A79F58E8C8853F85AE5","11"
"45DE20F62DBBCA26307DD7FEC54A18B55C7AFD3120B68402502E6099AEF7EEA3","11"
"55B2F604ED6365F243D5850DFD842521F08154F9299F24F27D1AF85037E04FFF","11"
"22524F2FC0E602879CE5E92715FE64F2FDC0BDF977206A8B88F74FEC71F5B488","11"
"2166AB199D145D3A736D87D6E1EA6FC31BF0886627FF9A7AFC8830132647023B","11"
"22CDF4DC2A7F0444003B0C357B03EA9ACAA47E1C2517FA79701902291FD46612","11"
"1B2428BC25265E64A2F55B57FBE46195B68A6676A27F4B1D338051E56D2B8639","11"
"40FF95E38CBD66C1DA2C93411BAD0E037E041FD79C157CAEF82C94A38467D436","11"
"21B13D412761E79AA60900214A3C16AE880B2240B3893C1ADEF20170AAA91B98","11"
"6F4CACC598C55E94EDC7DCBE1B06ECAB387D83EC5F6279F17D6FE789589A3F0D","11"
"3168709D6AA4B022E3CFA1433AA68228DBCB110B08946CCBB831161D243C698C","11"
"873CC2648556DA8FFC332B9DABBA9BB79FB8B40C5A2DF26D5675230A650E4E0A","11"
"B91F4E27E367231D0205292D8E70604B944C96F0471DC6707960D9127512CE81","11"
"4987F8E0C18668C98D8CB70ADE1704572682C4184792047609877B9FB9B3CFF6","11"
"22DF82E22BDB52F3AB568F7D5C3862DEE469C41046A374E4505915E0A8D6520F","11"
"95DCE6C6470206302E643F56786C1CEBC93A0ED1675119D273CF3F193662FCC5","11"
"7F7F8922B06816851B1FFF024FA7EBD45DC4F170B6E6ECAA37884AAD40B22DA0","11"
"1846894437D2018B266CB13C3367781967BD774554FDCAB82F7328AA5CD884A9","11"
"109CBC09E3385D49DF67593E7A9425E12338E9A620A61E017DFA4226AD4EA852","11"
"EB916703D87FBB7E263F90DAF7A557A7883C6FD45B5EB428F9874A44A1577D9A","11"
"3EB0A2D21592D6D1621A9FBB5D5D9792F3F2DA774860B309E2B76BAAA86788B4","11"
"9457E6DF444E0772C5B000F989FD48348E8856FFAB8157DBB00FC87A0D01BAFD","11"
"5217C346F52D2E8DE2FB04DABB8A66AEF4B28524C2F2D946F831E378EAA38761","11"
"0BD995CED8FE2E5C028BEA1AE603E86EE00262857A2CC67E572AF63F471295A2","11"
"59A9E203E04368CD7CA00DEFFF2A9B25D5CC049B5E1FE6F3B056E55E1519B767","11"
"292305C10BC0FE4CB4CD3D1191F1770997FD7315AB6A1B15D6AA6B8EF25BA91C","11"
"7E80B5CC92B3FD04635294797D6DEC9ADF863889D948333A330D46E069CC0B4F","11"
"683BEF361BB434578F0960BF962FE65A64E0476E7EF4E602F6A4A76B9AA87F00","10"
"D16D37B52AABE3972AF7C50244857E5CB3D770EB8FD34147F026F3AC5E020BEF","10"
"DE0DDCE986AB4D9E73C4DB433227687F2913F651200A86981F77B12427365F15","10"
"8F4C868611020E13A2CF7A972A1A4D3610EE57EDB80F61E2C43D895AF24563EB","10"
"4DC6D0D03B65A53348931B045ECEFC8DEB66DC54A3C28A694117E51D97D3B1B3","10"
"0BFFD8EE9A8B88A61A8991E7DFC7A7282587AF09EBDDF84DF8260DDF7E03F29E","10"
"9F6A9F14A7F55B34F91EF9A39DD0770A7F8DE4228E49A4AA20F9DE04929CAB9F","10"
"CFBC487A0A3762F12C73AB73B5A543AF5DE432B76B61D239932203E34C0F80C7","10"
"90E33A0CC65DD4E26F241089786861EE159E67385256CFB46D27CB8F09905A63","10"
"4C188B7EBE1B382CF45C7DE0F8D529EEF50C4A6EFA079763F79921E4E445EFCD","10"
"CF9DCCA53B14A522C59D722D8215D17D561CDD49B68D8342344D627236753FF5","10"
"FA98F9D199E508EA41106A678B75E39D44747BCF0FBA870FA5DC0A4A666356B4","10"
"9570DA6DAAA74A7B1482DE77667BFF6E235582C1C23CAA9B1994D76D8DFA1F52","10"
"BC9E09B58B6CA16DD115284FB9F4F56971D870915A19489E6DAE884647AA0BA1","10"
"B1B0DE1ED58AF73C50ADFD3E43CE92D1E0C91060B144375C998B896556337D33","10"
"FFAAA2A32E0DA879EE09C0E8F7E5C5D76B0CFB26D402DB2CF7A91EA77FAE085E","10"
"CF96B050DCD3436D62B721B701EA35C0BD707F20990C4AD6D38ACA5082B8B608","10"
"E9042D55C2C8BB25812DB4C9E1CB65BAF0AB5DD387394212F46CCD8E88671E5B","10"
"5A28EBF2A65EE6B9DDCCA9D88240EAB0597183335348DD421BC9975AC925D32D","10"
"254E09CFF11A67FF722DD90221A231ADC8A2575F9D57954D24B1B5B10799E0D3","10"
"B49CBEDA9168128D5C24220368FC1479924429F4E1539948CA15C4B74AD5E7BB","10"
"4B7643F84C41D6166F3DC01EDFE46E19584E6EC4C8ABE3DDD4C9046CD6A398C6","10"
"EEB8A2AB9B7B8BFF55C50D01840DD53B23C161FC16C7961A8699372976224CFB","10"
"09DC4E6E31474D9B0C8BC9C6DB536E3F9617B696673FC56FAF9CB502DFFBF505","10"
"F5525A6EA6A9E022E258B740BBF6FB2121FE0F87910D1FCCE9D47101A1A40F8F","10"
"353F645CB612394D7C3D0DF14245A871A3A71B220759BC1654D2FDE7198AA4B2","10"
"D16642A0B40B6075EF064743DB260D561684311DD286E777BCBCFB2201A089D1","10"
"E7125B565634F9BA9D18E10BBFB4BB460C9E5D9B66670C2E24A8D898A59BF545","10"
"2AE0CE6F9230BB079C7EF331E67BD81FAB4134B98C887305F6989E59072FC2C6","10"
"51F002DA844B67E4EBE4E09576DC8806DFA493D417A95AF08F54BB28E161A194","10"
"63DBE1D61EA8D2F001A4E01CF463C98EA6F656B03C8DDDFB2DBD24D68B29BA30","10"
"7F1A631812808CAD6BD43BDDE09DDDD7E7D62355E71C2F88518538BAC89109A1","10"
"44A89AD208F91119702748483B92B23FC6D484F79832D90905FD935BBEF823A9","9"
"A77C1AC3343DF70D385F39E1A2A0026B128AECD1F855BE118BFD96BD6EE1B44B","9"
"BCF34271A1BBA25660D75E8B5FDB46404C6CDA3555856D8CAC0214ED7E989809","9"
"D0F26E68C6B31B92F26D77EE9EF679434AE65BBA5BA774AAD8DB54AC5FCDF576","9"
"4B0767FD6BAC26B1CE78F94162CF2FD35385997DBF0BD0B476F9D8A3FD3369FF","9"
"C25B0CC044B0160EF7F076DBD90E258BA53C27EAFD7CC024E2DCC7609A75ABAE","9"
"D7D2A7A372AE8CA6EFBB602235650A15D6B5AD9DBBF382E40170EC1289D8F379","9"
"DC73C3882D1D7D8F48E30EE665AA19A6C6C78D3EB96B2250BCE479279766FF7B","9"
"6B2298A5660C57B2E0F06D937C3DD0FCC0AEBF6351D8B0A07129A4318A355FD0","9"
"E2DA084C62F6BE52C240FF571A19EDA7FB94BB1DCA5856CD67EC123581A60E92","9"
"311515C63EE474566037AC6CD6482E5F62F10C983C56A996BE54F593449E74E2","9"
"025ACB3716669D6928B03E168B734F91B5D0D4F5A86A4A59A5301343A98F701D","9"
"2F7893F5F3B0043EDB967C8B4467C6419E935537CDEEA34C4DD59A077D2E7B03","9"
"8F2DD1CA30671D17E7EED9E23FA70E6981A02EEB5C62B692A4181D4F3A65CAB4","9"
"002C2B000087780747960572AAE926FA8D5EDC4AD3042138F57BAEF40060A0C3","8"
"6C3FF2C6B2A66F4B078401B4EC415B0D582CC844B0AE8E2E045200F05C4C95C7","8"
"4276DA7A3A27DAB12AA5AC583A4F41A85F4BF4D0120505BD7D042BF3D44A50FD","8"
"EB515D09124A07C2EDD313079464C8880D86F42137F1E21B7F0D042197637CC8","8"
"52C7703D92E37917A56EB6C90E52AD36ABC3CAF7BA35FF359E710552D1F1B842","8"
"565B249DE75D1E8C0DC4C25959F38C4506903B63DC2C4FA61404BBB969DF1F1B","8"
"F7B6E574CFD526BF956D8E07A561F3EE67EBBE516F75EAE65153E805B8A58C62","8"
"059778B6118D5861DCE4BE97D17157255F131B0E8289278947F9A62386B4B72C","8"
"3E48CCF193C80A34DE8705D73EC59DDE93F350F9144B6201115780D6A58708EE","8"
"7F913015C8EA1864C2AFAAFBD8185EA31E6017A85A43064F7A27A54BF74D530F","8"
"080EA37C5FBA091534C816B93D3665FD10FDBD3554515F010C0EEE4A7A1420B2","8"
"AC8FE9C589BCD72446E1B3E63590B12535C8284AA022901D6FEB5B0BDF21E3BC","8"
"FE21E4AE7A39C75F7C6D26A0A571C997B5F6FACEC1EEA0FFE4489AC5F847D7A5","8"
"AF89D448699562A1A9100FAD0B3097763100EB61BC05701352CAEE3BD37FDD1A","8"
"FAB6C14843DD9D6F48EC9E2304CC311CF3381873E4013528B0E8FC5D6259A5CA","7"
"09849EA3D2758AD7D94AF4BFCA8BCB2FAAD91107CFD42AA87D0CA0281EB88696","7"
"A9C10EB7E63E73F610F1DB9C3A18292B2F41838AE8DA5ED8F1348FD99A7E7765","7"
"77815BD1D411F0A56F7B973E30B05DF786C364D4B6C484A6C51B7EB1EBA27D12","7"
"CCEF0285B74F3C2A8C4F70B0DD7E573D2FF0B86D9A5C25F163A17C98A13DD40F","7"
"6D8D638F898BF95285996EA26A9C22D68A43EEBE67AD3FC4CFBA7CA075E97A33","7"
"FE9E9E635C9A187B0A8B9AAE7BEA15FE150AFCDA3A6832035437FA7E1534BFF2","7"
"4B66922A809579B7CB7DCA8E65B7CCD2BD6583A936860B8AD2B67F50A2939F83","6"
"FA4D5F5AD6F0FC7386A8ADB59024650297627BEF841997B356EA710E8B2E6A91","6"
"53FC3D08AFFBEAB3D0C41DE3E2F290D3D09A293FB43FF5470CB5AD41D27F7FA5","6"
"BE1B69A445D80E1CA7971F31A020CB5F7368EF3FCFB6DF5FD5851A33B9A37A90","6"
"94BCF7F8375D7D6015BB863FB07ED297015A342269E1F2EAD001AB1117ED0274","6"
"3785119E1B218CEF6B99B601028B716AD161A72DF79F00409ECD6164669197FE","5"
"714D5F5B6190A6C265887F4642E858C089491AE5A14880A34469837A41223DD6","5"
"E885A03CDD7DE003A003811F51D0E964C361D2003532C6C04FF2088DDD2BC670","5"
"E66083036623AD93AA661B956B68D552AAFABCEE019987D093C914B46388BDD2","5"
"E18455419753068B0391FF15FBBA3845040AC72A0EF93DEA347EC4C7C6F884F1","5"
"3A2507E4187A2FAF960071E382385124C56698D8EFAAB33A88B65F663CE1306B","5"
"09D6A4116D1FFAEE8211A71D5225B752A12C6A562ECE650B4E2CD9E608439743","5"
"28B4F6456AE18F3C747402DE107518468F1F9C63C13A71369070EAD4AA58F223","5"
"E0D072F9C65C7D922F879782912E515872AF2DE6A1B46BEC3F61D4DE272845BD","4"
"D5ACEF87F242E511E55D6C7BC6F8FC858AA8F626088F8222D1B6561FE83026D9","4"
"2A832D78FFAAD8E586A7C8B82E8630CCCB2B88C559B4C42C0847C1238851134E","4"
"0D7F545D55B2CE070F0C59D7AB71C19A03D76489A7016F292065E4878CACDBC8","4"
"602873BBFB865110225ECF540C9EF9A1F2EB38B103F10901CA5397AE3AFA869B","4"
"401453449A980555E94AA21E4B8B34279ED0F2BB6CFE4BE703D2E7593DD592E1","4"
"5C06B2C0EA95805537B8BA5D2F3012AAF80CF628B763F4F6684FD5871BDFF667","4"
"BDBA5C10EA3803AFC2D2AC27990F16D3F767F756D0733ABA26E1373F36CFC8C2","4"
"78192197BA30E9AA039E4DD087335B5AFF2F87F7AAB32D7010C296DCC25BB232","4"
"27E2A7C2E25F308448A6459314F16406B4FF06D3A2E61B3A0E733E7252B2192E","4"
"F5C4B2B6C100952DD6832E1326A197CABE8F3C60BB17BD29542289A20AA73A4C","4"
"4CEA609480FA5A0D9CEFD588E9B1811FE2E0479940E3523B84B028AB4A7ADEE1","4"
"84D2A235A95B8284F06F2CF51295CE68D8E41A879056E1DCE53029A52F0616A4","3"
"6D2CF467A4061F398717EA7EA0BE76F201B5C03DF2A0C872451F7A113FC2BA9C","3"
"33B90F60E342B30039465C257C9DD18C08235AEDB4532D678861F2D4376C41DB","3"
"A54E98843031954068FB113D1E8D7DBF633B165E1D0AE0A487A464D3A1FC0A14","3"
"76E851B09F2F9752CC8B236B1B80D6F27953926AEE114B1940F0F2268D093014","3"
"AB2658A12A513E209688DA3496D2DB034C6AB545A6CD6F3A0ABD84C5CDE6338A","3"
"54854BD68AD3E61A8AA037BCD3E03AEBD10BFB15F9A9E3ABC3D11030EAADE41D","3"
"441B66206E47EABDB2E3CA452D1E464123BAF832E55CA202280E2F53CA228ADE","3"
"CA0E4634E07D79A0E3E0C9D38A6A5CCFC316CC4CBEB58BB397C0ED1CA36679D2","3"
"189758FCFBA7CE35E39B81E57DD38F0A772BB2BFA3D8E3FD99F2474BFA178956","3"
"991B7F2A79279144DE189B436A3CBFB9616D5171D9D0EAF8424FE92322039ECB","3"
"9E7EB650F358D1B1972CEDF2079DE50DBDF5016F8A3C5D8B409123DAD3ADB529","3"
"1E4D0FA5CD7E3296C92F987E01CBB4D15DD2B683FE6D8222FC8ABE04123C54D6","3"
"1BC2D757FF65CCA65B688B148BEAC9E69EC5AD5229D53785F1330A5C199AC373","3"
"20A04B48B1BFFB597CAC02113EC5DDD564098398E4DD4E769934E14D82A5D10B","3"
"10AED8E8D3ABEFD0CD72F1C32B9D0A9AABFFC5018A02C41274551F2AD38D1493","3"
"A5747BCA93DE61CD1B980691B4673EC3E2E22EE81E3A7061F285971B07A11200","2"
"C50DB201C229AFBA651B62EB301D1F9C3C42A2B2BC4FAC37B8AEB3F5483D4A4B","2"
"9E93DD13AD3ADFE218D2E43CF0FE77E7507B15F361D44BDAB6108F46462ECD0C","2"
"3939055F04A53BC82BAFEA3F1F47FA823B2D649FD14AD9B02F8B8C9672E31E69","2"
"07EDE7878CE81B8A44E84D8038B56B3821F4F9268AE8C2451E6509B49E994F14","2"
"6DE95B28010E9DE312D8AF60D119C3C2CF3E4B701BE67CE3AB2843C41AC906BA","2"
"8DAD302E6B283D7D37B6049B573F6AF6F099A64D2AA03859F7E3C3FD218023F4","2"
"998E9BFBC172DD486378613E56A1ADFE6222F2B86B0D510196334B8CA7E2FAC9","2"
"5BC0A103B0FA3058269F7BE136870DC4FE33055D5F6C57FE7CE073713025BF2F","2"
"749D7E07FE280E06DA75EA02AE50FC631A0FE3663CE6B1B6803711C22088B556","2"
"DB180B00B2B22EA308A189F7E1B3F962FEE93535B1890276D33E1A0E5CC6AAB3","2"
"7D7D3844A386841FF77F63293FBA0E0C5441DE5D63F7EAD7DB72FE68CBD28A7B","2"
"B61F6B27D93BADE0740CEE81AD3FD2AF80C3DCEC5573D139BBDA90610CB9454B","1"
"2B3041FBC503C48D703A03ADCF64F1EAF111510D73B3EF8764490FC9E657E6D1","1"
"93237C059BA5E73DA2488961A0FE15982EC26E793EC6E6BE58C69E0D0A7B1210","1"
"AF9B03730B561DCFBA4DC3F74F10A39067F9E41F5640548FEB3ED4E230512407","1"
"2D6494116C8FC46CC311C1FC24FAF8296660D8F0A839CF0ACA1A03958F3F8073","1"
"5E1123A0588D66733ED90A14126ABDC83A3590879BB6C76FD694E812616AFC75","1"
"F345B227FB0C625F8F6033F06684106C9D841D9132632A55F85E03B281FF7EEF","1"
"6730816BC467F3EA1D2D9E7EBB5D9F35FF249574BF73C7F47ACD5FC9DC297289","1"
"EC90B1AF2880693D448E3662F0526D8AEFBB1FA07A1E202A4D7A6A97BA81463C","1"