pair,identical,similar,new,deleted,simiscore,changemanifest
app-2158,4,33,0,4,0.10810810810810811,similar
app-1926,282,7,0,0,0.9757785467128027,similar
app-494,38,19,15,14,0.5352112676056338,similar
app-1868,364,7,2,2,0.9758713136729222,similar
app-959,43,8,0,0,0.8431372549019608,similar
app-1798,335,20,55,32,0.8656330749354005,similar
app-2248,43,8,0,0,0.8431372549019608,similar
app-1668,1070,344,6,4,0.7545839210155149,similar
app-1179,4,14,172,65,0.04819277108433735,similar
app-187,146,10,0,0,0.9358974358974359,similar
app-464,406,8,0,0,0.9806763285024155,similar
app-1005,92,20,30,121,0.647887323943662,similar
app-1305,78,5,2,2,0.9176470588235294,similar
app-1332,338,22,3,4,0.931129476584022,similar
app-213,12,26,2,51,0.3,similar
app-324,34,9,0,0,0.7906976744186046,similar
app-1801,318,32,178,152,0.6334661354581673,similar
app-1742,3,23,8,18,0.08823529411764706,similar
app-1044,49,44,12,8,0.48514851485148514,similar
app-300,5,19,12,2,0.19230769230769232,similar
app-805,209,6,0,0,0.9720930232558139,similar
app-1184,3,12,0,0,0.2,similar
app-856,10,9,3,32,0.45454545454545453,similar
app-1454,70,23,23,16,0.6422018348623854,similar
app-1015,13,34,7,8,0.24074074074074073,similar
app-1244,170,79,14,0,0.6827309236947792,similar
app-1661,10,4,2,2,0.625,similar
app-1682,94,164,101,92,0.26857142857142857,similar
app-779,62,5,2,0,0.9253731343283582,similar
app-1285,5,41,13,14,0.0847457627118644,similar
app-1703,34,47,1,0,0.41975308641975306,similar
app-2309,108,5,1,2,0.9473684210526315,similar
app-677,148,88,0,1,0.6271186440677966,similar
app-648,475,192,68,15,0.6964809384164223,similar
app-1776,28,6,2,2,0.7777777777777778,similar
app-681,309,14,10,2,0.9507692307692308,similar
app-1215,5,20,30,12,0.13513513513513514,similar
app-473,170,7,0,0,0.96045197740113,similar
app-104,879,10,31,6,0.982122905027933,similar
app-268,34,9,0,0,0.7906976744186046,similar
app-768,4,14,19,0,0.2222222222222222,similar
app-1121,541,6,0,0,0.9890310786106032,similar
app-903,600,73,38,234,0.8438818565400844,similar
app-755,33,10,75,75,0.2796610169491525,similar
app-48,11,12,0,0,0.4782608695652174,similar
app-2207,4,14,28,0,0.2222222222222222,similar
app-760,357,13,363,49,0.8520286396181385,similar
app-150,2,47,140,21,0.02857142857142857,similar
app-402,3,22,6,19,0.0967741935483871,similar
app-1372,66,15,8,0,0.8148148148148148,similar
app-2319,364,7,5,2,0.9758713136729222,similar
app-1277,1070,344,6,4,0.7545839210155149,similar
app-62,28,8,54,6,0.6666666666666666,similar
app-2340,15,8,4,28,0.5555555555555556,similar
app-1881,81,31,129,11,0.6585365853658537,similar
app-1083,318,32,450,152,0.6334661354581673,similar
app-1356,10,18,143,96,0.08064516129032258,similar
app-1664,0,12,4,27,0.0,similar
app-1326,309,14,11,2,0.9507692307692308,similar
app-630,5,14,97,28,0.10638297872340426,similar
app-1474,5,23,313,32,0.08333333333333333,similar
app-492,145,73,2,0,0.6651376146788991,similar
app-2339,32,6,0,0,0.8421052631578947,similar
app-589,59,6,7,31,0.8194444444444444,similar
app-73,768,22,0,0,0.9721518987341772,similar
app-1550,544,9,0,0,0.9837251356238698,similar
app-1127,3,23,189,18,0.06818181818181818,similar
app-876,148,12,0,0,0.925,similar
app-1267,4,27,9,29,0.1,similar
app-1041,5,7,0,0,0.4166666666666667,similar
app-1020,2730,94,9,25,0.9636427815037063,similar
app-140,883,5,0,0,0.9943693693693694,similar
app-1581,19,7,2,2,0.6785714285714286,similar
app-881,11,12,79,28,0.21568627450980393,similar
app-875,406,8,0,0,0.9806763285024155,similar
app-2070,26,7,212,175,0.125,similar
app-113,2,303,1169,10,0.006349206349206349,similar
app-320,208,5,2,2,0.9674418604651163,similar
app-275,5,27,287,28,0.08333333333333333,similar
app-1594,2724,100,14,25,0.959830866807611,similar
app-155,80,5,0,0,0.9411764705882353,similar
app-793,19,7,2,2,0.6785714285714286,similar
app-920,318,32,92,152,0.7194570135746606,similar
app-336,192,7,0,0,0.964824120603015,similar
app-263,11,37,290,1673,0.03254437869822485,similar
app-754,421,43,0,10,0.9073275862068966,similar
app-2357,5,48,24,7,0.08333333333333333,similar
app-697,55,8,0,1,0.873015873015873,similar
app-34,28,14,1,2,0.6511627906976745,similar
app-123,318,32,744,152,0.6334661354581673,similar
app-671,60,20,243,7,0.6896551724137931,similar
app-842,364,7,2,2,0.9758713136729222,similar
app-703,462,5,0,0,0.9892933618843683,similar
app-1027,407,5,0,0,0.9878640776699029,similar
app-1711,163,42,3,0,0.7951219512195122,similar
app-2368,59,9,16,46,0.7023809523809523,similar
app-1498,148,12,0,0,0.925,similar
app-151,60,21,215,6,0.6896551724137931,similar
app-1255,375,5,0,0,0.9868421052631579,similar
app-8,352,66,4,0,0.8421052631578947,similar
app-399,364,7,2,2,0.9758713136729222,similar
app-502,20,6,2,2,0.7142857142857143,similar
app-1541,307,16,10,2,0.9446153846153846,similar
app-989,43,8,0,0,0.8431372549019608,similar
app-212,8,17,1,0,0.32,similar
app-1808,15,15,7,2,0.46875,similar
app-1641,53,10,7,16,0.7571428571428571,similar
app-1684,248,5,2,2,0.9725490196078431,similar
app-1943,5,7,0,0,0.4166666666666667,similar
app-438,57,7,0,0,0.890625,similar
app-1411,244,9,2,2,0.9568627450980393,similar
app-851,11,12,87,28,0.21568627450980393,similar
app-1030,881,7,0,0,0.9921171171171171,similar
app-844,546,5,2,2,0.9873417721518988,similar
app-2360,575,12,4,2,0.9762308998302207,similar
app-2050,364,7,2,2,0.9758713136729222,similar
app-351,5,27,48,0,0.15625,similar
app-2217,62,21,18,4,0.7126436781609196,similar
app-2045,1228,198,138,80,0.8154050464807437,similar
app-161,70,11,41,51,0.5737704918032787,similar
app-693,12,11,0,0,0.5217391304347826,similar
app-1419,5,29,142,26,0.08333333333333333,similar
app-1119,382,14,289,23,0.9116945107398569,similar
app-391,56,9,3,2,0.835820895522388,similar
app-2048,33,6,0,0,0.8461538461538461,similar
app-1709,15,8,26,28,0.30612244897959184,similar
app-2161,7,20,0,29,0.25925925925925924,similar
app-1745,718,6,0,0,0.9917127071823204,similar
app-428,16,31,1,5,0.3333333333333333,similar
app-559,23,17,249,187,0.1013215859030837,similar
app-233,2,27,11,162,0.05,similar
app-727,1,12,47,21,0.029411764705882353,similar
app-1733,424,25,0,0,0.9443207126948775,similar
app-517,110,5,0,0,0.9565217391304348,similar
app-504,19,7,2,2,0.6785714285714286,similar
app-1470,56,9,3,2,0.835820895522388,similar
app-1572,4,34,9,20,0.0851063829787234,similar
app-1648,707,6,5,7,0.9846796657381616,similar
app-692,364,7,2,2,0.9758713136729222,similar
app-908,248,82,36,0,0.7515151515151515,similar
app-1698,28,8,66,6,0.6666666666666666,similar
app-1473,4,64,0,0,0.058823529411764705,similar
app-1901,38,19,13,14,0.5428571428571428,similar
app-388,2,24,65,18,0.045454545454545456,similar
app-226,12,17,2,60,0.3870967741935484,similar
app-1178,101,6,0,0,0.9439252336448598,similar
app-624,7,9,0,0,0.4375,similar
app-2129,11,12,114,28,0.21568627450980393,similar
app-1599,43,8,0,0,0.8431372549019608,similar
app-1662,2938,3,3,2,0.9983010533469249,similar
app-2243,10,9,3,32,0.45454545454545453,similar
app-2350,544,7,2,2,0.9837251356238698,similar
app-1093,38,19,33,14,0.5352112676056338,similar
app-745,17,34,4,1,0.3269230769230769,similar
app-971,6,13,0,0,0.3157894736842105,similar
app-884,3,12,0,0,0.2,similar
app-417,944,12,2,2,0.9853862212943633,similar
app-1791,95,12,2,0,0.8878504672897196,similar
app-918,40,10,163,6,0.7142857142857143,similar
app-272,848,412,3,4,0.6714172604908947,similar
app-346,595,6,0,0,0.9900166389351082,similar
app-561,15,8,1,28,0.625,similar
app-672,138,14,1,2,0.9019607843137255,similar
app-894,48,5,0,0,0.9056603773584906,similar
app-934,17,34,4,1,0.3269230769230769,similar
app-84,3,34,4,33,0.07317073170731707,similar
app-2225,3,23,29,18,0.06818181818181818,similar
app-839,509,7,0,0,0.9864341085271318,similar
app-1291,11,12,116,28,0.21568627450980393,similar
app-301,0,24,251,13,0.0,similar
app-2130,11,12,0,0,0.4782608695652174,similar
app-2320,167,43,3,45,0.784037558685446,similar
app-858,7,19,115,7,0.21212121212121213,similar
app-2271,173,100,1,0,0.6336996336996337,similar
app-1738,2,12,9,2,0.125,similar
app-1418,145,71,1,2,0.6682027649769585,similar
app-527,626,6,1,0,0.990506329113924,similar
app-466,15,36,1,1,0.28846153846153844,similar
app-1882,43,8,0,0,0.8431372549019608,similar
app-822,38,19,10,14,0.5671641791044776,similar
app-102,206,6,0,0,0.9716981132075472,similar
app-1140,12,43,2,34,0.21052631578947367,similar
app-315,23,7,0,0,0.7666666666666667,similar
app-430,5,25,15,30,0.1111111111111111,similar
app-1751,5,21,115,7,0.15151515151515152,similar
app-1921,220,6,1,3,0.9691629955947136,similar
app-883,47,9,16,56,0.6527777777777778,similar
app-181,140,215,43,33,0.36082474226804123,similar
app-281,8,37,198,18,0.12698412698412698,similar
app-2242,11,12,131,28,0.21568627450980393,similar
app-1902,661,15,22,231,0.9469914040114613,similar
app-495,282,5,2,2,0.9757785467128027,similar
app-1593,10,9,3,32,0.45454545454545453,similar
app-951,66,15,8,0,0.8148148148148148,similar
app-273,12,11,0,0,0.5217391304347826,similar
app-1165,81,31,105,11,0.6585365853658537,similar
app-983,63,22,13,2,0.7241379310344828,similar
app-2381,364,7,2,2,0.9758713136729222,similar
app-463,244,9,2,2,0.9568627450980393,similar
app-1365,55,8,0,1,0.873015873015873,similar
app-215,15,8,4,28,0.5555555555555556,similar
app-318,192,7,0,0,0.964824120603015,similar
app-357,345,58,3,3,0.8497536945812808,similar
app-1504,15,8,41,28,0.29411764705882354,similar
app-1789,78,7,0,0,0.9176470588235294,similar
app-371,131,67,4,263,0.6485148514851485,similar
app-732,5,27,287,28,0.08333333333333333,similar
app-656,309,14,10,2,0.9507692307692308,similar
app-543,5,48,57,7,0.08333333333333333,similar
app-604,364,7,2,2,0.9758713136729222,similar
app-1683,309,14,11,2,0.9507692307692308,similar
app-2189,10,9,3,32,0.45454545454545453,similar
app-1595,63,21,543,3,0.7241379310344828,similar
app-1149,163,5,0,0,0.9702380952380952,similar
app-220,364,7,2,2,0.9758713136729222,similar
app-1860,19,7,2,2,0.6785714285714286,similar
app-1805,5,49,96,6,0.08333333333333333,similar
app-447,38,19,7,14,0.59375,similar
app-1530,3,22,20,19,0.06818181818181818,similar
app-271,473,5,2,2,0.9854166666666667,similar
app-1367,78,7,0,0,0.9176470588235294,similar
app-1485,133,4,5,3,0.95,similar
app-1781,2,21,15,21,0.05263157894736842,similar
app-245,11,5,0,0,0.6875,similar
app-733,29,5,1,2,0.8285714285714286,similar
app-826,208,5,2,2,0.9674418604651163,similar
app-931,2,35,3,26,0.05,similar
app-2383,13,24,211,170,0.06280193236714976,similar
app-393,366,7,0,0,0.9812332439678284,similar
app-2346,364,7,2,2,0.9758713136729222,similar
app-2090,11,12,0,0,0.4782608695652174,similar
app-1222,81,31,153,11,0.6585365853658537,similar
app-2293,878,10,44,7,0.9810055865921787,similar
app-1802,11,22,2,27,0.3142857142857143,similar
app-546,90,8,4,2,0.9,similar
app-51,664,684,123,35,0.48011569052783803,similar
app-921,60,21,905,6,0.6896551724137931,similar
app-581,196,11,0,0,0.9468599033816425,similar
app-156,149,11,0,0,0.93125,similar
app-485,5,12,1429,57,0.06756756756756757,similar
app-2073,318,32,199,152,0.6334661354581673,similar
app-2104,33,8,0,0,0.8048780487804879,similar
app-641,11,12,122,28,0.21568627450980393,similar
app-2209,43,8,0,0,0.8431372549019608,similar
app-1074,944,12,2,2,0.9853862212943633,similar
app-1777,5,34,297,21,0.08333333333333333,similar
app-1931,208,5,2,2,0.9674418604651163,similar
app-206,364,7,2,2,0.9758713136729222,similar
app-1022,0,30,10,191,0.0,similar
app-1413,19,7,2,2,0.6785714285714286,similar
app-1078,59,8,71,20,0.6781609195402298,similar
app-1198,31,13,2,5,0.6739130434782609,similar
app-1476,88,8,0,0,0.9166666666666666,similar
app-1206,281,110,41,77,0.6504629629629629,similar
app-1268,544,7,2,2,0.9837251356238698,similar
app-329,109,14,0,0,0.8861788617886179,similar
app-1,59,16,72,39,0.5175438596491229,similar
app-1384,55,8,0,1,0.873015873015873,similar
app-265,7,33,0,1,0.175,similar
app-26,244,5,5,6,0.9606299212598425,similar
app-348,364,7,2,2,0.9758713136729222,similar
app-1862,40,9,23,7,0.7142857142857143,similar
app-1157,3,12,0,0,0.2,similar
app-1720,7,9,0,0,0.4375,similar
app-1278,279,10,0,0,0.9653979238754326,similar
app-2249,424,5,0,0,0.9883449883449883,similar
app-690,5,21,3,34,0.1724137931034483,similar
app-1028,10,9,3,32,0.45454545454545453,similar
app-227,275,8,0,0,0.9717314487632509,similar
app-1299,20,35,20,68,0.26666666666666666,similar
app-1918,10,9,3,32,0.45454545454545453,similar
app-1431,600,72,236,205,0.6841505131128849,similar
app-1679,32,10,78,76,0.2711864406779661,similar
app-1666,5,32,35,23,0.08333333333333333,similar
app-860,1980,1010,4,2,0.6617647058823529,similar
app-98,6,10,2,10,0.3333333333333333,similar
app-1001,11,12,116,28,0.21568627450980393,similar
app-297,63,22,128,2,0.7241379310344828,similar
app-1150,78,7,0,0,0.9176470588235294,similar
app-1750,661,12,17,234,0.9579710144927536,similar
app-827,6,14,1,36,0.2857142857142857,similar
app-2353,4,22,184,18,0.09090909090909091,similar
app-661,17,34,13,1,0.3269230769230769,similar
app-723,24,6,0,0,0.8,similar
app-1583,38,19,36,14,0.5352112676056338,similar
app-2261,88,94,12,12,0.4536082474226804,similar
app-2053,4,142,80,1,0.027210884353741496,similar
app-125,7,5,0,0,0.5833333333333334,similar
app-2336,2,35,111,26,0.031746031746031744,similar
app-1021,109,14,0,0,0.8861788617886179,similar
app-1874,6,22,1,32,0.20689655172413793,similar
app-1493,21,7,0,0,0.75,similar
app-341,38,19,31,14,0.5352112676056338,similar
app-2047,2,24,15,18,0.04878048780487805,similar
app-1177,45,34,12,23,0.4945054945054945,similar
app-568,58,8,0,0,0.8787878787878788,similar
app-879,11,12,0,0,0.4782608695652174,similar
app-1297,164,8,0,0,0.9534883720930233,similar
app-958,295,12,0,0,0.9609120521172638,similar
app-2193,22,29,30,1,0.4230769230769231,similar
app-1889,373,7,0,0,0.9815789473684211,similar
app-639,192,7,0,0,0.964824120603015,similar
app-10,4,7,0,0,0.36363636363636365,similar
app-1670,3,19,17,22,0.07692307692307693,similar
app-1728,424,5,0,0,0.9883449883449883,similar
app-481,0,25,80,563,0.0,similar
app-1338,366,7,0,0,0.9812332439678284,similar
app-2145,365,6,2,2,0.9785522788203753,similar
app-536,277,37,0,1,0.8821656050955414,similar
app-1932,57,50,133,0,0.5327102803738317,similar
app-866,662,16,84,229,0.868766404199475,similar
app-2102,223,5,0,0,0.9780701754385965,similar
app-1007,78,7,0,0,0.9176470588235294,similar
app-667,63,21,135,3,0.7241379310344828,similar
app-834,5,31,520,24,0.08333333333333333,similar
app-892,268,17,33,96,0.8427672955974843,similar
app-2314,11,12,0,0,0.4782608695652174,similar
app-216,60,11,0,0,0.8450704225352113,similar
app-518,15,8,43,28,0.29411764705882354,similar
app-1857,38,19,45,14,0.5352112676056338,similar
app-146,2,19,26,200,0.0425531914893617,similar
app-2108,5,41,13,14,0.0847457627118644,similar
app-2132,31,8,0,0,0.7948717948717948,similar
app-201,365,6,2,2,0.9785522788203753,similar
app-873,5,24,18,31,0.10638297872340426,similar
app-669,302,21,11,2,0.9292307692307692,similar
app-1123,7,72,7,15,0.08139534883720931,similar
app-547,5,7,0,0,0.4166666666666667,similar
app-936,113,48,60,2,0.6932515337423313,similar
app-991,38,7,201,49,0.40425531914893614,similar
app-1759,318,32,799,152,0.6334661354581673,similar
app-383,63,22,132,2,0.7241379310344828,similar
app-116,62,23,1788,2,0.7126436781609196,similar
app-1811,318,32,806,152,0.6334661354581673,similar
app-1382,42,5,0,0,0.8936170212765957,similar
app-1172,364,7,2,2,0.9758713136729222,similar
app-699,19,94,114,54,0.11377245508982035,similar
app-1576,11,12,0,0,0.4782608695652174,similar
app-1845,78,7,0,0,0.9176470588235294,similar
app-2076,27,24,2,1,0.5192307692307693,similar
app-2351,28,6,2,2,0.7777777777777778,similar
app-2216,62,9,2,16,0.8493150684931506,similar
app-152,55,8,0,1,0.873015873015873,similar
app-1725,54,42,8,13,0.5192307692307693,similar
app-1672,59,22,37,6,0.6781609195402298,similar
app-499,542,5,0,0,0.9908592321755028,similar
app-229,364,7,5,2,0.9758713136729222,similar
app-461,3,29,15,0,0.09375,similar
app-2373,53,10,24,16,0.6708860759493671,similar
app-786,338,60,3,0,0.8492462311557789,similar
app-1154,295,6,1,2,0.9768211920529801,similar
app-810,370,10,0,0,0.9736842105263158,similar
app-1511,206,9,0,0,0.958139534883721,similar
app-1195,177,5,2,2,0.9619565217391305,similar
app-761,206,9,0,0,0.958139534883721,similar
app-1826,2,47,155,72,0.01652892561983471,similar
app-70,194,5,0,0,0.9748743718592965,similar
app-516,15,33,4,34,0.28846153846153844,similar
app-1786,19,7,2,2,0.6785714285714286,similar
app-1004,196,9,0,0,0.9560975609756097,similar
app-2211,244,9,2,2,0.9568627450980393,similar
app-1262,36,7,0,0,0.8372093023255814,similar
app-830,76,894,89,3,0.07810894141829394,similar
app-833,544,7,2,2,0.9837251356238698,similar
app-1373,364,7,2,2,0.9758713136729222,similar
app-1321,146,38,5,18,0.7724867724867724,similar
app-2247,154,6,0,0,0.9625,similar
app-1375,366,7,0,0,0.9812332439678284,similar
app-1568,38,19,47,14,0.5352112676056338,similar
app-2254,162,10,0,0,0.9418604651162791,similar
app-1058,112,256,260,67,0.2574712643678161,similar
app-1106,330,9,2,2,0.967741935483871,similar
app-751,5,11,0,0,0.3125,similar
app-122,158,11,0,0,0.9349112426035503,similar
app-1797,370,10,0,0,0.9736842105263158,similar
app-2184,302,21,10,2,0.9292307692307692,similar
app-628,325,92,199,490,0.5275974025974026,similar
app-797,309,14,10,2,0.9507692307692308,similar
app-493,878,10,18,7,0.9810055865921787,similar
app-148,5,26,29,29,0.08333333333333333,similar
app-344,1489,97,7,3,0.9370673379483953,similar
app-1596,2,30,41,33,0.03076923076923077,similar
app-848,2,10,3,1,0.15384615384615385,similar
app-2228,98,75,5,9,0.550561797752809,similar
app-2212,332,40,2,2,0.8877005347593583,similar
app-2042,13,8,0,2,0.6190476190476191,similar
app-855,15,8,1,28,0.625,similar
app-664,37,6,0,0,0.8604651162790697,similar
app-54,274,35,6,10,0.8698412698412699,similar
app-1280,364,7,2,2,0.9758713136729222,similar
app-1052,554,3,2,2,0.9910554561717353,similar
app-770,20,31,0,1,0.39215686274509803,similar
app-327,364,7,2,2,0.9758713136729222,similar
app-36,15,8,3,28,0.5769230769230769,similar
app-465,4,30,7,26,0.0975609756097561,similar
app-532,318,32,428,152,0.6334661354581673,similar
app-1276,5,7,0,0,0.4166666666666667,similar
app-1612,43,8,0,0,0.8431372549019608,similar
app-986,62,5,2,0,0.9253731343283582,similar
app-1772,318,32,747,152,0.6334661354581673,similar
app-1110,62,16,3,9,0.7654320987654321,similar
app-1823,20,31,29,1,0.38461538461538464,similar
app-1199,278,9,0,0,0.9686411149825784,similar
app-377,5,21,115,7,0.15151515151515152,similar
app-439,294,12,0,0,0.9607843137254902,similar
app-762,7,12,200,164,0.03825136612021858,similar
app-2365,19,7,2,2,0.6785714285714286,similar
app-1147,279,10,0,0,0.9653979238754326,similar
app-426,35,8,0,0,0.813953488372093,similar
app-1640,64,45,16,0,0.5871559633027523,similar
app-406,944,12,2,2,0.9853862212943633,similar
app-766,82,31,12,105,0.656,similar
app-1416,9,42,0,1,0.17647058823529413,similar
app-837,63,22,321,2,0.7241379310344828,similar
app-1040,5,7,0,0,0.4166666666666667,similar
app-308,661,15,634,193,0.760644418872267,similar
app-1306,567,5,0,0,0.9912587412587412,similar
app-1025,15,8,48,28,0.29411764705882354,similar
app-1606,32,46,6,16,0.38095238095238093,similar
app-1181,325,92,177,490,0.5471380471380471,similar
app-58,42,56,882,802,0.04666666666666667,similar
app-2140,157,28,0,0,0.8486486486486486,similar
app-1440,2,59,102,9,0.02857142857142857,similar
app-2290,176,45,1,19,0.7927927927927928,similar
app-564,63,22,83,2,0.7241379310344828,similar
app-1251,177,151,39,23,0.5042735042735043,similar
app-2334,768,22,0,0,0.9721518987341772,similar
app-107,57,27,3,0,0.6785714285714286,similar
app-2295,522,10,0,0,0.981203007518797,similar
app-1269,275,8,0,0,0.9717314487632509,similar
app-2213,4,35,131,19,0.06896551724137931,similar
app-195,0,16,30,128,0.0,similar
app-1089,283,6,0,0,0.9792387543252595,similar
app-2332,366,7,0,0,0.9812332439678284,similar
app-1444,19,7,2,2,0.6785714285714286,similar
app-1292,3,21,3,20,0.1111111111111111,similar
app-1696,370,10,0,0,0.9736842105263158,similar
app-1676,5,7,0,0,0.4166666666666667,similar
app-1417,68,11,0,0,0.8607594936708861,similar
app-854,405,5,2,2,0.9830097087378641,similar
app-196,15,8,3,28,0.5769230769230769,similar
app-298,92,23,0,0,0.8,similar
app-992,567,5,0,0,0.9912587412587412,similar
app-2337,2,23,2,19,0.07407407407407407,similar
app-118,4,22,65,18,0.09090909090909091,similar
app-1452,10,9,3,32,0.45454545454545453,similar
app-1744,364,7,2,2,0.9758713136729222,similar
app-744,261,300,3,2,0.4635879218472469,similar
app-1148,32,7,0,0,0.8205128205128205,similar
app-880,3,12,0,0,0.2,similar
app-21,11,12,0,0,0.4782608695652174,similar
app-2236,20,31,20,1,0.38461538461538464,similar
app-1630,5,27,37,28,0.08333333333333333,similar
app-478,171,47,1,0,0.7844036697247706,similar
app-707,63,21,30,3,0.7241379310344828,similar
app-955,11,12,210,28,0.21568627450980393,similar
app-922,661,17,51,229,0.906721536351166,similar
app-1273,62,23,71,2,0.7126436781609196,similar
app-2115,2730,94,9,25,0.9636427815037063,similar
app-1626,142,26,0,0,0.8452380952380952,similar
app-431,5,26,88,7,0.13157894736842105,similar
app-1239,63,22,20,2,0.7241379310344828,similar
app-902,2,24,89,18,0.045454545454545456,similar
app-120,542,5,0,0,0.9908592321755028,similar
app-1361,315,9,0,0,0.9722222222222222,similar
app-1748,364,7,2,2,0.9758713136729222,similar
app-1913,177,5,2,2,0.9619565217391305,similar
app-2222,562,10,0,0,0.9825174825174825,similar
app-2313,19,7,2,2,0.6785714285714286,similar
app-607,5,7,0,0,0.4166666666666667,similar
app-1229,88,95,11,11,0.4536082474226804,similar
app-135,5,43,479,12,0.08333333333333333,similar
app-2171,318,34,104,150,0.6973684210526315,similar
app-1609,6,18,11,21,0.17142857142857143,similar
app-665,1070,344,6,4,0.7545839210155149,similar
app-2107,107,6,2,2,0.9304347826086956,similar
app-119,147,11,2,2,0.91875,similar
app-498,318,32,55,152,0.7851851851851852,similar
app-1769,302,29,19,3,0.9041916167664671,similar
app-1903,244,9,2,2,0.9568627450980393,similar
app-1026,5,17,97,70,0.05434782608695652,similar
app-1035,364,7,2,2,0.9758713136729222,similar
app-2220,364,7,2,2,0.9758713136729222,similar
app-1531,11,11,1,1,0.4782608695652174,similar
app-702,133,10,0,0,0.9300699300699301,similar
app-134,82,31,8,105,0.6776859504132231,similar
app-1551,110,5,0,0,0.9565217391304348,similar
app-55,11,12,0,0,0.4782608695652174,similar
app-69,55,34,29,20,0.5045871559633027,similar
app-358,1144,39,8,1,0.9662162162162162,similar
app-737,34,9,0,0,0.7906976744186046,similar
app-2325,58,9,2,0,0.8656716417910447,similar
app-412,4,12,2,107,0.2222222222222222,similar
app-1604,21,7,0,0,0.75,similar
app-1528,37,6,0,0,0.8604651162790697,similar
app-322,151,14,0,0,0.9151515151515152,similar
app-289,10,31,30,7,0.20833333333333334,similar
app-2160,5,49,82,6,0.08333333333333333,similar
app-2284,19,7,2,2,0.6785714285714286,similar
app-503,11,20,157,29,0.18333333333333332,similar
app-1259,276,7,0,0,0.9752650176678446,similar
app-1787,104,9,2,2,0.9043478260869565,similar
app-828,5,49,82,6,0.08333333333333333,similar
app-154,25,5,0,0,0.8333333333333334,similar
app-182,97,77,4,8,0.5449438202247191,similar
app-1103,723,71,0,3,0.9105793450881612,similar
app-1825,10,9,3,32,0.45454545454545453,similar
app-1619,275,8,0,0,0.9717314487632509,similar
app-871,297,5,0,0,0.9834437086092715,similar
app-1427,336,25,77,63,0.7924528301886793,similar
app-2316,59,21,51,7,0.6781609195402298,similar
app-2103,82,31,12,105,0.656,similar
app-1652,6,34,1,1,0.14634146341463414,similar
app-838,148,12,0,0,0.925,similar
app-580,21,30,12,1,0.40384615384615385,similar
app-973,7,9,0,0,0.4375,similar
app-88,26,9,0,0,0.7428571428571429,similar
app-812,21,7,0,0,0.75,similar
app-596,2,13,1,1,0.125,similar
app-237,3,29,55,31,0.047619047619047616,similar
app-1851,244,9,2,2,0.9568627450980393,similar
app-962,63,19,2,5,0.75,similar
app-2328,11,11,1,1,0.4782608695652174,similar
app-1341,182,65,8,130,0.7137254901960784,similar
app-1358,2,8,92,197,0.0196078431372549,similar
app-491,15,8,3,28,0.5769230769230769,similar
app-82,637,6,0,0,0.9906687402799378,similar
app-2043,5,7,0,0,0.4166666666666667,similar
app-2397,4,28,158,31,0.06349206349206349,similar
app-1694,216,5,0,0,0.9773755656108597,similar
app-1678,5,49,170,6,0.08333333333333333,similar
app-715,65,15,8,1,0.8024691358024691,similar
app-870,364,7,2,2,0.9758713136729222,similar
app-1491,11,12,0,0,0.4782608695652174,similar
app-2378,54,34,36,21,0.4954128440366973,similar
app-117,53,10,8,16,0.7464788732394366,similar
app-1616,870,661,1,11,0.5678851174934726,similar
app-1170,1,20,77,14,0.02857142857142857,similar
app-1475,364,7,2,2,0.9758713136729222,similar
app-1428,364,7,2,2,0.9758713136729222,similar
app-396,57,27,3,0,0.6785714285714286,similar
app-583,5,7,0,0,0.4166666666666667,similar
app-1731,10,9,3,32,0.45454545454545453,similar
app-1132,15,8,378,28,0.29411764705882354,similar
app-1546,226,41,0,5,0.846441947565543,similar
app-280,10,9,3,32,0.45454545454545453,similar
app-507,279,10,0,0,0.9653979238754326,similar
app-403,2,264,157,49,0.006349206349206349,similar
app-985,334,6,0,0,0.9823529411764705,similar
app-721,12,41,9,0,0.22641509433962265,similar
app-2229,41,9,106,6,0.7321428571428571,similar
app-334,373,5,2,2,0.9815789473684211,similar
app-2380,624,10,0,0,0.9842271293375394,similar
app-1118,592,6,3,0,0.9899665551839465,similar
app-1467,318,32,144,152,0.6437246963562753,similar
app-1085,7,27,1,22,0.2,similar
app-1880,309,14,11,2,0.9507692307692308,similar
app-1096,6,40,58,36,0.07317073170731707,similar
app-650,57,7,0,0,0.890625,similar
app-282,244,9,2,2,0.9568627450980393,similar
app-340,405,5,1,2,0.9854014598540146,similar
app-519,43,11,2,2,0.7678571428571429,similar
app-982,15,8,74,28,0.29411764705882354,similar
app-970,30,6,0,0,0.8333333333333334,similar
app-1162,276,7,0,0,0.9752650176678446,similar
app-897,318,32,178,152,0.6334661354581673,similar
app-71,28,9,0,0,0.7567567567567568,similar
app-264,349,22,244,53,0.8231132075471698,similar
app-1804,1344,8,0,0,0.9940828402366864,similar
app-1445,10,8,0,5,0.5555555555555556,similar
app-1944,9,13,0,0,0.4090909090909091,similar
app-408,107,36,4,20,0.7278911564625851,similar
app-1925,527,4,6,2,0.9887429643527205,similar
app-1719,13,52,33,49,0.1326530612244898,similar
app-303,6,18,10,13,0.17647058823529413,similar
app-1582,11,12,0,0,0.4782608695652174,similar
app-238,130,53,0,0,0.7103825136612022,similar
app-1216,373,5,1,2,0.9841688654353562,similar
app-1773,314,7,0,0,0.9781931464174455,similar
app-30,300,21,4,0,0.9345794392523364,similar
app-2335,15,17,249,435,0.05338078291814947,similar
app-1508,5,20,44,35,0.08333333333333333,similar
app-52,3,12,0,0,0.2,similar
app-910,8,7,0,0,0.5333333333333333,similar
app-1817,547,6,5,0,0.9891500904159132,similar
app-1213,32,30,293,119,0.17679558011049723,similar
app-1656,11,12,0,0,0.4782608695652174,similar
app-2091,295,12,0,0,0.9609120521172638,similar
app-1460,106,233,273,274,0.17320261437908496,similar
app-2256,93,17,898,485,0.15630252100840336,similar
app-1878,34,9,0,0,0.7906976744186046,similar
app-1144,202,29,0,0,0.8744588744588745,similar
app-1359,50,44,66,35,0.3875968992248062,similar
app-1749,51,47,306,458,0.12623762376237624,similar
app-1029,26,14,260,4,0.5909090909090909,similar
app-2302,11,12,78,28,0.21568627450980393,similar
app-765,19,7,2,2,0.6785714285714286,similar
app-254,271,192,4,2,0.5827956989247312,similar
app-1068,5,9,10,13,0.20833333333333334,similar
app-2268,7,30,51,45,0.08536585365853659,similar
app-1062,5,7,0,0,0.4166666666666667,similar
app-2323,944,12,2,2,0.9853862212943633,similar
app-1211,5,25,38,30,0.08333333333333333,similar
app-1887,370,8,2,2,0.9736842105263158,similar
app-1082,11,12,0,0,0.4782608695652174,similar
app-235,20,4,87,178,0.18018018018018017,similar
app-1048,50,37,40,16,0.4854368932038835,similar
app-524,95,12,8,0,0.8878504672897196,similar
app-223,2,24,8,18,0.058823529411764705,similar
app-852,96,21,36,16,0.7218045112781954,similar
app-2057,5,7,0,0,0.4166666666666667,similar
app-269,63,22,284,2,0.7241379310344828,similar
app-953,194,5,0,0,0.9748743718592965,similar
app-1320,21,7,0,0,0.75,similar
app-523,28,8,0,0,0.7777777777777778,similar
app-1387,23,16,0,0,0.5897435897435898,similar
app-1125,542,5,0,0,0.9908592321755028,similar
app-2151,5,31,58,24,0.08333333333333333,similar
app-1023,5,26,10,29,0.12195121951219512,similar
app-42,2725,97,17,27,0.9598450158506516,similar
app-387,63,22,33,2,0.7241379310344828,similar
app-2259,365,42,4,0,0.8968058968058968,similar
app-1922,1251,9,0,0,0.9928571428571429,similar
app-700,2,28,49,63,0.02531645569620253,similar
app-257,194,5,0,0,0.9748743718592965,similar
app-553,791,5,0,0,0.9937185929648241,similar
app-2288,214,9,0,0,0.9596412556053812,similar
app-975,462,5,0,0,0.9892933618843683,similar
app-730,244,9,2,2,0.9568627450980393,similar
app-974,3,42,13,34,0.05172413793103448,similar
app-441,88,8,0,0,0.9166666666666666,similar
app-59,544,7,2,2,0.9837251356238698,similar
app-1879,192,7,0,0,0.964824120603015,similar
app-2203,7,9,0,0,0.4375,similar
app-1464,55,8,0,1,0.873015873015873,similar
app-2122,7,9,0,0,0.4375,similar
app-240,227,7,0,0,0.9700854700854701,similar
app-159,698,9,128,4,0.9817158931082982,similar
app-2072,5,42,1,13,0.10416666666666667,similar
app-1522,210,5,0,0,0.9767441860465116,similar
app-1043,7,30,1,4,0.18421052631578946,similar
app-1753,151,6,0,0,0.9617834394904459,similar
app-1503,17,11,33,30,0.29310344827586204,similar
app-1241,15,8,1,28,0.625,similar
app-1629,7,9,0,0,0.4375,similar
app-2134,3,12,0,0,0.2,similar
app-2166,318,32,306,152,0.6334661354581673,similar
app-600,2,59,102,9,0.02857142857142857,similar
app-47,2,29,13,51,0.045454545454545456,similar
app-1248,26,12,5,0,0.6842105263157895,similar
app-906,3,12,0,0,0.2,similar
app-1687,544,7,2,2,0.9837251356238698,similar
app-1054,364,7,2,2,0.9758713136729222,similar
app-1422,3,23,79,18,0.06818181818181818,similar
app-1613,45,8,0,0,0.8490566037735849,similar
app-2307,11,12,0,0,0.4782608695652174,similar
app-1002,335,119,1,0,0.737885462555066,similar
app-2266,661,15,529,231,0.7287761852260198,similar
app-276,10,9,3,32,0.45454545454545453,similar
app-2274,77,8,0,0,0.9058823529411765,similar
app-442,107,67,3,3,0.6045197740112994,similar
app-101,3,7,0,41,0.3,similar
app-345,3,32,63,35,0.04285714285714286,similar
app-2215,78,7,0,0,0.9176470588235294,similar
app-1525,34,6,0,0,0.85,similar
app-2167,5,7,0,0,0.4166666666666667,similar
app-811,318,31,66,153,0.7662650602409639,similar
app-695,17,34,1,1,0.3269230769230769,similar
app-1009,45,8,1,11,0.8333333333333334,similar
app-757,259,83,8,7,0.7421203438395415,similar
app-246,34,9,0,0,0.7906976744186046,similar
app-422,925,6,1,0,0.9935553168635876,similar
app-467,65,15,13,1,0.8024691358024691,similar
app-200,161,44,9,1,0.7815533980582524,similar
app-13,29,6,0,0,0.8285714285714286,similar
app-1131,309,14,11,2,0.9507692307692308,similar
app-241,59,9,41,19,0.6781609195402298,similar
app-1591,36,7,0,0,0.8372093023255814,similar
app-2382,71,4,2,2,0.922077922077922,similar
app-602,307,16,0,5,0.9504643962848297,similar
app-1693,38,19,32,14,0.5352112676056338,similar
app-809,371,9,0,0,0.9763157894736842,similar
app-2154,4,35,30,549,0.057971014492753624,similar
app-2068,15,8,1,28,0.625,similar
app-2199,2,74,195,126,0.009900990099009901,similar
app-2263,7,9,0,0,0.4375,similar
app-1090,368,5,0,0,0.9865951742627346,similar
app-2126,58,9,0,0,0.8656716417910447,similar
app-1603,11,12,134,28,0.21568627450980393,similar
app-582,23,16,0,0,0.5897435897435898,similar
app-644,408,33,4,6,0.9168539325842696,similar
app-2265,364,7,2,2,0.9758713136729222,similar
app-128,19,14,1,0,0.5757575757575758,similar
app-1736,95,12,7,0,0.8878504672897196,similar
app-1466,135,6,2,2,0.9440559440559441,similar
app-407,332,8,0,0,0.9764705882352941,similar
app-1835,15,8,136,28,0.29411764705882354,similar
app-1231,4,22,98,12,0.10526315789473684,similar
app-218,32,7,41,0,0.8205128205128205,similar
app-1034,78,7,0,0,0.9176470588235294,similar
app-1221,38,7,7,49,0.7307692307692307,similar
app-1134,366,7,0,0,0.9812332439678284,similar
app-401,148,12,0,0,0.925,similar
app-1336,60,7,21,20,0.6896551724137931,similar
app-535,28,6,2,2,0.7777777777777778,similar
app-170,11,12,135,28,0.21568627450980393,similar
app-180,198,6,0,1,0.9705882352941176,similar
app-1794,227,7,0,0,0.9700854700854701,similar
app-2078,3,12,0,0,0.2,similar
app-343,332,8,0,0,0.9764705882352941,similar
app-1438,548,5,0,0,0.9909584086799277,similar
app-878,417,10,2,2,0.972027972027972,similar
app-1400,10,41,8,1,0.19230769230769232,similar
app-2278,11,12,0,0,0.4782608695652174,similar
app-1227,334,6,0,0,0.9823529411764705,similar
app-612,7,52,115,73,0.05303030303030303,similar
app-50,59,6,7,31,0.8194444444444444,similar
app-823,62,9,2,16,0.8493150684931506,similar
app-2338,42,11,0,0,0.7924528301886793,similar
app-2354,11,12,146,28,0.21568627450980393,similar
app-2239,6,10,2,10,0.3333333333333333,similar
app-592,364,7,2,2,0.9758713136729222,similar
app-2399,23,7,0,0,0.7666666666666667,similar
app-2358,6,8,2,0,0.42857142857142855,similar
app-988,364,7,2,2,0.9758713136729222,similar
app-421,25,9,2,2,0.6944444444444444,similar
app-2356,63,19,3,5,0.7411764705882353,similar
app-1258,102,5,0,0,0.9532710280373832,similar
app-743,318,32,219,152,0.6334661354581673,similar
app-1614,1,53,6,56,0.016666666666666666,similar
app-1235,10,9,3,32,0.45454545454545453,similar
app-2326,45,15,1,1,0.7377049180327869,similar
app-1832,925,6,1,0,0.9935553168635876,similar
app-262,247,6,2,2,0.9686274509803922,similar
app-1920,34,7,2,2,0.7906976744186046,similar
app-429,179,5,0,0,0.9728260869565217,similar
app-895,8,6,2,2,0.5,similar
app-548,423,6,0,0,0.986013986013986,similar
app-584,89,23,4,7,0.7672413793103449,similar
app-1084,318,32,459,152,0.6334661354581673,similar
app-935,225,185,1,17,0.5474452554744526,similar
app-2,3,21,6,20,0.1,similar
app-1434,221,6,0,0,0.973568281938326,similar
app-739,364,7,2,2,0.9758713136729222,similar
app-1519,21,7,0,0,0.75,similar
app-742,222,6,0,0,0.9736842105263158,similar
app-2311,6,11,56,9,0.23076923076923078,similar
app-1732,62,23,4,2,0.7126436781609196,similar
app-455,3,12,0,0,0.2,similar
app-1240,83,15,63,22,0.6916666666666667,similar
app-1824,91,21,110,121,0.4099099099099099,similar
app-961,192,7,0,0,0.964824120603015,similar
app-409,352,66,4,0,0.8421052631578947,similar
app-1088,3,12,0,0,0.2,similar
app-1607,17,19,228,54,0.18888888888888888,similar
app-2267,3,19,2,22,0.125,similar
app-224,10,9,3,32,0.45454545454545453,similar
app-419,206,9,0,0,0.958139534883721,similar
app-868,82,31,12,105,0.656,similar
app-714,837,70,647,28,0.895187165775401,similar
app-1294,589,12,0,0,0.9800332778702163,similar
app-1344,78,5,2,2,0.9176470588235294,similar
app-219,122,104,0,0,0.5398230088495575,similar
app-454,1,64,129,39,0.009615384615384616,similar
app-566,542,5,0,0,0.9908592321755028,similar
app-1681,2,159,26,154,0.0106951871657754,similar
app-787,3,7,0,41,0.3,similar
app-2374,95,12,2,0,0.8878504672897196,similar
app-2386,364,7,2,2,0.9758713136729222,similar
app-217,29,6,0,0,0.8285714285714286,similar
app-1196,364,7,2,2,0.9758713136729222,similar
app-972,10,9,3,32,0.45454545454545453,similar
app-683,122,104,0,0,0.5398230088495575,similar
app-1828,2,47,44,172,0.021505376344086023,similar
app-1907,9,13,0,0,0.4090909090909091,similar
app-720,39,9,12,38,0.65,similar
app-424,247,6,2,2,0.9686274509803922,similar
app-1705,0,18,9,142,0.0,similar
app-1836,59,22,23,6,0.6781609195402298,similar
app-1352,55,8,0,1,0.873015873015873,similar
app-2305,33,5,2,2,0.825,similar
app-551,5,7,0,0,0.4166666666666667,similar
app-418,393,114,3,7,0.7705882352941177,similar
app-1911,2,21,2,21,0.08,similar
app-1869,6,74,0,0,0.075,similar
app-1210,58,8,0,0,0.8787878787878788,similar
app-1404,3,12,0,0,0.2,similar
app-1743,875,10,3,10,0.9853603603603603,similar
app-326,371,9,0,0,0.9763157894736842,similar
app-2276,983,119,0,0,0.8920145190562614,similar
app-1671,6,39,7,7,0.11538461538461539,similar
app-2138,43,8,0,0,0.8431372549019608,similar
app-618,544,7,2,2,0.9837251356238698,similar
app-92,92,20,100,121,0.4339622641509434,similar
app-907,370,10,0,0,0.9736842105263158,similar
app-1854,19,7,2,2,0.6785714285714286,similar
app-1653,107,5,0,0,0.9553571428571429,similar
app-954,17,9,3,1,0.6296296296296297,similar
app-925,5,22,9,33,0.1388888888888889,similar
app-1175,5,53,53,2,0.08333333333333333,similar
app-2179,10,9,3,32,0.45454545454545453,similar
app-248,78,7,0,0,0.9176470588235294,similar
app-791,208,5,2,2,0.9674418604651163,similar
app-1601,80,5,0,0,0.9411764705882353,similar
app-1046,10,9,3,32,0.45454545454545453,similar
app-414,162,10,0,0,0.9418604651162791,similar
app-964,78,5,2,2,0.9176470588235294,similar
app-996,424,5,0,0,0.9883449883449883,similar
app-1827,314,68,120,3,0.8155844155844156,similar
app-2258,59,22,57,6,0.6781609195402298,similar
app-556,59,9,100,19,0.6781609195402298,similar
app-1559,309,14,11,2,0.9507692307692308,similar
app-1655,334,6,0,0,0.9823529411764705,similar
app-929,2,13,6,1,0.125,similar
app-1266,4,7,0,0,0.36363636363636365,similar
app-2056,1,59,37,179,0.010309278350515464,similar
app-1159,585,5,1,1,0.9898477157360406,similar
app-1380,35,22,251,274,0.11363636363636363,similar
app-1542,624,10,0,0,0.9842271293375394,similar
app-1815,21,5,2,2,0.75,similar
app-1838,77,13,0,0,0.8555555555555555,similar
app-783,2,27,95,15,0.045454545454545456,similar
app-1176,278,9,2,2,0.9619377162629758,similar
app-1081,43,8,0,0,0.8431372549019608,similar
app-1218,244,9,2,2,0.9568627450980393,similar
app-1214,275,8,0,0,0.9717314487632509,similar
app-1861,544,7,2,2,0.9837251356238698,similar
app-2364,295,6,1,2,0.9768211920529801,similar
app-427,366,5,5,2,0.9812332439678284,similar
app-1774,200,12,0,0,0.9433962264150944,similar
app-1799,145,69,1,4,0.6744186046511628,similar
app-947,5,27,287,28,0.08333333333333333,similar
app-193,38,19,12,14,0.5507246376811594,similar
app-655,331,24,6,6,0.9168975069252078,similar
app-2233,366,7,0,0,0.9812332439678284,similar
app-2379,43,8,0,0,0.8431372549019608,similar
app-2066,406,8,0,0,0.9806763285024155,similar
app-1490,80,5,0,0,0.9411764705882353,similar
app-1788,67,69,92,1,0.48905109489051096,similar
app-660,83,25,30,248,0.6014492753623188,similar
app-1057,75,7,12,12,0.7978723404255319,similar
app-1563,5,9,2,2,0.3125,similar
app-1710,102,5,0,0,0.9532710280373832,similar
app-1465,8,42,17,10,0.13333333333333333,similar
app-801,11,12,124,28,0.21568627450980393,similar
app-14,661,12,13,234,0.9635568513119533,similar
app-1884,158,10,2,2,0.9294117647058824,similar
app-2349,878,10,44,7,0.9810055865921787,similar
app-785,206,9,0,0,0.958139534883721,similar
app-769,668,12,50,25,0.9475177304964539,similar
app-1646,36,7,0,0,0.8372093023255814,similar
app-1571,879,9,8,7,0.982122905027933,similar
app-508,460,7,0,0,0.9850107066381156,similar
app-378,544,7,2,2,0.9837251356238698,similar
app-1245,2,163,30,150,0.010256410256410256,similar
app-853,303,69,2,2,0.8101604278074866,similar
app-1059,142,23,0,0,0.8606060606060606,similar
app-615,790,508,11,2,0.6076923076923076,similar
app-20,67,7,3,2,0.881578947368421,similar
app-331,2,13,1,1,0.125,similar
app-978,38,5,0,0,0.8837209302325582,similar
app-617,1,36,117,1,0.02631578947368421,similar
app-1455,879,9,78,7,0.982122905027933,similar
app-100,601,75,474,193,0.6915995397008056,similar
app-2235,907,5,1,2,0.9934282584884995,similar
app-993,22,29,18,1,0.4230769230769231,similar
app-1916,3,57,128,10,0.04285714285714286,similar
app-521,19,7,2,2,0.6785714285714286,similar
app-1253,59,8,50,20,0.6781609195402298,similar
app-1784,1085,195,11,0,0.84765625,similar
app-763,7,34,104,113,0.04827586206896552,similar
app-1381,8,42,17,10,0.13333333333333333,similar
app-2123,925,6,1,0,0.9935553168635876,similar
app-1623,196,11,0,0,0.9468599033816425,similar
app-472,137,16,20,0,0.8954248366013072,similar
app-1527,318,32,560,152,0.6334661354581673,similar
app-591,880,8,0,0,0.990990990990991,similar
app-1335,62,22,19,3,0.7126436781609196,similar
app-1480,10,9,3,32,0.45454545454545453,similar
app-250,28,6,1,2,0.8,similar
app-845,108,5,2,2,0.9391304347826087,similar
app-916,279,10,0,0,0.9653979238754326,similar
app-1556,11,12,0,0,0.4782608695652174,similar
app-917,7,9,4,0,0.4375,similar
app-1864,89,36,63,49,0.5114942528735632,similar
app-1012,364,7,2,2,0.9758713136729222,similar
app-2114,4,10,0,0,0.2857142857142857,similar
app-2241,149,27,4,1,0.8418079096045198,similar
app-1834,11,12,146,28,0.21568627450980393,similar
app-686,535,10,2,2,0.9780621572212066,similar
app-460,4,16,3,2,0.18181818181818182,similar
app-1765,366,7,0,0,0.9812332439678284,similar
app-1766,11,20,157,29,0.18333333333333332,similar
app-1488,41,9,57,6,0.7321428571428571,similar
app-2157,364,7,2,2,0.9758713136729222,similar
app-944,1174,489,3,10,0.7046818727490997,similar
app-2054,71,65,78,1,0.5182481751824818,similar
app-651,406,8,0,0,0.9806763285024155,similar
app-1194,834,233,33,49,0.7581818181818182,similar
app-1055,41,8,1,0,0.8367346938775511,similar
app-2372,244,9,2,2,0.9568627450980393,similar
app-1888,2,17,8,202,0.07407407407407407,similar
app-24,2,23,19,19,0.045454545454545456,similar
app-1783,102,5,0,0,0.9532710280373832,similar
app-614,91,21,30,121,0.6408450704225352,similar
app-2147,28,8,32,6,0.6666666666666666,similar
app-629,40,9,6,64,0.7272727272727273,similar
app-169,542,5,0,0,0.9908592321755028,similar
app-35,38,19,195,14,0.5352112676056338,similar
app-886,164,5,1,2,0.9647058823529412,similar
app-930,44,9,25,3,0.7857142857142857,similar
app-1186,60,21,315,6,0.6896551724137931,similar
app-65,11,12,188,28,0.21568627450980393,similar
app-319,173,17,27,67,0.7972350230414746,similar
app-1894,9,22,80,29,0.15,similar
app-2077,22,9,55,80,0.2558139534883721,similar
app-2219,24,13,0,0,0.6486486486486487,similar
app-365,32,18,174,68,0.2711864406779661,similar
app-2150,5,7,0,0,0.4166666666666667,similar
app-1526,364,7,2,2,0.9758713136729222,similar
app-1329,21,7,0,0,0.75,similar
app-608,345,25,649,81,0.7649667405764967,similar
app-76,108,5,2,2,0.9391304347826087,similar
app-479,3,12,0,0,0.2,similar
app-1203,53,10,32,16,0.6708860759493671,similar
app-578,78,14,3,7,0.8210526315789474,similar
app-40,210,5,0,0,0.9767441860465116,similar
app-2285,100,34,192,285,0.3067484662576687,similar
app-1778,5,22,154,6,0.15151515151515152,similar
app-370,3,23,14,18,0.075,similar
app-2116,5,52,39,3,0.08333333333333333,similar
app-1446,284,7,0,0,0.9759450171821306,similar
app-1189,82,31,6,105,0.6890756302521008,similar
app-1180,659,18,135,42,0.9165507649513213,similar
app-448,59,9,4,19,0.8194444444444444,similar
app-728,167,5,0,0,0.9709302325581395,similar
app-555,9,10,23,2,0.42857142857142855,similar
app-843,196,9,0,0,0.9560975609756097,similar
app-333,49,8,1,0,0.8596491228070176,similar
app-1585,51,13,396,39,0.49514563106796117,similar
app-95,5,27,12,5,0.13513513513513514,similar
app-933,5,7,0,0,0.4166666666666667,similar
app-882,59,9,84,19,0.6781609195402298,similar
app-1741,3,23,4,18,0.1,similar
app-926,35,6,2,2,0.813953488372093,similar
app-66,46,2,2,2,0.92,identical
app-747,370,8,2,2,0.9736842105263158,similar
app-1146,460,7,0,0,0.9850107066381156,similar
app-1310,585,6,2,2,0.9865092748735245,similar
app-2275,309,14,10,2,0.9507692307692308,similar
app-2280,34,9,0,0,0.7906976744186046,similar
app-1909,964,47,2,2,0.9516288252714709,similar
app-713,195,15,0,0,0.9285714285714286,similar
app-2395,38,7,26,49,0.5352112676056338,similar
app-2119,876,10,5,9,0.9831649831649831,similar
app-1859,417,10,2,2,0.972027972027972,similar
app-2121,5,18,178,3,0.19230769230769232,similar
app-1930,24,6,18,18,0.5,similar
app-2190,11,12,0,0,0.4782608695652174,similar
app-995,2,157,13,156,0.011627906976744186,similar
app-1877,563,13,0,0,0.9774305555555556,similar
app-1700,35,6,0,0,0.8536585365853658,similar
app-772,44,9,23,3,0.7857142857142857,similar
app-550,81,31,89,11,0.6585365853658537,similar
app-1128,244,9,2,2,0.9568627450980393,similar
app-1142,20,6,2,2,0.7142857142857143,similar
app-1767,2729,111,14,1118,0.9562018220042047,similar
app-509,421,6,2,2,0.9813519813519813,similar
app-2253,10,9,3,32,0.45454545454545453,similar
app-1374,31,5,0,0,0.8611111111111112,similar
app-1727,78,7,0,0,0.9176470588235294,similar
app-2387,3,10,2,2,0.2,similar
app-1383,19,7,0,0,0.7307692307692307,similar
app-2273,63,22,126,2,0.7241379310344828,similar
app-1403,3,22,9,19,0.08823529411764706,similar
app-2345,91,21,88,121,0.455,similar
app-312,11,12,0,0,0.4782608695652174,similar
app-945,55,8,0,1,0.873015873015873,similar
app-1650,6,30,85,101,0.049586776859504134,similar
app-722,5,27,15,5,0.13513513513513514,similar
app-1866,62,9,2,16,0.8493150684931506,similar
app-1521,177,5,2,2,0.9619565217391305,similar
app-1782,760,14,1,0,0.9819121447028424,similar
app-1484,194,5,0,0,0.9748743718592965,similar
app-1056,11,12,0,0,0.4782608695652174,similar
app-1133,462,5,1,2,0.9871794871794872,similar
app-1348,3,16,33,25,0.06818181818181818,similar
app-1205,366,7,0,0,0.9812332439678284,similar
app-1814,278,5,0,0,0.9823321554770318,similar
app-616,13,29,86,6,0.2708333333333333,similar
app-2200,148,12,0,0,0.925,similar
app-1263,206,9,0,0,0.958139534883721,similar
app-90,318,33,109,151,0.691304347826087,similar
app-1605,247,6,2,2,0.9686274509803922,similar
app-1558,592,6,3,0,0.9899665551839465,similar
app-158,157,6,0,0,0.9631901840490797,similar
app-1638,15,15,9,2,0.46875,similar
app-1785,662,11,319,234,0.7298787210584344,similar
app-1392,40,34,13,6,0.5,similar
app-864,318,32,371,152,0.6334661354581673,similar
app-2324,1,44,99,3,0.020833333333333332,similar
app-792,364,7,2,2,0.9758713136729222,similar
app-1758,22,7,7,3,0.6875,similar
app-462,366,6,2,2,0.9786096256684492,similar
app-2331,248,5,2,2,0.9725490196078431,similar
app-911,132,66,4,263,0.6534653465346535,similar
app-1701,16,33,9,3,0.3076923076923077,similar
app-799,11,12,0,0,0.4782608695652174,similar
app-292,275,8,0,0,0.9717314487632509,similar
app-2362,107,6,2,2,0.9304347826086956,similar
app-637,5,49,82,6,0.08333333333333333,similar
app-1330,944,12,2,2,0.9853862212943633,similar
app-2194,66,27,39,10,0.6407766990291263,similar
app-1482,3,16,7,25,0.11538461538461539,similar
app-850,366,7,0,0,0.9812332439678284,similar
app-208,351,5,1,2,0.9831932773109243,similar
app-1456,132,11,0,0,0.9230769230769231,similar
app-753,790,9,0,0,0.9887359198998749,similar
app-1401,23,7,0,0,0.7666666666666667,similar
app-1846,0,48,42,173,0.0,similar
app-284,373,7,0,0,0.9815789473684211,similar
app-56,359,11,51,132,0.8527315914489311,similar
app-1107,21,7,0,0,0.75,similar
app-1565,10,9,3,32,0.45454545454545453,similar
app-446,78,5,2,2,0.9176470588235294,similar
app-557,733,269,205,957,0.6072908036454018,similar
app-1333,5,22,126,3253,0.032679738562091505,similar
app-489,10,24,670,26,0.16666666666666666,similar
app-2128,299,90,8,6,0.7569620253164557,similar
app-1830,60,20,89,7,0.6896551724137931,similar
app-773,56,11,26,20,0.6436781609195402,similar
app-1663,1,19,6,201,0.038461538461538464,similar
app-1318,101,16,891,478,0.16974789915966387,similar
app-449,364,7,2,2,0.9758713136729222,similar
app-131,364,7,2,2,0.9758713136729222,similar
app-475,348,6,0,1,0.9830508474576272,similar
app-514,7,9,0,0,0.4375,similar
app-260,332,8,0,0,0.9764705882352941,similar
app-266,2,24,9,18,0.05714285714285714,similar
app-2283,13,38,6,1,0.25,similar
app-2169,0,9,33,78,0.0,similar
app-597,3,22,56,19,0.06818181818181818,similar
app-1479,5,7,0,0,0.4166666666666667,similar
app-997,145,69,1,4,0.6744186046511628,similar
app-2182,3,19,31,22,0.06818181818181818,similar
app-1045,34,6,1,0,0.85,similar
app-2191,0,31,8,190,0.0,similar
app-1407,5,7,0,0,0.4166666666666667,similar
app-623,5,21,38,34,0.08333333333333333,similar
app-141,364,7,2,2,0.9758713136729222,similar
app-609,3,12,0,0,0.2,similar
app-2093,283,31,7,5,0.8871473354231975,similar
app-901,61,11,2,15,0.8243243243243243,similar
app-1810,59,12,0,0,0.8309859154929577,similar
app-967,148,73,206,353,0.34660421545667447,similar
app-385,793,8,0,0,0.9900124843945068,similar
app-392,72,40,64,62,0.41379310344827586,similar
app-1315,11,12,0,0,0.4782608695652174,similar
app-979,3,20,408,21,0.06818181818181818,similar
app-121,527,4,4,2,0.9887429643527205,similar
app-789,15,8,137,28,0.29411764705882354,similar
app-1462,364,7,2,2,0.9758713136729222,similar
app-97,3,12,0,0,0.2,similar
app-1755,75,7,18,18,0.75,similar
app-806,187,72,105,27,0.6538461538461539,similar
app-1951,3,19,7,22,0.10344827586206896,similar
app-1300,1,18,21,15,0.029411764705882353,similar
app-1449,423,6,0,0,0.986013986013986,similar
app-2370,19,7,5,2,0.6785714285714286,similar
app-603,21,7,4,0,0.75,similar
app-1471,364,7,2,2,0.9758713136729222,similar
app-673,11,34,21,111,0.16666666666666666,similar
app-626,19,7,2,2,0.6785714285714286,similar
app-1366,25,26,0,5,0.49019607843137253,similar
app-1182,244,9,2,2,0.9568627450980393,similar
app-815,541,6,0,0,0.9890310786106032,similar
app-560,38,7,307,49,0.40425531914893614,similar
app-1544,5,25,22,30,0.09615384615384616,similar
app-72,281,281,3,24,0.49734513274336284,similar
app-942,59,25,3,59,0.6781609195402298,similar
app-94,22,29,4,1,0.4230769230769231,similar
app-735,364,7,2,2,0.9758713136729222,similar
app-1510,19,7,2,2,0.6785714285714286,similar
app-849,544,7,2,2,0.9837251356238698,similar
app-679,365,6,2,2,0.9785522788203753,similar
app-1842,4,12,1378,3,0.21052631578947367,similar
app-835,881,7,0,0,0.9921171171171171,similar
app-2255,5,24,18,31,0.10638297872340426,similar
app-1461,317,91,11,9,0.7601918465227818,similar
app-1722,1,55,2,85,0.017241379310344827,similar
app-313,127,67,0,3,0.654639175257732,similar
app-1768,79,6,0,0,0.9294117647058824,similar
app-1116,110,4,5,3,0.9401709401709402,similar
app-190,57,26,1,60,0.6785714285714286,similar
app-1286,112,49,60,2,0.6871165644171779,similar
app-795,0,64,86,111,0.0,similar
app-2291,4,39,10,27,0.07547169811320754,similar
app-1598,11,11,1,1,0.4782608695652174,similar
app-2168,145,7,3,0,0.9539473684210527,similar
app-1886,417,10,2,2,0.972027972027972,similar
app-1423,711,122,13,0,0.8535414165666266,similar
app-780,34,9,0,0,0.7906976744186046,similar
app-622,6,25,238,29,0.1,similar
app-1885,21,30,4,1,0.40384615384615385,similar
app-1317,527,4,8,2,0.9887429643527205,similar
app-1540,38,19,7,14,0.59375,similar
app-688,200,12,0,0,0.9433962264150944,similar
app-2136,287,89,16,2,0.7592592592592593,similar
app-299,4,10,159,757,0.023121387283236993,similar
app-2069,279,8,1,2,0.96875,similar
app-2210,5,7,0,0,0.4166666666666667,similar
app-323,194,5,0,0,0.9748743718592965,similar
app-1517,370,10,0,0,0.9736842105263158,similar
app-1754,0,10,6,11,0.0,similar
app-2152,28,6,2,2,0.7777777777777778,similar
app-1071,364,7,2,2,0.9758713136729222,similar
app-1250,177,5,2,2,0.9619565217391305,similar
app-2281,925,6,1,0,0.9935553168635876,similar
app-67,318,33,77,151,0.7429906542056075,similar
app-1560,21,7,0,0,0.75,similar
app-676,328,80,0,0,0.803921568627451,similar
app-1399,477,293,11,0,0.6194805194805195,similar
app-1003,5,36,9,19,0.1,similar
app-718,170,5,0,0,0.9714285714285714,similar
app-1800,421,43,0,10,0.9073275862068966,similar
app-980,3,40,74,5,0.0625,similar
app-2322,11,62,18,102,0.12087912087912088,similar
app-202,220,7,0,1,0.9691629955947136,similar
app-613,250,122,395,2836,0.3259452411994785,similar
app-767,546,5,2,2,0.9873417721518988,similar
app-2341,44,10,24,2,0.7857142857142857,similar
app-1536,34,9,0,0,0.7906976744186046,similar
app-595,10,9,3,32,0.45454545454545453,similar
app-2310,32,8,1,0,0.8,similar
app-1346,23,44,0,0,0.34328358208955223,similar
app-205,60,20,655,7,0.6896551724137931,similar
app-1757,879,10,18,6,0.982122905027933,similar
app-1377,282,7,0,0,0.9757785467128027,similar
app-782,876,10,6,9,0.9820627802690582,similar
app-1689,364,7,2,2,0.9758713136729222,similar
app-374,11,12,0,0,0.4782608695652174,similar
app-2137,194,5,0,0,0.9748743718592965,similar
app-941,184,52,11,3,0.7698744769874477,similar
app-497,428,130,29,7,0.7575221238938054,similar
app-1483,0,12,5,5,0.0,similar
app-1079,1144,39,7,1,0.9662162162162162,similar
app-89,55,8,0,1,0.873015873015873,similar
app-1104,107,67,3,3,0.6045197740112994,similar
app-1900,7,12,4,32,0.30434782608695654,similar
app-2318,1113,6,0,0,0.9946380697050938,similar
app-1935,5,29,142,26,0.08333333333333333,similar
app-1793,1,15,7,31,0.043478260869565216,similar
app-1436,31,8,0,0,0.7948717948717948,similar
app-1867,38,19,33,14,0.5352112676056338,similar
app-2060,5,7,0,0,0.4166666666666667,similar
app-1060,3,37,65,42,0.036585365853658534,similar
app-256,59,6,7,31,0.8194444444444444,similar
app-1230,78,7,0,0,0.9176470588235294,similar
app-1620,97,77,4,8,0.5449438202247191,similar
app-758,364,7,2,2,0.9758713136729222,similar
app-1099,34,23,30,14,0.4788732394366197,similar
app-2120,28,14,1,2,0.6511627906976745,similar
app-1293,32,8,1,0,0.8,similar
app-1649,944,12,2,2,0.9853862212943633,similar
app-2376,12,11,0,0,0.5217391304347826,similar
app-927,661,16,24,230,0.9429386590584878,similar
app-1608,21,7,0,0,0.75,similar
app-367,323,93,51,491,0.6916488222698073,similar
app-1331,546,5,2,2,0.9873417721518988,similar
app-1112,110,4,3,3,0.9401709401709402,similar
app-1554,11,12,78,28,0.21568627450980393,similar
app-1155,19,7,2,2,0.6785714285714286,similar
app-1707,59,22,37,6,0.6781609195402298,similar
app-784,46,2,2,2,0.92,identical
app-531,58,5,0,0,0.9206349206349206,similar
app-2208,35,22,251,274,0.11363636363636363,similar
app-12,192,7,0,0,0.964824120603015,similar
app-2149,544,7,2,2,0.9837251356238698,similar
app-434,10,9,3,32,0.45454545454545453,similar
app-2257,1,21,11,54,0.030303030303030304,similar
app-771,35,6,0,0,0.8536585365853658,similar
app-817,80,15,6,0,0.8421052631578947,similar
app-1406,282,7,0,0,0.9757785467128027,similar
app-1271,131,68,4,262,0.645320197044335,similar
app-544,109,14,0,0,0.8861788617886179,similar
app-1515,60,20,227,7,0.6896551724137931,similar
app-1580,4,19,34,21,0.09090909090909091,similar
app-1477,196,6,1,2,0.9655172413793104,similar
app-1912,135,6,2,2,0.9440559440559441,similar
app-2089,48,5,0,0,0.9056603773584906,similar
app-2287,372,8,0,0,0.9789473684210527,similar
app-632,15,8,4,28,0.5555555555555556,similar
app-2178,216,7,0,0,0.968609865470852,similar
app-64,370,10,0,0,0.9736842105263158,similar
app-2192,366,7,0,0,0.9812332439678284,similar
app-1212,8,43,6,1,0.15384615384615385,similar
app-330,11,12,0,0,0.4782608695652174,similar
app-1891,59,8,19,20,0.686046511627907,similar
app-1242,405,5,1,2,0.9854014598540146,similar
app-938,5,34,2,21,0.12195121951219512,similar
app-1892,718,6,0,0,0.9917127071823204,similar
app-804,4,12,3,2,0.2222222222222222,similar
app-2127,541,6,0,0,0.9890310786106032,similar
app-2063,18,93,100,56,0.10778443113772455,similar
app-803,12,207,22,2,0.05429864253393665,similar
app-1639,87,35,0,1,0.7131147540983607,similar
app-178,6,18,17,2,0.23076923076923078,similar
app-731,411,5,0,0,0.9879807692307693,similar
app-567,3,16,11,25,0.1,similar
app-1173,11,5,0,0,0.6875,similar
app-1246,59,22,25,6,0.6781609195402298,similar
app-865,11,12,104,28,0.21568627450980393,similar
app-1496,15,8,1,28,0.625,similar
app-2196,43,8,0,0,0.8431372549019608,similar
app-138,876,12,134,7,0.9787709497206704,similar
app-1279,537,9,237,2,0.9799270072992701,similar
app-1353,19,7,2,2,0.6785714285714286,similar
app-2366,544,7,2,2,0.9837251356238698,similar
app-1379,5,34,2,21,0.12195121951219512,similar