app,methods_in_diff,simiScore,repetitionPermitition,executionWIthTraceDiff,repetitionAction
app-981,0,0.7878787878787878,False,0,False
app-1557,6,0.5773809523809523,True,0,False
app-494,0,0.9104477611940298,False,1,False
app-959,0,0.9710144927536232,False,0,False
app-1798,11,0.512,False,0,False
app-932,0,0.9391304347826087,False,0,False
app-1459,5,0.1111111111111111,False,3,False
app-1668,0,0.13333333333333333,False,0,False
app-1537,0,0.6153846153846154,False,3,False
app-464,0,0.9510869565217391,False,0,False
app-1005,0,0.3076923076923077,False,0,False
app-324,0,0.7290322580645161,False,3,True
app-1742,1,0.04,False,0,False
app-1044,0,0.3942307692307692,False,0,False
app-1588,0,0.0967741935483871,False,0,False
app-300,1,0.37037037037037035,False,0,False
app-1621,0,0.9283819628647215,False,0,False
app-805,0,0.5942028985507246,False,2,False
app-856,0,0.07894736842105263,False,0,False
app-1454,0,0.9339622641509434,False,0,False
app-249,0,0.9345794392523364,False,0,False
app-1039,0,0.9653465346534653,False,0,False
app-1285,0,0.35714285714285715,False,1,False
app-1549,0,0.4166666666666667,False,0,False
app-677,7,0.6507936507936508,False,0,False
app-648,0,0.2808988764044944,False,0,False
app-1776,0,0.7666666666666667,False,0,False
app-1334,0,0.19230769230769232,False,0,False
app-681,5,0.5892857142857143,False,3,False
app-473,0,0.7264150943396226,True,0,True
app-48,0,0.9968132568514978,True,3,False
app-760,1,0.7704918032786885,False,3,False
app-402,0,0.959731543624161,False,0,True
app-1372,0,0.9728260869565217,False,0,False
app-1277,0,0.7391304347826086,False,1,False
app-1813,2,0.45652173913043476,False,1,False
app-62,0,0.5658263305322129,True,1,False
app-354,2,0.9132653061224489,False,3,True
app-711,0,0.9786324786324786,False,0,False
app-1469,0,0.9788359788359788,True,0,True
app-1257,0,0.48936170212765956,False,2,False
app-1770,1,0.5348837209302325,False,0,False
app-1395,6,0.058823529411764705,False,0,False
app-589,0,0.20512820512820512,True,0,False
app-73,0,0.7368421052631579,True,2,False
app-1267,0,0.9333333333333333,False,0,False
app-1590,0,0.9752475247524752,False,0,False
app-328,0,0.047619047619047616,False,0,False
app-1041,0,0.6890547263681592,False,0,False
app-1020,3,0.925512104283054,True,2,False
app-1581,0,0.9468599033816425,False,0,False
app-1378,0,0.7120418848167539,False,0,False
app-286,0,0.8484848484848485,False,0,False
app-659,0,0.8679245283018868,False,0,False
app-881,0,0.9700996677740864,False,3,False
app-320,0,0.6808510638297872,False,1,False
app-275,0,0.6097560975609756,False,1,False
app-1077,0,0.057971014492753624,False,0,False
app-1594,0,0.19101123595505617,False,1,False
app-793,0,0.004347826086956522,False,3,False
app-920,0,0.9640287769784173,False,0,False
app-336,4,0.7506963788300836,True,0,True
app-1692,2,0.871313672922252,False,3,False
app-295,0,0.6371681415929203,False,0,False
app-34,6,0.8214285714285714,False,0,False
app-1017,1,0.2222222222222222,False,0,False
app-842,0,0.22824302134646962,True,0,False
app-752,0,0.87,False,0,False
app-1711,0,0.8301886792452831,False,0,False
app-278,0,0.2857142857142857,False,0,True
app-1575,0,0.13580246913580246,False,1,False
app-1564,0,0.07453416149068323,False,0,False
app-8,14,0.788135593220339,True,2,False
app-399,0,0.5833333333333334,False,1,False
app-1396,0,0.3191489361702128,False,2,False
app-989,0,0.9221411192214112,False,3,False
app-1472,0,0.7414965986394558,False,0,False
app-1712,0,0.32057416267942584,False,0,False
app-1188,0,0.2,False,0,False
app-1500,0,0.5294117647058824,False,3,False
app-1030,9,0.15083798882681565,False,0,False
app-844,0,0.08139534883720931,False,0,False
app-236,0,0.8060548722800378,False,1,True
app-1419,0,0.9577464788732394,True,0,False
app-1119,0,0.6964705882352941,False,3,True
app-1709,4,0.7941176470588235,False,0,True
app-3,27,0.9249146757679181,True,1,True
app-1816,0,0.2777777777777778,False,0,False
app-363,0,0.9870801033591732,True,0,True
app-1733,10,0.09523809523809523,False,3,False
app-1158,7,0.8917748917748918,True,2,True
app-1152,0,0.5,False,0,False
app-1386,0,0.37777777777777777,False,1,False
app-908,0,0.46357615894039733,False,0,True
app-1311,0,0.8526315789473684,False,0,False
app-197,0,0.7931034482758621,False,3,True
app-1164,15,0.8363636363636363,False,1,False
app-624,0,0.9776536312849162,True,0,False
app-1599,0,0.018518518518518517,False,0,False
app-625,0,0.9758454106280193,False,0,False
app-1458,0,0.9193548387096774,False,0,False
app-91,6,0.8341968911917098,False,1,False
app-745,0,0.5714285714285714,False,3,False
app-971,0,0.4583333333333333,False,0,False
app-884,0,0.023255813953488372,False,0,False
app-272,0,0.0,False,0,False
app-346,0,0.49508196721311476,False,3,False
app-814,0,0.6120689655172413,True,0,True
app-561,0,0.95,False,2,False
app-84,24,0.5434782608695652,False,0,True
app-60,0,0.7666666666666667,False,0,False
app-839,0,0.0,False,0,False
app-1574,0,0.9672897196261683,False,0,False
app-1115,0,0.4,False,0,False
app-253,0,0.017391304347826087,False,0,False
app-11,2,0.5952380952380952,False,3,False
app-858,0,0.09615384615384616,False,0,False
app-1738,7,0.9702970297029703,True,0,True
app-466,1,0.9644808743169399,False,0,True
app-81,0,0.7382075471698113,False,0,True
app-586,0,0.2553191489361702,False,2,False
app-288,0,0.8484848484848485,False,0,False
app-822,0,0.8043478260869565,False,2,False
app-242,0,0.2682926829268293,False,0,False
app-102,0,0.7358490566037735,False,0,False
app-1140,0,0.4423076923076923,False,0,False
app-80,21,0.955607476635514,True,1,True
app-315,1,0.16923076923076924,False,0,False
app-1457,19,0.1388888888888889,False,0,False
app-430,0,0.6060606060606061,False,3,False
app-1066,0,0.9953917050691244,False,0,False
app-486,0,0.940677966101695,False,0,False
app-456,0,0.0,False,0,False
app-1105,0,0.0,False,0,False
app-273,0,0.04819277108433735,False,0,False
app-983,0,0.3829787234042553,False,1,False
app-477,1,0.7402862985685071,False,2,False
app-1365,0,0.12280701754385964,False,0,False
app-1284,1,0.8947368421052632,False,0,True
app-357,0,0.3978494623655914,False,3,False
app-1789,1,0.9962377727614747,True,0,True
app-710,2,0.09523809523809523,False,0,False
app-543,0,0.6808510638297872,False,1,False
app-283,0,0.7702702702702703,False,1,True
app-68,0,0.35294117647058826,True,0,False
app-750,0,0.9866666666666667,False,2,False
app-279,0,0.7391304347826086,False,3,False
app-450,0,0.7924528301886793,False,0,False
app-63,0,0.975,False,1,False
app-1805,0,0.5658263305322129,True,2,False
app-1530,0,0.27380952380952384,False,1,False
app-271,0,0.11538461538461539,False,1,False
app-1367,0,0.8025974025974026,False,1,False
app-6,0,0.9812734082397003,False,3,False
app-569,0,0.0847457627118644,False,0,False
app-1485,0,0.9418604651162791,False,0,False
app-1781,0,0.8484848484848485,False,0,False
app-1295,0,0.6666666666666666,False,3,False
app-245,0,0.056338028169014086,False,0,False
app-1275,0,0.015267175572519083,False,0,False
app-733,0,0.9473684210526315,False,1,False
app-826,0,0.6684210526315789,False,0,False
app-931,0,0.7796610169491526,False,2,True
app-1222,5,0.04081632653061224,False,0,False
app-576,5,0.55,False,0,False
app-820,0,0.950354609929078,False,0,True
app-546,0,0.964824120603015,False,2,False
app-51,8,0.717391304347826,True,3,True
app-277,0,0.973568281938326,True,0,False
app-316,0,0.11764705882352941,False,1,False
app-581,0,0.3888888888888889,False,2,False
app-756,0,0.9783783783783784,False,1,False
app-641,0,0.8333333333333334,False,0,False
app-1388,0,0.9161290322580645,False,0,True
app-634,0,0.7731958762886598,False,0,False
app-990,0,0.05128205128205128,False,0,False
app-1561,0,0.8666666666666667,False,0,False
app-291,1,0.7,False,0,False
app-1413,0,0.800383877159309,False,1,False
app-1078,0,0.9345794392523364,False,0,False
app-410,0,0.03305785123966942,False,0,False
app-716,0,0.41216216216216217,False,0,False
app-335,1,0.0,False,2,False
app-329,0,0.5555555555555556,False,2,False
app-1,12,0.9733924611973392,True,0,True
app-956,0,0.7411764705882353,False,1,False
app-1008,0,0.05813953488372093,False,0,False
app-26,15,0.7894736842105263,True,3,True
app-923,0,0.944,False,0,False
app-1720,0,0.6756756756756757,False,0,False
app-33,20,0.9316239316239316,True,3,True
app-781,0,0.09090909090909091,False,0,False
app-605,1,0.743103448275862,False,1,True
app-247,0,0.9345794392523364,False,0,False
app-874,0,0.13636363636363635,False,0,False
app-1431,0,0.52,False,0,False
app-1666,0,0.9665738161559888,False,2,False
app-928,0,0.9565217391304348,False,0,False
app-98,24,0.7321428571428571,True,3,True
app-297,0,0.3333333333333333,False,0,False
app-1150,0,0.9888682745825603,False,0,False
app-1750,0,0.16326530612244897,True,0,False
app-827,0,0.7136150234741784,False,1,False
app-723,0,0.7017045454545454,True,2,True
app-1583,0,0.2857142857142857,False,0,False
app-1690,0,0.9012345679012346,False,0,False
app-1021,0,0.6153846153846154,False,0,False
app-526,0,0.972972972972973,False,0,False
app-879,0,0.32860520094562645,False,0,True
app-1297,1,0.45969125214408235,False,3,False
app-1534,0,0.7083333333333334,False,0,False
app-712,0,0.9454545454545454,False,0,False
app-639,0,0.285,False,0,False
app-471,0,0.2631578947368421,False,0,False
app-10,0,0.8958333333333334,False,2,False
app-1670,1,0.37777777777777777,True,0,True
app-1437,0,0.9707792207792207,True,0,True
app-1728,0,0.5333333333333333,False,0,True
app-481,0,0.1724137931034483,True,0,False
app-866,0,0.5138888888888888,False,2,False
app-1702,0,0.9646643109540636,False,3,False
app-667,0,0.04,False,0,False
app-834,7,0.8267370272647317,False,0,True
app-1809,0,0.9653465346534653,False,0,False
app-1439,0,0.933852140077821,False,0,False
app-525,0,0.8627450980392157,False,0,False
app-1632,0,0.764172335600907,False,0,True
app-873,0,0.8125,False,0,False
app-669,0,0.9834437086092715,False,3,False
app-1123,22,0.7552083333333334,False,0,False
app-991,0,0.65625,False,0,False
app-383,0,0.13386880856760375,False,2,False
app-1562,0,0.3076923076923077,False,0,False
app-1811,0,0.968944099378882,False,0,False
app-1382,0,0.1935483870967742,False,3,False
app-969,1,0.7107438016528925,False,0,False
app-1576,0,0.7209302325581395,False,0,False
app-1566,0,0.7683741648106904,False,1,False
app-1376,14,0.22727272727272727,False,0,False
app-1308,0,0.9119496855345912,False,0,True
app-1672,0,0.775,False,0,False
app-1097,0,0.8,False,0,False
app-461,0,0.1,False,0,False
app-952,0,0.0967741935483871,False,0,False
app-1195,0,0.4,False,3,False
app-761,0,0.970873786407767,False,0,False
app-913,3,0.7757009345794392,False,0,False
app-70,0,0.9405405405405406,False,3,True
app-709,0,0.9565217391304348,False,0,False
app-1786,0,0.7704918032786885,False,1,True
app-1296,0,0.13513513513513514,False,0,False
app-432,3,0.9340659340659341,True,0,False
app-1126,0,0.125,False,0,False
app-27,0,0.7876106194690266,False,0,False
app-830,0,0.9723320158102767,False,0,False
app-833,0,0.3620689655172414,False,0,False
app-1321,0,0.0,False,0,False
app-859,10,0.7586206896551724,False,0,False
app-194,0,0.7931034482758621,False,2,True
app-1106,0,0.9854166666666667,False,0,False
app-437,0,0.9704433497536946,False,0,False
app-628,0,0.9692307692307692,False,2,False
app-966,0,0.9928400954653938,False,0,False
app-493,0,0.9721627408993576,False,3,False
app-855,0,0.023809523809523808,False,0,False
app-361,0,0.6666666666666666,False,0,False
app-664,0,0.9723320158102767,False,2,False
app-54,14,0.8059701492537313,True,0,True
app-1280,0,0.6779661016949152,False,2,False
app-1691,0,0.1111111111111111,False,0,False
app-770,0,0.16666666666666666,False,0,False
app-327,0,0.09090909090909091,False,0,False
app-1276,1,0.12857142857142856,False,0,False
app-285,0,0.8484848484848485,False,0,False
app-829,0,0.8839907192575406,False,0,False
app-321,3,0.8356435643564356,True,1,False
app-1772,0,0.02112676056338028,False,0,False
app-1120,0,0.9056603773584906,False,0,False
app-1124,0,0.5555555555555556,False,0,False
app-1823,0,0.2222222222222222,False,0,False
app-748,0,0.9582577132486388,False,3,False
app-439,0,0.03636363636363636,False,1,False
app-762,0,0.46808510638297873,False,2,False
app-426,0,0.5789473684210527,False,1,False
app-837,0,0.5416666666666666,False,0,False
app-1606,0,0.08035714285714286,False,3,False
app-1181,3,0.8604651162790697,True,0,False
app-470,0,0.21568627450980393,False,3,False
app-58,18,0.9067796610169492,True,3,True
app-1174,0,0.023809523809523808,False,1,False
app-23,10,0.5111111111111111,False,0,True
app-195,0,0.7931034482758621,False,1,True
app-919,0,0.9871794871794872,False,0,False
app-1421,0,0.9927953890489913,True,1,True
app-1292,0,0.2537313432835821,False,0,False
app-520,0,0.4,False,1,False
app-1676,0,0.05194805194805195,False,0,False
app-96,35,0.5909090909090909,False,0,False
app-1417,0,0.9279279279279279,False,0,False
app-1287,0,0.9565217391304348,False,0,False
app-854,0,0.894431554524362,True,0,False
app-196,0,0.7931034482758621,False,3,True
app-298,0,0.6428571428571429,False,0,False
app-992,0,0.9683794466403162,False,0,False
app-1744,0,0.6491228070175439,False,0,False
app-880,1,0.630057803468208,False,1,False
app-1190,0,0.7669172932330827,False,0,False
app-21,28,0.8913043478260869,True,2,True
app-1630,0,0.125,False,0,False
app-478,0,0.6749226006191951,False,3,False
app-5,0,0.9640287769784173,False,0,True
app-431,12,0.9484240687679083,False,3,False
app-4,5,0.8870967741935484,False,0,False
app-203,0,0.4911242603550296,False,0,False
app-1492,2,0.5833333333333334,False,0,False
app-1361,8,0.9828973843058351,False,1,True
app-1234,0,0.24561403508771928,False,0,False
app-658,0,0.9259259259259259,False,0,False
app-1274,0,0.38461538461538464,False,0,False
app-1319,0,0.20125786163522014,False,0,False
app-510,0,0.72,False,2,False
app-390,0,0.7954545454545454,False,2,True
app-304,0,0.2782258064516129,False,3,False
app-1769,6,0.3076923076923077,False,0,False
app-55,15,0.9353846153846154,True,0,False
app-69,2,0.9947643979057592,False,0,True
app-1302,0,0.6875,False,2,True
app-737,0,0.02127659574468085,False,0,False
app-412,0,0.9473684210526315,False,0,False
app-29,18,0.7174721189591078,True,2,True
app-1740,0,0.819672131147541,False,0,True
app-1604,0,0.48,False,0,False
app-322,0,0.17857142857142858,False,2,False
app-289,0,0.8181818181818182,False,0,False
app-476,0,0.40865384615384615,True,0,False
app-1259,0,0.48936170212765956,False,2,False
app-1787,0,0.9895833333333334,False,0,False
app-828,0,0.16666666666666666,False,0,False
app-573,0,0.9176470588235294,False,0,False
app-1103,0,0.9702380952380952,False,0,False
app-831,1,0.944206008583691,True,0,False
app-871,0,0.7647058823529411,True,0,False
app-1427,0,0.7228915662650602,False,2,False
app-1256,0,0.8571428571428571,False,0,False
app-1652,0,0.3157894736842105,False,0,False
app-838,0,0.5833333333333334,False,0,False
app-580,4,0.3221476510067114,False,3,False
app-812,0,0.8431952662721893,False,0,False
app-15,0,0.7647058823529411,False,1,False
app-940,0,0.9418604651162791,False,0,False
app-777,0,0.7878787878787878,False,0,False
app-937,0,0.7592592592592593,False,3,False
app-82,22,0.9758620689655172,True,2,True
app-1694,0,0.8695652173913043,False,0,False
app-715,0,0.43333333333333335,False,0,False
app-1304,0,0.15217391304347827,False,0,False
app-1475,9,0.9184782608695652,False,0,False
app-1428,6,0.9806949806949807,False,1,True
app-1424,0,0.6808510638297872,False,0,False
app-396,0,0.8407494145199064,True,0,True
app-87,21,0.47058823529411764,True,3,False
app-1518,0,0.9107142857142857,False,0,True
app-583,0,0.9892933618843683,False,0,False
app-22,0,0.8918918918918919,False,0,True
app-1546,0,0.24444444444444444,False,0,True
app-280,0,0.0,False,0,False
app-670,0,0.9056603773584906,False,0,False
app-985,0,0.11764705882352941,False,0,False
app-721,0,0.625,True,0,False
app-334,0,0.5694444444444444,False,0,False
app-1049,0,0.0,False,0,False
app-1118,0,0.24324324324324326,False,0,False
app-1085,7,0.9339622641509434,True,0,False
app-243,0,0.1588447653429603,False,0,False
app-1587,0,0.975,False,0,False
app-282,0,0.5194805194805194,False,1,False
app-340,14,0.7803468208092486,False,0,True
app-1425,0,0.9733333333333334,False,0,False
app-970,2,0.9707602339181286,False,0,False
app-541,3,0.9395604395604396,False,1,True
app-1162,0,0.5882352941176471,True,2,False
app-1019,0,0.9891696750902527,False,1,False
app-293,0,0.6371681415929203,False,0,False
app-897,0,0.8741721854304636,False,0,False
app-71,17,0.8611111111111112,True,2,True
app-1806,0,0.6031746031746031,False,2,False
app-264,0,0.2127659574468085,False,0,False
app-1804,0,0.9749216300940439,True,2,False
app-998,0,0.6363636363636364,False,0,False
app-893,0,0.944,False,0,False
app-83,24,0.9292929292929293,False,0,True
app-338,0,0.5330882352941176,False,0,False
app-30,20,0.851063829787234,True,2,True
app-52,7,0.9696969696969697,True,0,True
app-1232,0,0.875,False,0,False
app-1213,0,0.15217391304347827,True,0,False
app-222,0,0.9871194379391101,False,1,False
app-1656,0,0.9562043795620438,True,0,False
app-1303,0,0.8301886792452831,False,0,False
app-877,0,0.25,False,0,False
app-1135,0,0.9565217391304348,False,0,False
app-1584,0,0.9672131147540983,False,0,False
app-1734,0,0.5483870967741935,False,0,False
app-46,0,0.6,False,0,False
app-57,20,0.9272727272727272,True,0,True
app-1636,0,0.9939485627836612,False,0,True
app-1749,0,0.9430379746835443,False,0,False
app-254,6,0.6035714285714285,False,0,False
app-1254,0,0.5932203389830508,False,0,False
app-943,0,0.10344827586206896,False,0,False
app-1082,0,0.52,False,0,False
app-235,0,0.5660377358490566,False,0,False
app-1048,0,0.43902439024390244,False,0,False
app-252,0,0.9345794392523364,False,0,False
app-852,0,0.9135802469135802,True,0,False
app-1704,0,0.8888888888888888,False,3,False
app-606,0,0.14285714285714285,False,0,False
app-953,0,0.3191489361702128,False,0,False
app-1570,1,0.8717948717948718,False,3,False
app-1394,0,0.8064516129032258,False,0,False
app-1076,0,0.9577464788732394,True,0,False
app-523,0,0.3191489361702128,False,1,False
app-356,0,0.21153846153846154,False,0,False
app-1387,0,0.5573770491803278,False,0,False
app-1125,2,0.15789473684210525,False,3,False
app-309,0,0.6328125,False,0,False
app-42,13,0.29508196721311475,False,3,False
app-387,0,0.9418604651162791,False,0,False
app-553,2,0.08737864077669903,False,1,False
app-270,0,0.0,False,0,False
app-662,0,0.203125,False,3,True
app-889,13,0.6363636363636364,False,0,False
app-59,22,0.9213483146067416,True,1,True
app-488,0,0.2,False,3,False
app-575,0,0.20588235294117646,False,0,False
app-1069,0,0.9752475247524752,False,0,False
app-872,0,0.9587073608617595,False,3,False
app-1522,0,0.8080168776371308,True,0,False
app-593,0,0.9723320158102767,False,2,False
app-1753,0,0.04819277108433735,False,0,False
app-1503,0,0.84375,False,0,False
app-1241,0,0.7207207207207207,False,0,False
app-47,4,0.9759615384615384,False,2,True
app-404,0,0.9853211009174312,False,2,False
app-1422,3,0.6923076923076923,False,0,False
app-1613,0,0.4230769230769231,False,0,False
app-960,0,0.76,False,0,False
app-1002,0,0.9606299212598425,False,0,False
app-729,0,0.3191489361702128,False,2,False
app-1095,0,0.8295454545454546,False,0,False
app-276,0,0.9692982456140351,True,0,False
app-442,0,0.9802371541501976,False,0,False
app-101,5,0.738562091503268,True,0,True
app-251,0,0.9345794392523364,False,0,False
app-246,0,0.8590604026845637,True,0,True
app-239,2,0.08333333333333333,False,0,False
app-1385,0,0.9854166666666667,False,1,False
app-13,18,0.9778270509977827,False,2,True
app-602,0,0.9585798816568047,False,0,False
app-1693,0,0.7916666666666666,False,0,False
app-809,0,0.6857142857142857,False,1,False
app-53,10,0.9078014184397163,True,0,True
app-1548,8,0.015037593984962405,True,0,False
app-1090,0,0.7088607594936709,False,0,False
app-1370,0,0.03896103896103896,False,0,False
app-582,0,0.9635036496350365,True,1,True
app-644,0,0.461038961038961,False,3,True
app-1034,1,0.27624309392265195,False,0,False
app-287,0,0.8484848484848485,False,0,False
app-1031,0,0.9831932773109243,True,0,False
app-1091,0,0.10687022900763359,True,0,False
app-1153,0,0.6533333333333333,False,1,False
app-1438,3,0.9888059701492538,False,0,False
app-1252,0,0.9786476868327402,False,3,True
app-1225,0,0.7809798270893372,False,3,True
app-37,22,0.6363636363636364,False,3,True
app-1487,0,0.924066924066924,False,0,True
app-19,15,0.9236363636363636,False,0,False
app-1227,0,0.8679245283018868,False,0,False
app-50,16,0.7553956834532374,False,0,True
app-823,0,0.19022687609075042,False,0,False
app-813,0,0.7083333333333334,False,2,False
app-1389,0,0.5675675675675675,False,2,False
app-86,0,0.7,False,0,False
app-382,0,0.4528301886792453,False,0,False
app-743,0,0.6678445229681979,False,0,False
app-1614,0,0.8679245283018868,False,0,False
app-1235,0,0.9395348837209302,False,2,False
app-429,0,0.02564102564102564,False,0,False
app-1669,0,0.1,False,0,False
app-1084,0,0.10909090909090909,False,0,False
app-2,0,0.8474074074074074,True,1,True
app-1434,5,0.7868852459016393,False,0,True
app-739,0,0.8918918918918919,False,0,True
app-480,0,0.944,False,0,False
app-1732,0,0.7674418604651163,False,0,False
app-1247,0,0.8804347826086957,True,2,False
app-511,0,0.8685156651258347,False,3,True
app-1803,0,0.7537688442211056,False,1,False
app-455,0,0.08196721311475409,False,0,False
app-1240,0,0.6697247706422018,False,0,False
app-1715,0,0.9858557284299858,False,0,False
app-1272,0,0.956140350877193,False,0,False
app-1328,0,0.8273381294964028,False,2,False
app-61,19,0.028985507246376812,True,0,True
app-949,0,0.9850746268656716,False,0,False
app-1463,4,0.22580645161290322,False,0,False
app-384,0,0.9597989949748744,False,2,False
app-1294,0,0.98125,False,0,False
app-1344,4,0.2857142857142857,False,0,False
app-18,15,0.8559322033898306,False,0,False
app-217,10,0.9299719887955182,False,0,False
app-1196,0,0.7413793103448276,False,0,False
app-683,0,0.9786324786324786,False,0,False
app-75,0,0.6326530612244898,False,0,True
app-1699,0,0.9565217391304348,False,0,False
app-45,13,0.5333333333333333,False,3,True
app-362,0,0.9358974358974359,False,0,False
app-1402,5,0.5172413793103449,True,0,False
app-1087,0,0.7666666666666667,False,0,False
app-965,0,0.9009009009009009,False,0,False
app-1602,0,0.6075949367088608,False,0,False
app-1404,0,0.822429906542056,False,3,False
app-1743,0,0.8143939393939394,False,0,False
app-577,0,0.4878048780487805,False,0,False
app-326,0,0.7632933104631218,False,2,False
app-1671,0,0.9779527559055118,False,2,False
app-618,0,0.42857142857142855,False,0,False
app-92,30,0.48717948717948717,False,3,False
app-9,7,0.9508928571428571,True,0,True
app-1653,0,0.8860759493670886,False,0,False
app-954,0,0.9111111111111111,True,2,False
app-1175,0,0.16666666666666666,False,3,False
app-248,0,0.9158878504672897,False,0,False
app-368,0,0.9872029250457038,True,2,False
app-1282,0,0.9904522613065326,False,3,True
app-791,0,0.03614457831325301,False,0,False
app-964,0,0.12,False,0,False
app-802,0,0.704225352112676,False,0,False
app-1192,0,0.9832935560859188,False,0,False
app-1706,0,0.47368421052631576,False,0,False
app-653,0,0.9583333333333334,False,0,False
app-929,5,0.3783783783783784,False,3,False
app-790,0,0.05194805194805195,False,0,False
app-1266,6,0.43333333333333335,False,3,False
app-459,0,0.9834437086092715,False,0,False
app-1159,1,0.9590163934426229,False,1,True
app-1815,0,0.9647058823529412,False,0,False
app-1176,0,0.3333333333333333,False,0,False
app-1218,0,0.25316455696202533,False,0,False
app-1214,0,0.9540034071550255,False,2,False
app-359,0,0.16891891891891891,False,1,False
app-445,2,0.08759124087591241,True,0,True
app-496,0,0.9893390191897654,False,0,False
app-1799,0,0.5367647058823529,False,0,False
app-425,0,0.48936170212765956,False,1,False
app-1314,5,0.5906432748538012,False,3,True
app-193,0,0.7931034482758621,False,1,True
app-682,12,0.9742489270386266,False,3,False
app-44,2,0.9756637168141593,True,0,True
app-1447,0,0.9749518304431599,False,0,False
app-1490,0,0.22950819672131148,False,0,True
app-296,0,0.35585585585585583,False,0,False
app-1792,0,0.291970802919708,False,2,False
app-1193,12,0.8928571428571429,False,3,False
app-1710,0,0.08072916666666667,False,3,False
app-1465,0,0.65625,False,0,False
app-801,0,0.0,False,0,False
app-14,6,0.9619047619047619,True,1,True
app-769,0,0.07692307692307693,False,0,False
app-1646,0,0.6893203883495146,False,0,False
app-1571,0,0.5342960288808665,False,0,True
app-1245,5,0.0625,False,3,False
app-853,0,0.8695652173913043,True,0,False
app-1059,0,0.6825396825396826,False,0,False
app-645,0,0.6875,False,3,True
app-20,9,0.5,False,0,False
app-978,0,0.8636363636363636,False,3,False
app-100,13,0.6326530612244898,False,2,False
app-49,15,0.8876404494382022,True,0,True
app-1270,0,0.3191489361702128,False,2,False
app-620,3,0.5196078431372549,False,0,False
app-1253,1,0.7410714285714286,False,1,False
app-99,0,0.9980943306336351,False,1,True
app-1784,0,0.5887096774193549,False,1,False
app-763,0,0.0,False,0,False
app-554,0,0.48936170212765956,False,1,False
app-1381,0,0.9776536312849162,True,0,False
app-1623,1,0.3,False,0,False
app-405,0,0.9640287769784173,False,0,True
app-1527,0,0.06333333333333334,False,0,False
app-1335,0,0.5416666666666666,False,0,False
app-250,0,0.9345794392523364,False,0,False
app-916,6,0.9816849816849816,False,2,False
app-290,1,0.7181818181818181,False,0,False
app-1556,0,0.375,False,0,False
app-78,11,0.7985074626865671,True,3,True
app-917,0,0.8701298701298701,False,0,False
app-957,0,0.9745762711864406,False,0,True
app-749,0,0.4520547945205479,False,0,False
app-460,2,0.11627906976744186,False,0,False
app-944,0,0.4612546125461255,False,0,True
app-594,2,0.21875,False,0,False
app-1055,2,0.30303030303030304,False,0,False
app-1101,0,0.5,False,0,False
app-17,19,0.04504504504504504,True,0,True
app-24,15,0.9126637554585153,True,3,True
app-614,0,0.9918604651162791,False,0,True
app-629,2,0.02702702702702703,False,0,False
app-35,6,0.7777777777777778,False,0,False
app-886,0,0.9830028328611898,True,0,True
app-1501,0,0.5833333333333334,False,0,False
app-930,0,0.4878048780487805,False,1,False
app-65,0,0.8666666666666667,False,0,False
app-1364,0,0.020202020202020204,False,0,False
app-1312,2,0.8721461187214612,False,3,False
app-244,10,0.5157894736842106,False,0,False
app-31,0,0.7317073170731707,False,0,False
app-43,4,0.9016393442622951,False,2,False
app-1735,11,0.8741258741258742,False,0,False
app-1633,0,0.6834170854271356,False,0,True
app-76,28,0.9395348837209302,False,2,False
app-1203,1,0.47058823529411764,False,0,True
app-563,1,0.5581395348837209,False,0,True
app-778,1,0.9227642276422764,False,3,False
app-40,0,0.9909584086799277,True,3,True
app-846,0,0.7115384615384616,False,0,False
app-369,0,0.9748743718592965,False,0,False
app-1446,0,0.9739130434782609,True,0,True
app-1122,0,0.5676855895196506,False,0,True
app-1180,0,0.0967741935483871,False,0,True
app-1520,5,0.03076923076923077,False,0,False
app-1011,0,0.9851576994434137,False,0,False
app-843,10,0.04918032786885246,False,0,False
app-333,2,0.009900990099009901,False,0,False
app-79,0,0.9473684210526315,False,1,False
app-95,10,0.8870967741935484,True,0,True
app-933,0,0.9851485148514851,True,0,False
app-882,0,0.94,False,0,True
app-1243,4,0.6666666666666666,False,0,False
app-199,0,0.7719298245614035,False,2,True
app-1163,0,0.5833333333333334,False,0,False
app-474,0,0.9285714285714286,False,0,True
app-66,0,0.880184331797235,False,0,True
app-747,0,0.9719626168224299,False,0,False
app-1310,0,0.966183574879227,False,0,False
app-713,0,0.8085106382978723,False,0,False
app-995,0,0.030303030303030304,True,0,False
app-1700,0,0.9884615384615385,True,0,False
app-772,0,0.4117647058823529,False,0,False
app-550,0,0.9358974358974359,True,0,True
app-1128,0,0.08333333333333333,False,0,False
app-1432,1,0.1125,False,0,True
app-1677,0,0.8857142857142857,True,0,False
app-509,18,0.27936507936507937,False,0,False
app-204,0,0.4970414201183432,False,0,False
app-627,0,0.9832402234636871,True,0,False
app-1624,0,0.6330275229357798,False,0,False
app-1383,0,0.8870967741935484,False,0,False
app-722,0,0.9591836734693877,True,2,True
app-1521,0,0.1111111111111111,False,0,False
app-1538,0,0.0392156862745098,False,0,False
app-1814,0,0.9829424307036247,False,0,False
app-616,2,0.7019230769230769,False,1,False
app-90,8,0.9013452914798207,True,3,True
app-1605,0,0.7551020408163265,False,1,False
app-16,11,0.6764705882352942,False,0,False
app-1785,0,0.7894736842105263,False,0,False
app-1006,0,0.6536312849162011,False,2,False
app-380,0,0.06382978723404255,False,0,False
app-1758,5,0.6625,True,0,True
app-462,4,0.1956521739130435,False,0,False
app-867,14,0.5277777777777778,False,3,False
app-1281,0,0.7666666666666667,False,0,False
app-1701,0,0.27586206896551724,False,0,False
app-292,14,0.7868852459016393,False,0,False
app-1368,0,0.18584070796460178,False,0,False
app-637,0,0.6747252747252748,False,0,False
app-1430,0,0.9702380952380952,False,0,False
app-1482,0,0.9866071428571429,True,0,False
app-850,0,0.89375,False,1,False
app-1456,4,0.19402985074626866,False,0,False
app-753,12,0.5454545454545454,False,0,False
app-1401,0,0.41379310344827586,False,0,False
app-375,0,0.7397260273972602,False,0,False
app-395,0,0.52,False,0,False
app-284,0,0.7756598240469208,True,2,True
app-1000,0,0.6313868613138686,False,0,False
app-56,0,0.9541284403669725,False,3,False
app-74,24,0.9874686716791979,True,2,True
app-819,0,0.8070175438596491,False,1,False
app-773,0,0.5462184873949579,False,0,False
app-1663,0,0.46808510638297873,False,0,False
app-339,0,0.07246376811594203,False,2,False
app-1586,0,0.26865671641791045,False,0,False
app-475,0,0.3333333333333333,False,0,False
app-597,1,0.5363636363636364,False,2,False
app-1479,0,0.9483568075117371,False,0,False
app-1045,0,0.875,False,2,False
app-1407,0,0.6363636363636364,False,0,False
app-1512,0,0.925,False,0,False
app-39,0,0.9243697478991597,False,0,False
app-901,5,0.16455696202531644,False,3,False
app-1810,0,0.9521276595744681,False,2,False
app-967,5,0.8844221105527639,False,3,False
app-385,0,0.015503875968992248,False,0,False
app-1453,0,0.6875,False,1,False
app-1618,0,0.9375,False,0,True
app-1315,0,0.17391304347826086,False,0,False
app-1325,0,0.9855072463768116,False,0,False
app-979,1,0.2403846153846154,False,0,False
app-789,0,0.1875,False,0,False
app-97,11,0.11320754716981132,True,2,True
app-1755,0,0.9494949494949495,True,0,True
app-1136,0,0.873015873015873,False,1,False
app-806,0,0.4666666666666667,False,1,False
app-1300,8,0.00847457627118644,False,0,False
app-1414,0,0.9386503067484663,False,0,False
app-1730,0,0.38144329896907214,False,0,False
app-603,0,0.9432773109243697,False,3,False
app-1471,0,0.8729411764705882,False,0,False
app-673,1,0.456,False,0,False
app-626,0,0.8513189448441247,False,0,False
app-1366,2,0.3254901960784314,False,0,False
app-1129,17,0.0,False,2,False
app-560,0,0.8978306508047585,False,0,True
app-72,0,0.8918918918918919,False,2,False
app-942,0,0.10526315789473684,False,0,False
app-94,0,0.9555555555555556,False,2,True
app-1220,0,0.022961203483768806,False,0,False
app-1036,0,0.981203007518797,True,0,True
app-835,0,0.9586206896551724,True,0,True
app-1654,0,0.6510263929618768,False,0,False
app-1722,0,0.7717391304347826,False,1,False
app-313,2,0.5612244897959183,False,3,False
app-1768,1,0.02666666666666667,False,0,False
app-939,0,0.8181818181818182,False,0,False
app-1116,0,0.8571428571428571,False,0,False
app-1423,0,0.29577464788732394,False,1,False
app-1708,3,0.85,False,3,False
app-1117,0,0.691358024691358,False,0,False
app-869,0,0.9921135646687698,True,3,True
app-85,4,0.7954545454545454,True,2,True
app-1517,0,0.3203125,False,1,False
app-1071,0,0.6511627906976745,False,0,False
app-67,19,0.02112676056338028,True,0,True
app-719,0,0.6071428571428571,False,0,False
app-7,0,0.9104477611940298,False,3,False
app-342,0,0.9396551724137931,True,0,False
app-1622,0,0.797037037037037,True,3,True
app-400,0,0.48936170212765956,False,0,False
app-1345,0,0.4177215189873418,False,0,False
app-1673,0,0.10909090909090909,False,0,False
app-1412,0,0.972972972972973,False,0,False
app-1543,0,0.5217391304347826,False,0,False
app-776,0,0.03571428571428571,False,0,False
app-202,0,0.7931034482758621,False,2,True
app-613,0,0.9692982456140351,True,0,False
app-767,0,0.6875,False,0,False
app-77,17,0.49122807017543857,True,3,True
app-1714,0,0.3191489361702128,False,1,False
app-1377,0,0.5510204081632653,False,0,False
app-1689,0,0.125,False,0,False
app-1716,0,0.4827586206896552,False,0,False
app-1070,0,0.9193548387096774,False,0,False
app-941,0,0.6699801192842942,False,3,False
app-1079,0,0.9672131147540983,False,0,False
app-1532,0,0.8925964546402503,False,0,False
app-89,0,0.1,False,0,False
app-1104,0,0.9304347826086956,False,0,False
app-610,1,0.5877862595419847,False,0,False
app-1793,0,0.6814159292035398,False,0,False
app-1729,0,0.225,False,0,False
app-1436,0,0.532394366197183,False,0,False
app-28,23,0.925,False,0,False
app-1230,0,0.020618556701030927,False,0,False
app-1620,0,0.9671361502347418,False,0,False
app-294,0,0.3969849246231156,False,0,False
app-1686,0,0.9737827715355806,False,1,False
app-1293,1,0.2857142857142857,False,0,False
app-1608,0,0.8679245283018868,False,0,False
app-1554,0,0.7021276595744681,False,1,False
app-1707,9,0.8255360623781677,True,0,True
app-1495,11,0.037037037037037035,False,0,False
app-12,13,0.937007874015748,True,2,False
app-1515,0,0.3888888888888889,False,3,False
app-1597,0,0.6944444444444444,False,0,False
app-1337,0,0.9833795013850416,False,1,False
app-1477,3,0.1282051282051282,False,0,False
app-1113,15,0.8752212389380531,False,0,False
app-1145,0,0.4528301886792453,False,2,False
app-221,0,0.9871194379391101,False,2,False
app-64,14,0.75,True,0,True
app-938,0,0.8387096774193549,False,2,False
app-804,4,0.07142857142857142,False,1,False
app-1639,0,0.9849246231155779,True,0,True
app-1410,0,0.9049295774647887,False,0,False
app-865,0,0.9785202863961814,False,0,False
app-1496,5,0.675,False,0,False
app-1819,0,0.84,False,0,False