categoty,analysis,method
NETWORK_INFORMATION,S,<android.view.View: int getWidth()>
NETWORK_INFORMATION,S,<android.content.Intent: java.lang.String getStringExtra(java.lang.String)>
NETWORK_INFORMATION,S,<android.database.sqlite.SQLiteOpenHelper: android.database.sqlite.SQLiteDatabase getWritableDatabase()>
NETWORK_INFORMATION,S,<android.util.SparseArray: android.util.SparseArray clone()>
NETWORK_INFORMATION,S,<java.io.ByteArrayOutputStream: byte[] toByteArray()>
NETWORK_INFORMATION,S,<android.util.SparseBooleanArray: android.util.SparseBooleanArray clone()>
NETWORK_INFORMATION,S,<android.webkit.WebSettings: java.lang.String getUserAgentString()>
NETWORK_INFORMATION,S,<java.io.Reader: int read(char[])>
NETWORK_INFORMATION,S,<java.lang.Object: java.lang.Object clone()>
NETWORK_INFORMATION,S,<android.content.res.Resources: boolean getBoolean(int)>
NETWORK_INFORMATION,S,<java.io.ByteArrayOutputStream: java.lang.String toString()>
NETWORK_INFORMATION,S,<java.util.Locale: java.util.Locale getDefault()>
NETWORK_INFORMATION,S,<java.util.ArrayList: java.lang.Object clone()>
NETWORK_INFORMATION,S,<java.security.MessageDigest: java.security.MessageDigest getInstance(java.lang.String)>
NETWORK_INFORMATION,S,<java.lang.String: byte[] getBytes()>
NETWORK_INFORMATION,S,<android.media.AudioManager: int getStreamMaxVolume(int)>
NETWORK_INFORMATION,S,<android.view.animation.Animation: android.view.animation.Animation clone()>
NETWORK_INFORMATION,S,<android.telephony.TelephonyManager: java.lang.String getNetworkOperatorName()>
NETWORK_INFORMATION,S,<android.view.View: int getHeight()>
NETWORK_INFORMATION,S,<android.view.View: int getRight()>
NETWORK_INFORMATION,S,<android.view.View: android.content.Context getContext()>
NETWORK_INFORMATION,S,<android.database.sqlite.SQLiteDatabase: android.database.Cursor rawQuery(java.lang.String,java.lang.String[])>
NETWORK_INFORMATION,S,<android.preference.ListPreference: java.lang.CharSequence[] getEntries()>
NETWORK_INFORMATION,S,<android.view.View: android.content.res.Resources getResources()>
NETWORK_INFORMATION,S,<android.view.Display: int getWidth()>
NETWORK_INFORMATION,S,<java.lang.String: java.lang.String trim()>
NETWORK_INFORMATION,S,<android.view.MotionEvent: int getAction()>
NETWORK_INFORMATION,S,<android.view.MotionEvent: float getY()>
NETWORK_INFORMATION,S,<java.lang.Double: double doubleValue()>
NETWORK_INFORMATION,S,<android.content.ContextWrapper: android.content.Context getApplicationContext()>
NETWORK_INFORMATION,S,<java.lang.Throwable: java.lang.String getMessage()>
NETWORK_INFORMATION,S,<android.app.Activity: android.view.MenuInflater getMenuInflater()>
NETWORK_INFORMATION,S,<android.preference.PreferenceManager: android.content.SharedPreferences getDefaultSharedPreferences(android.content.Context)>
NETWORK_INFORMATION,S,<android.content.res.Resources: android.util.DisplayMetrics getDisplayMetrics()>
NETWORK_INFORMATION,S,<android.os.Environment: java.lang.String getExternalStorageState()>
NETWORK_INFORMATION,S,<java.lang.StringBuffer: java.lang.String toString()>
NETWORK_INFORMATION,S,<android.content.ComponentName: android.content.ComponentName clone()>
NETWORK_INFORMATION,S,<android.view.View: int getBottom()>
NETWORK_INFORMATION,S,<android.content.Intent: boolean getBooleanExtra(java.lang.String,boolean)>
NETWORK_INFORMATION,S,<java.util.HashMap: java.lang.Object get(java.lang.Object)>
NETWORK_INFORMATION,S,<android.view.LayoutInflater: android.view.View inflate(int,android.view.ViewGroup)>
NETWORK_INFORMATION,S,<java.util.ArrayList: java.util.Iterator iterator()>
NETWORK_INFORMATION,S,<android.graphics.Bitmap: android.graphics.Bitmap createBitmap(int,int,android.graphics.Bitmap$Config)>
NETWORK_INFORMATION,S,<android.content.Context: java.lang.String getString(int)>
NETWORK_INFORMATION,S,<android.webkit.WebView: android.webkit.WebSettings getSettings()>
NETWORK_INFORMATION,S,<android.view.View: android.graphics.drawable.Drawable getBackground()>
NETWORK_INFORMATION,S,<android.content.res.Resources: int getInteger(int)>
NETWORK_INFORMATION,S,<android.net.Uri: android.net.Uri parse(java.lang.String)>
NETWORK_INFORMATION,S,<java.lang.String: java.lang.String toString()>
NETWORK_INFORMATION,S,<android.widget.ArrayAdapter: java.lang.Object getItem(int)>
NETWORK_INFORMATION,S,<java.text.DateFormat: java.lang.String format(java.util.Date)>
NETWORK_INFORMATION,S,<android.view.ViewGroup: boolean dispatchTouchEvent(android.view.MotionEvent)>
NETWORK_INFORMATION,S,<android.view.View: int getLeft()>
NETWORK_INFORMATION,S,<android.view.View: int getVisibility()>
NETWORK_INFORMATION,S,<android.app.AlertDialog$Builder: android.app.AlertDialog show()>
NETWORK_INFORMATION,S,<java.security.MessageDigest: byte[] digest(byte[])>
NETWORK_INFORMATION,S,<android.widget.Toast: android.widget.Toast makeText(android.content.Context,java.lang.CharSequence,int)>
NETWORK_INFORMATION,S,<android.graphics.drawable.BitmapDrawable: android.graphics.Bitmap getBitmap()>
NETWORK_INFORMATION,S,<javax.xml.parsers.DocumentBuilderFactory: javax.xml.parsers.DocumentBuilderFactory newInstance()>
NETWORK_INFORMATION,S,<java.util.ArrayList: java.lang.Object get(int)>
NETWORK_INFORMATION,S,<android.os.Bundle: java.lang.String getString(java.lang.String)>
NETWORK_INFORMATION,S,<android.app.Activity: android.content.Intent getIntent()>
NETWORK_INFORMATION,S,<android.view.LayoutInflater: android.view.View inflate(int,android.view.ViewGroup,boolean)>
NETWORK_INFORMATION,S,<android.media.AudioManager: int getStreamVolume(int)>
NETWORK_INFORMATION,S,<java.io.Writer: java.io.Writer append(java.lang.CharSequence,int,int)>
NETWORK_INFORMATION,S,<android.content.Intent: android.os.Bundle getExtras()>
NETWORK_INFORMATION,S,<android.graphics.Bitmap: android.graphics.Bitmap createScaledBitmap(android.graphics.Bitmap,int,int,boolean)>
NETWORK_INFORMATION,S,<java.net.URLConnection: java.io.InputStream getInputStream()>
NETWORK_INFORMATION,S,<android.webkit.WebHistoryItem: android.webkit.WebHistoryItem clone()>
NETWORK_INFORMATION,S,<java.lang.String: byte[] getBytes(java.lang.String)>
NETWORK_INFORMATION,S,<android.graphics.Bitmap: int getHeight()>
NETWORK_INFORMATION,S,<java.lang.reflect.Array: java.lang.Object newInstance(java.lang.Class,int[])>
NETWORK_INFORMATION,S,<android.content.ContextWrapper: android.content.Context getBaseContext()>
NETWORK_INFORMATION,S,<java.util.TimeZone: java.util.TimeZone getTimeZone(java.lang.String)>
NETWORK_INFORMATION,S,<android.preference.ListPreference: java.lang.String getValue()>
NETWORK_INFORMATION,S,<android.os.Environment: java.io.File getExternalStorageDirectory()>
NETWORK_INFORMATION,S,<android.view.View: java.lang.Object getTag()>
NETWORK_INFORMATION,S,<java.lang.StringBuilder: java.lang.String toString()>
NETWORK_INFORMATION,S,<android.graphics.Bitmap: int getWidth()>
NETWORK_INFORMATION,S,<java.util.Locale: java.lang.String getCountry()>
NETWORK_INFORMATION,S,<android.telephony.TelephonyManager: java.lang.String getSimCountryIso()>
NETWORK_INFORMATION,S,<java.nio.ByteBuffer: java.nio.ByteBuffer get(byte[],int,int)>
NETWORK_INFORMATION,S,<android.animation.Animator: android.animation.Animator clone()>
NETWORK_INFORMATION,S,<android.widget.EditText: android.text.Editable getText()>
NETWORK_INFORMATION,S,<java.util.UUID: java.lang.String toString()>
NETWORK_INFORMATION,S,<android.view.View: int getTop()>
NETWORK_INFORMATION,S,<android.provider.Settings$System: java.lang.String getString(android.content.ContentResolver,java.lang.String)>
NETWORK_INFORMATION,S,<android.telephony.TelephonyManager: java.lang.String getNetworkCountryIso()>
NETWORK_INFORMATION,S,<java.util.Locale: java.lang.String getLanguage()>
NETWORK_INFORMATION,S,<android.content.Intent: int getIntExtra(java.lang.String,int)>
NETWORK_INFORMATION,S,<android.preference.ListPreference: java.lang.CharSequence[] getEntryValues()>
NETWORK_INFORMATION,S,<java.io.File: java.lang.String getAbsolutePath()>
NETWORK_INFORMATION,S,<android.os.Bundle: int getInt(java.lang.String,int)>
NETWORK_INFORMATION,S,<android.app.Activity: java.lang.Object getSystemService(java.lang.String)>
NETWORK_INFORMATION,S,<android.view.MotionEvent: float getX()>
NETWORK_INFORMATION,S,<android.webkit.WebBackForwardList: android.webkit.WebBackForwardList clone()>
NETWORK_INFORMATION,S,<android.view.Display: int getHeight()>
NETWORK_INFORMATION,D,<android.view.View: int getWidth()>
NETWORK_INFORMATION,D,<android.graphics.Bitmap: int getHeight()>
NETWORK_INFORMATION,D,<android.database.sqlite.SQLiteOpenHelper: android.database.sqlite.SQLiteDatabase getWritableDatabase()>
NETWORK_INFORMATION,D,<android.content.res.Resources: int getInteger(int)>
NETWORK_INFORMATION,D,<android.content.ContextWrapper: android.content.res.Resources getResources()>
NETWORK_INFORMATION,D,<android.content.ContextWrapper: android.content.Context getBaseContext()>
NETWORK_INFORMATION,D,<java.util.HashMap: java.lang.Object get(java.lang.Object)>
NETWORK_INFORMATION,D,<android.media.AudioManager: int getStreamVolume(int)>
NETWORK_INFORMATION,D,<android.app.Activity: java.lang.Object getSystemService(java.lang.String)>
NETWORK_INFORMATION,D,<android.graphics.Bitmap: int getWidth()>
NETWORK_INFORMATION,D,<java.util.ArrayList: java.util.Iterator iterator()>
NETWORK_INFORMATION,D,<java.lang.StringBuilder: java.lang.String toString()>
NETWORK_INFORMATION,D,<android.media.AudioManager: int getStreamMaxVolume(int)>
NETWORK_INFORMATION,D,<android.view.View: int getHeight()>
NETWORK_INFORMATION,D,<android.view.View: android.content.Context getContext()>
NETWORK_INFORMATION,D,<android.content.ContextWrapper: android.content.Context getApplicationContext()>
NETWORK_INFORMATION,D,<android.content.res.Resources: boolean getBoolean(int)>
NETWORK_INFORMATION,D,<android.graphics.Bitmap: android.graphics.Bitmap createScaledBitmap(android.graphics.Bitmap,int,int,boolean)>
NETWORK_INFORMATION,D,<android.view.View: android.content.res.Resources getResources()>
NETWORK_INFORMATION,D,<android.preference.PreferenceManager: android.content.SharedPreferences getDefaultSharedPreferences(android.content.Context)>
LOCATION_INFORMATION,S,<android.telephony.TelephonyManager: int getNetworkType()>
CALENDAR_INFORMATION,S,<java.util.Calendar: int get(int)>
