app,hash
app-2,00405B66DD11A6F6EC3A68D971A0C5C18D981FBD303C31433634C98C5876D199
app-20,A306DA648251BF777538FA8A6DDE38F2FABB0B022189C1F84D76502F5AEA7491
app-21,A871E0151673094EBA17822B8E90A84D11B23EF891DF86C55401E55E0473947D
app-22,BCDF919487CD27B7C04EB749CF17EAFD848A5E28E298007C2E59F22492FB4B25
app-23,CCD29EC8ED6BFD8D2EA8C95611501FD59BC1BB05F55DF5B725ECCFC8229DA2C1
app-24,D83F1CEA611F3A0F8E1FCECCA1590AF59C5B55348D5822777274082833971638
app-25,D95B6E641758515BE34352487209B838555449C23663CE181039A8A3F3C6AF18
app-26,E29F53DA378260390C1F1AE7611ED64F11BE76EF1A2073D7D95E7546A11CD52D
app-27,E53FAABBA0576522FDA0B2D97D842A49F800B42FB977DF1B187313B0A8C59899
app-28,E5D71699E74614AD479A9E62595B4D699CFC184D2BCD2BA897F8F37739CA5222
app-10,33896EBEC02963FC5FC24AE0605FB10DBFE9881BE90E849AF6C98293901C03D2
app-29,ECEA10902B8F2E8A8E75F1C732F5A2D84F2DE7A1833BC567FFDB3D14AEFE4479
app-11,347FCF5AC1739C255EC0B8C19C4B3A345AA75B4ED6C80B2C7F3812C972319783
app-3,010C070CAD502077653BA79B75BD646745C0C6AFC5520BEAEF9EB7F0B3721A07
app-12,4010CA0E704485B5F3ABE4A031429CCBC8A2ACFD3CE93504047789C508D0E0CE
app-30,F9FC04324950DEFF10DF742480617C3EB6F0EB05396E3991C71374BCAC5DF2B2
app-13,5374927E98A0ED404B4FCBC128D333788F25A234AE8AC27CD58B0BE927D111CB
app-31,FE76EBE7B4F53A420CA6807A54DA9462ECEEBF1F315A15E5CB589FBEF62F7415
app-14,5B5F2D5DAA4934FC703E380DB9E0327402F63C1E9D523863469C3EA71495D6DF
app-4,01ECE4AE235D87D9045F8BEB6CC4B63A90B3F0728DA58C4BBB33C0348A7B9FAC
app-15,610113BB0C09252F656EADD1CEFEE95885D7EB83457701BF1D690C543C9E5B23
app-5,078E0AE6E398798FBAB485EC894BE593AC2F064A280BAB6EDACC8C7579BBBA70
app-16,67310E41EC0791DBD31F8CEF7F07A55C1D7F4E2E60D6C713AC1145B31F9D4B4B
app-6,0977B0E411C9C4EED5233978C65570340F64B0C7CBB6294B03BD0FB64E6F482F
app-17,723C231BA7A6BEA960ECD78063DB5A32834E96DF7B10D1956CD208B1BFAFD4FA
app-7,0C962D289ED6710EBDA600C067E3F6964FADC6DB72FA2EB1647F46CEE86CF091
app-18,842BD5F8A99D87D312AFD216D9634DB39D39288EAAD7A55FE1E8CDA9B7753FC5
app-8,17722D98079552D4C2F99434B400A306FCDE0D1BDA8637AA6B180820C94E6678
app-19,92209D0E67CE2C0C7D0393395E9433E36A07C95B475C622E4CD9FFFE087DF8DA
app-9,295B663AD1029330116FC4D9112AA374FD19A602249BA36A640C03EDFCDDEA97