categoty,analysis,method
CALENDAR_INFORMATION,S,<java.util.Calendar: java.util.Date getTime()>
CALENDAR_INFORMATION,S,<java.util.Calendar: java.util.Calendar getInstance()>
CALENDAR_INFORMATION,S,<java.util.Calendar: int get(int)>
SYSTEM_SETTINGS,S,<java.lang.ClassLoader: java.lang.Class loadClass(java.lang.String)>
SYSTEM_SETTINGS,S,<android.view.accessibility.AccessibilityManager: java.util.List getEnabledAccessibilityServiceList(int)>
SYSTEM_SETTINGS,D,<java.lang.ClassLoader: java.lang.Class loadClass(java.lang.String)>
NETWORK_INFORMATION,S,<android.view.View: int getWidth()>
NETWORK_INFORMATION,S,<android.support.v4.view.PagerAdapter: float getPageWidth(int)>
NETWORK_INFORMATION,S,<org.json.JSONObject: double getDouble(java.lang.String)>
NETWORK_INFORMATION,S,<android.view.View: int getPaddingBottom()>
NETWORK_INFORMATION,S,<java.io.ByteArrayOutputStream: byte[] toByteArray()>
NETWORK_INFORMATION,S,<java.util.LinkedList: java.lang.Object getFirst()>
NETWORK_INFORMATION,S,<java.net.URL: java.lang.String getHost()>
NETWORK_INFORMATION,S,<android.view.KeyEvent: int getAction()>
NETWORK_INFORMATION,S,<java.lang.StackTraceElement: java.lang.String getClassName()>
NETWORK_INFORMATION,S,<android.view.ViewConfiguration: int getScaledDoubleTapSlop()>
NETWORK_INFORMATION,S,<android.support.v4.view.accessibility.AccessibilityNodeInfoCompat: java.lang.CharSequence getContentDescription()>
NETWORK_INFORMATION,S,<android.view.View$AccessibilityDelegate: android.view.accessibility.AccessibilityNodeProvider getAccessibilityNodeProvider(android.view.View)>
NETWORK_INFORMATION,S,<android.graphics.drawable.Drawable: int getMinimumWidth()>
NETWORK_INFORMATION,S,<android.webkit.ConsoleMessage: java.lang.String message()>
NETWORK_INFORMATION,S,<android.app.Notification: android.app.Notification clone()>
NETWORK_INFORMATION,S,<org.json.JSONArray: org.json.JSONArray put(java.lang.Object)>
NETWORK_INFORMATION,S,<android.view.View: int getImportantForAccessibility()>
NETWORK_INFORMATION,S,<java.lang.Class: java.lang.reflect.Method getMethod(java.lang.String,java.lang.Class[])>
NETWORK_INFORMATION,S,<android.support.v4.view.ViewConfigurationCompat: int getScaledPagingTouchSlop(android.view.ViewConfiguration)>
NETWORK_INFORMATION,S,<android.view.View: int getLayerType()>
NETWORK_INFORMATION,S,<java.io.File: java.lang.String getName()>
NETWORK_INFORMATION,S,<android.view.accessibility.AccessibilityEvent: int getRecordCount()>
NETWORK_INFORMATION,S,<android.app.Activity: android.view.WindowManager getWindowManager()>
NETWORK_INFORMATION,S,<java.text.NumberFormat: java.text.NumberFormat getInstance(java.util.Locale)>
NETWORK_INFORMATION,S,<android.net.wifi.WifiInfo: java.lang.String getMacAddress()>
NETWORK_INFORMATION,S,<android.widget.TextView: android.content.res.ColorStateList getTextColors()>
NETWORK_INFORMATION,S,<android.support.v4.view.accessibility.AccessibilityRecordCompatIcs: java.lang.CharSequence getContentDescription(java.lang.Object)>
NETWORK_INFORMATION,S,<android.os.Bundle: java.io.Serializable getSerializable(java.lang.String)>
NETWORK_INFORMATION,S,<android.app.Activity: android.app.ActionBar getActionBar()>
NETWORK_INFORMATION,S,<android.net.Uri: java.lang.String encode(java.lang.String,java.lang.String)>
NETWORK_INFORMATION,S,<android.view.accessibility.AccessibilityRecord: int getToIndex()>
NETWORK_INFORMATION,S,<android.app.Activity: android.content.Intent getParentActivityIntent()>
NETWORK_INFORMATION,S,<java.lang.String: java.lang.String trim()>
NETWORK_INFORMATION,S,<java.net.URLConnection: java.io.OutputStream getOutputStream()>
NETWORK_INFORMATION,S,<android.view.View: android.view.ViewTreeObserver getViewTreeObserver()>
NETWORK_INFORMATION,S,<android.app.Activity: java.lang.Object getLastNonConfigurationInstance()>
NETWORK_INFORMATION,S,<java.util.LinkedList: java.lang.Object removeLast()>
NETWORK_INFORMATION,S,<android.content.Intent: java.lang.String getAction()>
NETWORK_INFORMATION,S,<android.view.accessibility.AccessibilityRecord: int getMaxScrollX()>
NETWORK_INFORMATION,S,<java.math.BigInteger: byte[] toByteArray()>
NETWORK_INFORMATION,S,<java.util.concurrent.FutureTask: java.lang.Object get(long,java.util.concurrent.TimeUnit)>
NETWORK_INFORMATION,S,<android.preference.PreferenceManager: android.content.SharedPreferences getDefaultSharedPreferences(android.content.Context)>
NETWORK_INFORMATION,S,<java.util.concurrent.FutureTask: java.lang.Object get()>
NETWORK_INFORMATION,S,<android.content.ComponentName: android.content.ComponentName clone()>
NETWORK_INFORMATION,S,<android.content.res.TypedArray: int getInteger(int,int)>
NETWORK_INFORMATION,S,<android.view.accessibility.AccessibilityNodeInfo: java.lang.CharSequence getContentDescription()>
NETWORK_INFORMATION,S,<android.widget.OverScroller: int getCurrX()>
NETWORK_INFORMATION,S,<java.util.HashMap: java.lang.Object get(java.lang.Object)>
NETWORK_INFORMATION,S,<android.content.Intent: android.os.Parcelable getParcelableExtra(java.lang.String)>
NETWORK_INFORMATION,S,<java.lang.Throwable: java.lang.Throwable getCause()>
NETWORK_INFORMATION,S,<android.graphics.drawable.Drawable: android.graphics.drawable.Drawable getCurrent()>
NETWORK_INFORMATION,S,<android.view.View: int getPaddingTop()>
NETWORK_INFORMATION,S,<android.view.accessibility.AccessibilityNodeInfo: java.lang.CharSequence getClassName()>
NETWORK_INFORMATION,S,<android.view.View: int getOverScrollMode()>
NETWORK_INFORMATION,S,<android.graphics.Bitmap: android.graphics.Bitmap createBitmap(int,int,android.graphics.Bitmap$Config)>
NETWORK_INFORMATION,S,<android.view.accessibility.AccessibilityNodeInfo: java.lang.CharSequence getText()>
NETWORK_INFORMATION,S,<android.app.Activity: android.content.ComponentName getCallingActivity()>
NETWORK_INFORMATION,S,<android.content.ContextWrapper: android.content.SharedPreferences getSharedPreferences(java.lang.String,int)>
NETWORK_INFORMATION,S,<android.app.Dialog: android.os.Bundle onSaveInstanceState()>
NETWORK_INFORMATION,S,<android.view.MotionEvent: int getPointerCount()>
NETWORK_INFORMATION,S,<android.support.v4.view.AccessibilityDelegateCompat: android.support.v4.view.accessibility.AccessibilityNodeProviderCompat getAccessibilityNodeProvider(android.view.View)>
NETWORK_INFORMATION,S,<android.view.VelocityTracker: float getYVelocity()>
NETWORK_INFORMATION,S,<java.text.DateFormat: java.lang.String format(java.util.Date)>
NETWORK_INFORMATION,S,<org.json.JSONObject: org.json.JSONObject getJSONObject(java.lang.String)>
NETWORK_INFORMATION,S,<android.accessibilityservice.AccessibilityServiceInfo: java.lang.String getId()>
NETWORK_INFORMATION,S,<android.widget.TextView: int getBaseline()>
NETWORK_INFORMATION,S,<android.net.NetworkInfo: int getType()>
NETWORK_INFORMATION,S,<android.telephony.TelephonyManager: java.lang.String getDeviceId()>
NETWORK_INFORMATION,S,<java.util.AbstractList: java.util.ListIterator listIterator(int)>
NETWORK_INFORMATION,S,<android.view.accessibility.AccessibilityRecord: int getWindowId()>
NETWORK_INFORMATION,S,<android.view.AbsSavedState: android.os.Parcelable getSuperState()>
NETWORK_INFORMATION,S,<android.database.sqlite.SQLiteDatabase: java.lang.String getPath()>
NETWORK_INFORMATION,S,<android.widget.Scroller: int getCurrY()>
NETWORK_INFORMATION,S,<android.view.View: android.view.View getRootView()>
NETWORK_INFORMATION,S,<android.view.accessibility.AccessibilityNodeInfo: java.lang.CharSequence getPackageName()>
NETWORK_INFORMATION,S,<android.os.Handler: android.os.Looper getLooper()>
NETWORK_INFORMATION,S,<android.app.Activity: android.content.Intent getIntent()>
NETWORK_INFORMATION,S,<android.support.v4.view.ViewCompat$BaseViewCompatImpl: long getFrameTime()>
NETWORK_INFORMATION,S,<android.graphics.drawable.Drawable: int getChangingConfigurations()>
NETWORK_INFORMATION,S,<android.net.ConnectivityManager: android.net.NetworkInfo getActiveNetworkInfo()>
NETWORK_INFORMATION,S,<android.hardware.display.DisplayManager: android.view.Display[] getDisplays(java.lang.String)>
NETWORK_INFORMATION,S,<android.graphics.drawable.ShapeDrawable: android.graphics.Paint getPaint()>
NETWORK_INFORMATION,S,<android.content.Intent: java.lang.String getType()>
NETWORK_INFORMATION,S,<java.util.Locale: java.util.Locale[] getAvailableLocales()>
NETWORK_INFORMATION,S,<android.view.View: int getMeasuredWidth()>
NETWORK_INFORMATION,S,<android.view.View: android.view.ViewParent getParent()>
NETWORK_INFORMATION,S,<android.view.VelocityTracker: float getYVelocity(int)>
NETWORK_INFORMATION,S,<android.graphics.Bitmap: int getHeight()>
NETWORK_INFORMATION,S,<android.support.v4.view.ViewCompat$HCViewCompatImpl: int getLayerType(android.view.View)>
NETWORK_INFORMATION,S,<java.util.concurrent.ConcurrentHashMap: java.lang.Object get(java.lang.Object)>
NETWORK_INFORMATION,S,<android.graphics.Bitmap: int getWidth()>
NETWORK_INFORMATION,S,<android.view.ViewConfiguration: int getScaledTouchSlop()>
NETWORK_INFORMATION,S,<java.util.Locale: java.lang.String getDisplayName(java.util.Locale)>
NETWORK_INFORMATION,S,<android.view.ViewGroup: android.view.View findFocus()>
NETWORK_INFORMATION,S,<java.util.AbstractCollection: java.lang.String toString()>
NETWORK_INFORMATION,S,<android.view.accessibility.AccessibilityNodeInfo: int getMovementGranularities()>
NETWORK_INFORMATION,S,<android.animation.Animator: android.animation.Animator clone()>
NETWORK_INFORMATION,S,<java.util.UUID: java.lang.String toString()>
NETWORK_INFORMATION,S,<java.lang.reflect.Method: java.lang.String getName()>
NETWORK_INFORMATION,S,<java.io.File: java.io.File[] listFiles()>
NETWORK_INFORMATION,S,<android.content.Intent: java.lang.String[] getStringArrayExtra(java.lang.String)>
NETWORK_INFORMATION,S,<android.view.Display: int getDisplayId()>
NETWORK_INFORMATION,S,<android.view.ViewGroup$MarginLayoutParams: int getLayoutDirection()>
NETWORK_INFORMATION,S,<android.content.Intent: int getIntExtra(java.lang.String,int)>
NETWORK_INFORMATION,S,<android.view.VelocityTracker: float getXVelocity(int)>
NETWORK_INFORMATION,S,<java.net.HttpURLConnection: java.io.InputStream getErrorStream()>
NETWORK_INFORMATION,S,<android.app.Dialog: android.content.Context getContext()>
NETWORK_INFORMATION,S,<android.text.method.ReplacementTransformationMethod: java.lang.CharSequence getTransformation(java.lang.CharSequence,android.view.View)>
NETWORK_INFORMATION,S,<android.os.Bundle: int getInt(java.lang.String,int)>
NETWORK_INFORMATION,S,<android.app.Activity: java.lang.Object getSystemService(java.lang.String)>
NETWORK_INFORMATION,S,<android.accessibilityservice.AccessibilityServiceInfo: android.content.pm.ResolveInfo getResolveInfo()>
NETWORK_INFORMATION,S,<java.net.URLConnection: int getContentLength()>
NETWORK_INFORMATION,S,<org.xml.sax.SAXParseException: java.lang.String getPublicId()>
NETWORK_INFORMATION,S,<android.support.v4.view.accessibility.AccessibilityRecordCompatIcs: java.lang.CharSequence getBeforeText(java.lang.Object)>
NETWORK_INFORMATION,S,<android.webkit.ConsoleMessage: java.lang.String sourceId()>
NETWORK_INFORMATION,S,<android.app.Activity: android.view.Window getWindow()>
NETWORK_INFORMATION,S,<org.json.JSONObject: org.json.JSONArray getJSONArray(java.lang.String)>
NETWORK_INFORMATION,S,<android.support.v4.view.accessibility.AccessibilityRecordCompatIcs: java.lang.CharSequence getClassName(java.lang.Object)>
NETWORK_INFORMATION,S,<android.content.res.TypedArray: boolean getBoolean(int,boolean)>
NETWORK_INFORMATION,S,<org.json.JSONArray: java.lang.String getString(int)>
NETWORK_INFORMATION,S,<java.net.URL: java.lang.String getPath()>
NETWORK_INFORMATION,S,<android.view.ViewConfiguration: int getTapTimeout()>
NETWORK_INFORMATION,S,<java.lang.Character: byte getDirectionality(int)>
NETWORK_INFORMATION,S,<android.view.MotionEvent: int getPointerId(int)>
NETWORK_INFORMATION,S,<android.content.res.Resources: java.lang.String getResourceTypeName(int)>
NETWORK_INFORMATION,S,<android.app.PendingIntent: android.app.PendingIntent getActivities(android.content.Context,int,android.content.Intent[],int)>
NETWORK_INFORMATION,S,<android.net.Uri$Builder: android.net.Uri$Builder encodedQuery(java.lang.String)>
NETWORK_INFORMATION,S,<android.os.Bundle: java.util.Set keySet()>
NETWORK_INFORMATION,S,<android.view.accessibility.AccessibilityRecord: int getItemCount()>
NETWORK_INFORMATION,S,<java.util.Locale: java.util.Locale getDefault()>
NETWORK_INFORMATION,S,<android.support.v4.view.PagerAdapter: java.lang.CharSequence getPageTitle(int)>
NETWORK_INFORMATION,S,<android.view.ViewConfiguration: int getDoubleTapTimeout()>
NETWORK_INFORMATION,S,<android.view.ViewGroup: int getDescendantFocusability()>
NETWORK_INFORMATION,S,<java.security.MessageDigest: java.security.MessageDigest getInstance(java.lang.String)>
NETWORK_INFORMATION,S,<android.support.v4.view.MotionEventCompat: int getActionMasked(android.view.MotionEvent)>
NETWORK_INFORMATION,S,<android.content.Intent: android.os.Bundle getBundleExtra(java.lang.String)>
NETWORK_INFORMATION,S,<android.content.Intent: java.io.Serializable getSerializableExtra(java.lang.String)>
NETWORK_INFORMATION,S,<android.telephony.TelephonyManager: java.lang.String getLine1Number()>
NETWORK_INFORMATION,S,<java.lang.ThreadLocal: java.lang.Object get()>
NETWORK_INFORMATION,S,<android.graphics.drawable.Drawable: int getIntrinsicHeight()>
NETWORK_INFORMATION,S,<android.view.View: int getHeight()>
NETWORK_INFORMATION,S,<android.view.View: int getRight()>
NETWORK_INFORMATION,S,<android.view.View: android.content.Context getContext()>
NETWORK_INFORMATION,S,<android.support.v4.view.AccessibilityDelegateCompatJellyBean: java.lang.Object getAccessibilityNodeProvider(java.lang.Object,android.view.View)>
NETWORK_INFORMATION,S,<android.view.View: int getPaddingLeft()>
NETWORK_INFORMATION,S,<android.graphics.drawable.Drawable: int[] getState()>
NETWORK_INFORMATION,S,<android.support.v4.view.ViewCompat: int getOverScrollMode(android.view.View)>
NETWORK_INFORMATION,S,<android.content.Intent: android.net.Uri getData()>
NETWORK_INFORMATION,S,<java.lang.StackTraceElement: int getLineNumber()>
NETWORK_INFORMATION,S,<java.util.LinkedList: java.lang.Object getLast()>
NETWORK_INFORMATION,S,<java.lang.Runtime: java.lang.Runtime getRuntime()>
NETWORK_INFORMATION,S,<android.widget.RemoteViews: int getLayoutId()>
NETWORK_INFORMATION,S,<android.view.MotionEvent: float getRawY()>
NETWORK_INFORMATION,S,<android.view.MotionEvent: int getAction()>
NETWORK_INFORMATION,S,<android.view.accessibility.AccessibilityRecord: java.lang.CharSequence getContentDescription()>
NETWORK_INFORMATION,S,<android.app.PendingIntent: android.app.PendingIntent getBroadcast(android.content.Context,int,android.content.Intent,int)>
NETWORK_INFORMATION,S,<java.net.HttpURLConnection: int getResponseCode()>
NETWORK_INFORMATION,S,<android.app.ListActivity: android.widget.ListAdapter getListAdapter()>
NETWORK_INFORMATION,S,<android.support.v4.view.accessibility.AccessibilityNodeInfoCompat: java.lang.CharSequence getClassName()>
NETWORK_INFORMATION,S,<android.view.MotionEvent: float getY()>
NETWORK_INFORMATION,S,<android.view.ViewGroup: int getChildCount()>
NETWORK_INFORMATION,S,<java.lang.Long: long longValue()>
NETWORK_INFORMATION,S,<android.content.ContextWrapper: android.content.Context getApplicationContext()>
NETWORK_INFORMATION,S,<android.view.accessibility.AccessibilityRecord: android.os.Parcelable getParcelableData()>
NETWORK_INFORMATION,S,<android.view.ViewGroup: int getChildMeasureSpec(int,int,int)>
NETWORK_INFORMATION,S,<android.webkit.MimeTypeMap: android.webkit.MimeTypeMap getSingleton()>
NETWORK_INFORMATION,S,<android.support.v4.view.ViewPager: android.support.v4.view.ViewPager$ItemInfo addNewItem(int,int)>
NETWORK_INFORMATION,S,<android.app.Activity: android.view.MenuInflater getMenuInflater()>
NETWORK_INFORMATION,S,<android.view.accessibility.AccessibilityNodeInfo: android.view.accessibility.AccessibilityNodeInfo getParent()>
NETWORK_INFORMATION,S,<java.lang.Character: byte getDirectionality(char)>
NETWORK_INFORMATION,S,<android.view.View$MeasureSpec: int getSize(int)>
NETWORK_INFORMATION,S,<android.os.Bundle: boolean getBoolean(java.lang.String)>
NETWORK_INFORMATION,S,<org.xml.sax.SAXException: java.lang.String getMessage()>
NETWORK_INFORMATION,S,<android.app.Activity: android.view.LayoutInflater getLayoutInflater()>
NETWORK_INFORMATION,S,<android.content.res.TypedArray: int getColor(int,int)>
NETWORK_INFORMATION,S,<android.content.ContextWrapper: java.lang.ClassLoader getClassLoader()>
NETWORK_INFORMATION,S,<android.support.v4.view.accessibility.AccessibilityNodeInfoCompat: java.lang.CharSequence getText()>
NETWORK_INFORMATION,S,<java.lang.Class: int getModifiers()>
NETWORK_INFORMATION,S,<android.support.v4.view.PagerAdapter: java.lang.Object instantiateItem(android.view.View,int)>
NETWORK_INFORMATION,S,<android.content.res.TypedArray: java.lang.String getString(int)>
NETWORK_INFORMATION,S,<java.util.AbstractSequentialList: java.util.Iterator iterator()>
NETWORK_INFORMATION,S,<android.graphics.drawable.Drawable: android.graphics.drawable.Drawable createFromStream(java.io.InputStream,java.lang.String)>
NETWORK_INFORMATION,S,<android.content.res.Resources: java.lang.String getResourcePackageName(int)>
NETWORK_INFORMATION,S,<android.content.ComponentName: java.lang.String getPackageName()>
NETWORK_INFORMATION,S,<android.content.res.Resources: android.content.res.Configuration getConfiguration()>
NETWORK_INFORMATION,S,<android.view.accessibility.AccessibilityManager: java.util.List getInstalledAccessibilityServiceList()>
NETWORK_INFORMATION,S,<java.util.LinkedList: java.lang.Object get(int)>
NETWORK_INFORMATION,S,<android.view.KeyEvent: int getMetaState()>
NETWORK_INFORMATION,S,<android.net.Proxy: java.lang.String getDefaultHost()>
NETWORK_INFORMATION,S,<android.view.View: android.view.ViewParent getParentForAccessibility()>
NETWORK_INFORMATION,S,<java.util.Stack: java.lang.Object pop()>
NETWORK_INFORMATION,S,<android.content.res.Resources: java.lang.String getString(int,java.lang.Object[])>
NETWORK_INFORMATION,S,<org.json.JSONObject: int getInt(java.lang.String)>
NETWORK_INFORMATION,S,<android.net.Uri: java.lang.String getQueryParameter(java.lang.String)>
NETWORK_INFORMATION,S,<android.net.Uri: android.net.Uri parse(java.lang.String)>
NETWORK_INFORMATION,S,<android.os.Bundle: android.os.Parcelable[] getParcelableArray(java.lang.String)>
NETWORK_INFORMATION,S,<java.util.StringTokenizer: java.lang.String nextToken()>
NETWORK_INFORMATION,S,<android.view.View: int getVisibility()>
NETWORK_INFORMATION,S,<android.support.v4.view.accessibility.AccessibilityRecordCompatIcs: android.os.Parcelable getParcelableData(java.lang.Object)>
NETWORK_INFORMATION,S,<java.lang.Long: java.lang.String toString()>
NETWORK_INFORMATION,S,<android.content.ContextWrapper: android.content.ContentResolver getContentResolver()>
NETWORK_INFORMATION,S,<android.app.Activity: android.content.ComponentName getComponentName()>
NETWORK_INFORMATION,S,<android.support.v4.view.ViewCompatJB: java.lang.Object getAccessibilityNodeProvider(android.view.View)>
NETWORK_INFORMATION,S,<android.view.accessibility.AccessibilityRecord: android.view.accessibility.AccessibilityNodeInfo getSource()>
NETWORK_INFORMATION,S,<java.text.NumberFormat: java.lang.String format(double)>
NETWORK_INFORMATION,S,<java.util.ArrayList: java.lang.Object get(int)>
NETWORK_INFORMATION,S,<android.view.MotionEvent: int getEdgeFlags()>
NETWORK_INFORMATION,S,<android.graphics.drawable.Drawable: int getMinimumHeight()>
NETWORK_INFORMATION,S,<java.net.URL: java.lang.String getProtocol()>
NETWORK_INFORMATION,S,<android.accessibilityservice.AccessibilityServiceInfo: java.lang.String getSettingsActivityName()>
NETWORK_INFORMATION,S,<android.view.MotionEvent: float getRawX()>
NETWORK_INFORMATION,S,<android.content.res.TypedArray: int getDimensionPixelSize(int,int)>
NETWORK_INFORMATION,S,<android.view.LayoutInflater: android.view.View inflate(int,android.view.ViewGroup,boolean)>
NETWORK_INFORMATION,S,<android.webkit.ConsoleMessage: android.webkit.ConsoleMessage$MessageLevel messageLevel()>
NETWORK_INFORMATION,S,<org.xml.sax.SAXParseException: int getLineNumber()>
NETWORK_INFORMATION,S,<android.content.Intent: java.lang.String getDataString()>
NETWORK_INFORMATION,S,<android.widget.AdapterView: int getSelectedItemPosition()>
NETWORK_INFORMATION,S,<android.view.MotionEvent: float getX(int)>
NETWORK_INFORMATION,S,<java.net.URLConnection: java.io.InputStream getInputStream()>
NETWORK_INFORMATION,S,<android.content.Context: java.lang.CharSequence getText(int)>
NETWORK_INFORMATION,S,<android.view.View: int getDrawingCacheBackgroundColor()>
NETWORK_INFORMATION,S,<android.widget.VideoView: int getDuration()>
NETWORK_INFORMATION,S,<java.nio.ByteBuffer: java.nio.ByteBuffer get(byte[])>
NETWORK_INFORMATION,S,<java.lang.String: byte[] getBytes(java.lang.String)>
NETWORK_INFORMATION,S,<android.support.v4.view.ViewPager: float distanceInfluenceForSnapDuration(float)>
NETWORK_INFORMATION,S,<android.widget.OverScroller: int getCurrY()>
NETWORK_INFORMATION,S,<android.view.View: android.os.IBinder getWindowToken()>
NETWORK_INFORMATION,S,<java.util.ArrayList: java.lang.Object[] toArray()>
NETWORK_INFORMATION,S,<java.lang.Class: java.lang.String getName()>
NETWORK_INFORMATION,S,<android.view.View: int[] getDrawableState()>
NETWORK_INFORMATION,S,<android.view.accessibility.AccessibilityEvent: int getEventType()>
NETWORK_INFORMATION,S,<android.support.v4.view.PagerAdapter: java.lang.Object instantiateItem(android.view.ViewGroup,int)>
NETWORK_INFORMATION,S,<java.util.Locale: java.lang.String getCountry()>
NETWORK_INFORMATION,S,<android.content.res.TypedArray: int getResourceId(int,int)>
NETWORK_INFORMATION,S,<android.support.v4.view.MotionEventCompat: int getActionIndex(android.view.MotionEvent)>
NETWORK_INFORMATION,S,<android.view.View: int getTop()>
NETWORK_INFORMATION,S,<android.view.ViewGroup: android.view.View getChildAt(int)>
NETWORK_INFORMATION,S,<android.support.v4.view.ViewPager: android.support.v4.view.PagerAdapter getAdapter()>
NETWORK_INFORMATION,S,<android.webkit.MimeTypeMap: java.lang.String getMimeTypeFromExtension(java.lang.String)>
NETWORK_INFORMATION,S,<java.io.File: java.lang.String toString()>
NETWORK_INFORMATION,S,<android.media.AudioManager: boolean isMusicActive()>
NETWORK_INFORMATION,S,<android.util.SparseArray: java.lang.Object get(int)>
NETWORK_INFORMATION,S,<java.lang.Class: java.lang.reflect.Constructor getConstructor(java.lang.Class[])>
NETWORK_INFORMATION,S,<android.graphics.drawable.shapes.RectShape: android.graphics.drawable.shapes.RectShape clone()>
NETWORK_INFORMATION,S,<android.view.VelocityTracker: float getXVelocity()>
NETWORK_INFORMATION,S,<java.lang.reflect.Field: java.lang.annotation.Annotation getAnnotation(java.lang.Class)>
NETWORK_INFORMATION,S,<android.app.Activity: java.lang.String getCallingPackage()>
NETWORK_INFORMATION,S,<java.lang.Class: java.lang.reflect.Field[] getFields()>
NETWORK_INFORMATION,S,<android.graphics.drawable.Drawable: android.graphics.drawable.Drawable$ConstantState getConstantState()>
NETWORK_INFORMATION,S,<android.util.SparseArray: android.util.SparseArray clone()>
NETWORK_INFORMATION,S,<java.util.HashMap: java.util.Collection values()>
NETWORK_INFORMATION,S,<android.support.v4.view.accessibility.AccessibilityNodeInfoCompatIcs: java.lang.Object getParent(java.lang.Object)>
NETWORK_INFORMATION,S,<android.graphics.drawable.Drawable: boolean getPadding(android.graphics.Rect)>
NETWORK_INFORMATION,S,<android.content.res.TypedArray: android.graphics.drawable.Drawable getDrawable(int)>
NETWORK_INFORMATION,S,<java.io.FileOutputStream: java.io.FileDescriptor getFD()>
NETWORK_INFORMATION,S,<java.lang.Class: java.lang.reflect.Field getDeclaredField(java.lang.String)>
NETWORK_INFORMATION,S,<android.graphics.drawable.shapes.Shape: android.graphics.drawable.shapes.Shape clone()>
NETWORK_INFORMATION,S,<android.support.v4.view.ViewCompat: int getLayerType(android.view.View)>
NETWORK_INFORMATION,S,<android.view.accessibility.AccessibilityRecord: java.lang.CharSequence getBeforeText()>
NETWORK_INFORMATION,S,<android.os.Parcel: android.os.Parcelable readParcelable(java.lang.ClassLoader)>
NETWORK_INFORMATION,S,<java.lang.Object: java.lang.Object clone()>
NETWORK_INFORMATION,S,<android.view.View: int getMeasuredHeight()>
NETWORK_INFORMATION,S,<android.graphics.Bitmap: android.graphics.Bitmap createBitmap(android.graphics.Bitmap,int,int,int,int,android.graphics.Matrix,boolean)>
NETWORK_INFORMATION,S,<android.widget.RemoteViews: android.widget.RemoteViews clone()>
NETWORK_INFORMATION,S,<android.content.ContextWrapper: android.content.Intent registerReceiver(android.content.BroadcastReceiver,android.content.IntentFilter)>
NETWORK_INFORMATION,S,<android.view.ViewConfiguration: int getScaledMinimumFlingVelocity()>
NETWORK_INFORMATION,S,<android.view.Gravity: int getAbsoluteGravity(int,int)>
NETWORK_INFORMATION,S,<android.view.LayoutInflater: android.view.LayoutInflater$Factory getFactory()>
NETWORK_INFORMATION,S,<android.support.v4.view.MotionEventCompat: float getY(android.view.MotionEvent,int)>
NETWORK_INFORMATION,S,<java.util.concurrent.LinkedBlockingQueue: java.lang.Object take()>
NETWORK_INFORMATION,S,<java.lang.String: byte[] getBytes()>
NETWORK_INFORMATION,S,<java.io.File: java.lang.String getPath()>
NETWORK_INFORMATION,S,<android.view.View: int getId()>
NETWORK_INFORMATION,S,<android.view.View: int getScrollY()>
NETWORK_INFORMATION,S,<android.support.v4.view.MotionEventCompat: float getX(android.view.MotionEvent,int)>
NETWORK_INFORMATION,S,<java.util.HashMap: java.util.Set entrySet()>
NETWORK_INFORMATION,S,<android.os.Bundle: android.util.SparseArray getSparseParcelableArray(java.lang.String)>
NETWORK_INFORMATION,S,<android.view.accessibility.AccessibilityRecord: int getRemovedCount()>
NETWORK_INFORMATION,S,<android.view.View: int getLayoutDirection()>
NETWORK_INFORMATION,S,<java.util.UUID: long getMostSignificantBits()>
NETWORK_INFORMATION,S,<android.database.sqlite.SQLiteDatabase: android.database.Cursor rawQuery(java.lang.String,java.lang.String[])>
NETWORK_INFORMATION,S,<android.view.View: android.view.ViewGroup$LayoutParams getLayoutParams()>
NETWORK_INFORMATION,S,<android.view.View: android.content.res.Resources getResources()>
NETWORK_INFORMATION,S,<android.support.v4.view.accessibility.AccessibilityNodeInfoCompatIcs: java.lang.CharSequence getPackageName(java.lang.Object)>
NETWORK_INFORMATION,S,<android.widget.OverScroller: int getFinalY()>
NETWORK_INFORMATION,S,<android.media.AudioManager: int getMode()>
NETWORK_INFORMATION,S,<android.view.accessibility.AccessibilityRecord: int getAddedCount()>
NETWORK_INFORMATION,S,<android.graphics.Bitmap: android.graphics.Bitmap createBitmap(android.graphics.Bitmap)>
NETWORK_INFORMATION,S,<android.content.res.Resources: java.lang.String getResourceName(int)>
NETWORK_INFORMATION,S,<java.util.AbstractMap: java.lang.Object clone()>
NETWORK_INFORMATION,S,<android.view.View: int getScrollX()>
NETWORK_INFORMATION,S,<android.view.MotionEvent: float getY(int)>
NETWORK_INFORMATION,S,<java.lang.Throwable: java.lang.String getMessage()>
NETWORK_INFORMATION,S,<java.lang.Thread: java.lang.Thread$UncaughtExceptionHandler getDefaultUncaughtExceptionHandler()>
NETWORK_INFORMATION,S,<android.view.accessibility.AccessibilityRecord: java.lang.CharSequence getClassName()>
NETWORK_INFORMATION,S,<java.lang.Throwable: java.lang.StackTraceElement[] getStackTrace()>
NETWORK_INFORMATION,S,<android.content.ContextWrapper: android.content.pm.PackageManager getPackageManager()>
NETWORK_INFORMATION,S,<android.content.res.Resources: android.util.DisplayMetrics getDisplayMetrics()>
NETWORK_INFORMATION,S,<android.view.ViewConfiguration: int getScaledMaximumFlingVelocity()>
NETWORK_INFORMATION,S,<java.util.LinkedHashMap: java.lang.Object get(java.lang.Object)>
NETWORK_INFORMATION,S,<java.lang.StringBuffer: java.lang.String toString()>
NETWORK_INFORMATION,S,<android.support.v4.view.ViewCompatHC: long getFrameTime()>
NETWORK_INFORMATION,S,<android.view.View: int getBottom()>
NETWORK_INFORMATION,S,<java.lang.Class: java.lang.String getCanonicalName()>
NETWORK_INFORMATION,S,<android.view.View: int getWindowVisibility()>
NETWORK_INFORMATION,S,<android.widget.Scroller: int getFinalX()>
NETWORK_INFORMATION,S,<android.hardware.display.DisplayManager: android.view.Display getDisplay(int)>
NETWORK_INFORMATION,S,<java.lang.StackTraceElement: java.lang.String getMethodName()>
NETWORK_INFORMATION,S,<java.util.AbstractList: java.util.Iterator iterator()>
NETWORK_INFORMATION,S,<android.content.IntentFilter: java.lang.String getAction(int)>
NETWORK_INFORMATION,S,<android.view.KeyEvent: int getKeyCode()>
NETWORK_INFORMATION,S,<java.lang.String: char[] toCharArray()>
NETWORK_INFORMATION,S,<android.app.Dialog: android.view.Window getWindow()>
NETWORK_INFORMATION,S,<java.util.WeakHashMap: java.lang.Object get(java.lang.Object)>
NETWORK_INFORMATION,S,<android.view.View: android.graphics.drawable.Drawable getBackground()>
NETWORK_INFORMATION,S,<android.os.Looper: android.os.Looper getMainLooper()>
NETWORK_INFORMATION,S,<android.app.Notification$Builder: android.app.Notification build()>
NETWORK_INFORMATION,S,<android.support.v4.view.accessibility.AccessibilityNodeInfoCompatIcs: java.lang.CharSequence getClassName(java.lang.Object)>
NETWORK_INFORMATION,S,<android.support.v4.view.PagerAdapter: android.os.Parcelable saveState()>
NETWORK_INFORMATION,S,<android.app.ActivityOptions: android.os.Bundle toBundle()>
NETWORK_INFORMATION,S,<java.util.Date: long getTime()>
NETWORK_INFORMATION,S,<android.view.ContextThemeWrapper: android.content.res.Resources getResources()>
NETWORK_INFORMATION,S,<java.lang.String: java.lang.String toString()>
NETWORK_INFORMATION,S,<android.support.v4.view.PagerAdapter: int getItemPosition(java.lang.Object)>
NETWORK_INFORMATION,S,<android.support.v4.view.AccessibilityDelegateCompat: java.lang.Object getBridge()>
NETWORK_INFORMATION,S,<android.view.View$MeasureSpec: int getMode(int)>
NETWORK_INFORMATION,S,<android.widget.AdapterView: long getSelectedItemId()>
NETWORK_INFORMATION,S,<android.accessibilityservice.AccessibilityServiceInfo: java.lang.String getDescription()>
NETWORK_INFORMATION,S,<java.lang.Class: java.lang.ClassLoader getClassLoader()>
NETWORK_INFORMATION,S,<android.graphics.drawable.BitmapDrawable: android.graphics.Bitmap getBitmap()>
NETWORK_INFORMATION,S,<android.view.accessibility.AccessibilityRecord: int getScrollY()>
NETWORK_INFORMATION,S,<android.os.Parcel: java.util.ArrayList createTypedArrayList(android.os.Parcelable$Creator)>
NETWORK_INFORMATION,S,<javax.xml.parsers.DocumentBuilderFactory: javax.xml.parsers.DocumentBuilderFactory newInstance()>
NETWORK_INFORMATION,S,<javax.xml.parsers.DocumentBuilder: org.w3c.dom.Document parse(java.lang.String)>
NETWORK_INFORMATION,S,<org.json.JSONObject: java.lang.String getString(java.lang.String)>
NETWORK_INFORMATION,S,<android.view.View: int getSuggestedMinimumHeight()>
NETWORK_INFORMATION,S,<android.widget.SearchView: java.lang.CharSequence getQuery()>
NETWORK_INFORMATION,S,<android.view.View: int getLabelFor()>
NETWORK_INFORMATION,S,<android.os.Bundle: boolean getBoolean(java.lang.String,boolean)>
NETWORK_INFORMATION,S,<android.content.Intent: java.lang.CharSequence getCharSequenceExtra(java.lang.String)>
NETWORK_INFORMATION,S,<java.io.Writer: java.io.Writer append(java.lang.CharSequence,int,int)>
NETWORK_INFORMATION,S,<java.io.File: java.lang.String getCanonicalPath()>
NETWORK_INFORMATION,S,<android.graphics.Canvas: boolean getClipBounds(android.graphics.Rect)>
NETWORK_INFORMATION,S,<android.widget.VideoView: int getCurrentPosition()>
NETWORK_INFORMATION,S,<android.support.v4.view.accessibility.AccessibilityNodeInfoCompat: int getActions()>
NETWORK_INFORMATION,S,<android.content.res.TypedArray: int getInt(int,int)>
NETWORK_INFORMATION,S,<java.util.HashSet: java.lang.Object clone()>
NETWORK_INFORMATION,S,<android.support.v4.view.accessibility.AccessibilityNodeInfoCompat: java.lang.CharSequence getPackageName()>
NETWORK_INFORMATION,S,<android.content.res.Resources: android.graphics.drawable.Drawable getDrawable(int)>
NETWORK_INFORMATION,S,<java.lang.System: java.lang.String getProperty(java.lang.String)>
NETWORK_INFORMATION,S,<android.support.v4.view.VelocityTrackerCompatHoneycomb: float getXVelocity(android.view.VelocityTracker,int)>
NETWORK_INFORMATION,S,<javax.crypto.Cipher: byte[] doFinal(byte[])>
NETWORK_INFORMATION,S,<java.lang.Class: java.lang.reflect.Method getDeclaredMethod(java.lang.String,java.lang.Class[])>
NETWORK_INFORMATION,S,<android.support.v4.view.VelocityTrackerCompat: float getYVelocity(android.view.VelocityTracker,int)>
NETWORK_INFORMATION,S,<android.app.SearchManager: android.app.SearchableInfo getSearchableInfo(android.content.ComponentName)>
NETWORK_INFORMATION,S,<android.support.v4.view.accessibility.AccessibilityNodeInfoCompat: java.lang.Object getInfo()>
NETWORK_INFORMATION,S,<java.lang.reflect.Method: java.lang.Class[] getParameterTypes()>
NETWORK_INFORMATION,S,<android.os.Environment: java.io.File getExternalStorageDirectory()>
NETWORK_INFORMATION,S,<android.support.v4.view.accessibility.AccessibilityNodeInfoCompatIcs: java.lang.Object getChild(java.lang.Object,int)>
NETWORK_INFORMATION,S,<java.lang.StringBuilder: java.lang.String toString()>
NETWORK_INFORMATION,S,<java.net.URL: java.lang.String toExternalForm()>
NETWORK_INFORMATION,S,<android.support.v4.view.ViewCompat: int getImportantForAccessibility(android.view.View)>
NETWORK_INFORMATION,S,<android.view.View: float getAlpha()>
NETWORK_INFORMATION,S,<android.widget.EditText: android.text.Editable getText()>
NETWORK_INFORMATION,S,<android.view.KeyEvent: int getRepeatCount()>
NETWORK_INFORMATION,S,<android.widget.OverScroller: int getFinalX()>
NETWORK_INFORMATION,S,<java.util.Locale: java.lang.String getLanguage()>
NETWORK_INFORMATION,S,<android.media.AudioManager: int getRingerMode()>
NETWORK_INFORMATION,S,<java.io.File: java.lang.String getAbsolutePath()>
NETWORK_INFORMATION,S,<java.util.concurrent.TimeUnit: long convert(long,java.util.concurrent.TimeUnit)>
NETWORK_INFORMATION,S,<java.util.LinkedList: java.lang.Object removeFirst()>
NETWORK_INFORMATION,S,<android.view.ViewGroup$MarginLayoutParams: int getMarginEnd()>
NETWORK_INFORMATION,S,<android.content.res.Resources: java.lang.String getResourceEntryName(int)>
NETWORK_INFORMATION,S,<android.support.v4.view.ViewPager: android.view.ViewGroup$LayoutParams generateDefaultLayoutParams()>
NETWORK_INFORMATION,S,<android.view.MotionEvent: float getX()>
NETWORK_INFORMATION,S,<android.support.v4.view.accessibility.AccessibilityRecordCompatIcs: java.util.List getText(java.lang.Object)>
NETWORK_INFORMATION,S,<android.net.Uri: java.lang.String encode(java.lang.String)>
NETWORK_INFORMATION,S,<java.util.TreeSet: java.util.Iterator iterator()>
NETWORK_INFORMATION,S,<java.util.zip.ZipEntry: java.lang.String getName()>
NETWORK_INFORMATION,S,<android.view.accessibility.AccessibilityNodeInfo: int getWindowId()>
NETWORK_INFORMATION,S,<org.json.JSONArray: org.json.JSONObject getJSONObject(int)>
NETWORK_INFORMATION,S,<android.content.Intent: java.lang.String getStringExtra(java.lang.String)>
NETWORK_INFORMATION,S,<android.support.v4.view.accessibility.AccessibilityRecordCompatIcs: java.lang.Object getSource(java.lang.Object)>
NETWORK_INFORMATION,S,<android.database.sqlite.SQLiteOpenHelper: android.database.sqlite.SQLiteDatabase getWritableDatabase()>
NETWORK_INFORMATION,S,<android.view.accessibility.AccessibilityRecord: int getCurrentItemIndex()>
NETWORK_INFORMATION,S,<android.view.ViewConfiguration: int getLongPressTimeout()>
NETWORK_INFORMATION,S,<android.util.SparseBooleanArray: android.util.SparseBooleanArray clone()>
NETWORK_INFORMATION,S,<android.database.AbstractWindowedCursor: android.database.CursorWindow getWindow()>
NETWORK_INFORMATION,S,<android.net.wifi.WifiManager: android.net.wifi.WifiInfo getConnectionInfo()>
NETWORK_INFORMATION,S,<android.view.accessibility.AccessibilityRecord: int getFromIndex()>
NETWORK_INFORMATION,S,<android.webkit.WebSettings: java.lang.String getUserAgentString()>
NETWORK_INFORMATION,S,<android.support.v4.view.MotionEventCompat: int getPointerId(android.view.MotionEvent,int)>
NETWORK_INFORMATION,S,<android.view.accessibility.AccessibilityRecord: java.util.List getText()>
NETWORK_INFORMATION,S,<android.app.PendingIntent: android.app.PendingIntent getActivities(android.content.Context,int,android.content.Intent[],int,android.os.Bundle)>
NETWORK_INFORMATION,S,<android.content.Intent: android.content.ComponentName getComponent()>
NETWORK_INFORMATION,S,<android.widget.OverScroller: float getCurrVelocity()>
NETWORK_INFORMATION,S,<android.content.Intent: java.lang.String getScheme()>
NETWORK_INFORMATION,S,<android.view.animation.AnimationUtils: android.view.animation.Animation loadAnimation(android.content.Context,int)>
NETWORK_INFORMATION,S,<android.content.Intent: java.util.ArrayList getParcelableArrayListExtra(java.lang.String)>
NETWORK_INFORMATION,S,<android.view.FocusFinder: android.view.FocusFinder getInstance()>
NETWORK_INFORMATION,S,<java.lang.System: java.lang.String getProperty(java.lang.String,java.lang.String)>
NETWORK_INFORMATION,S,<android.net.ConnectivityManager: android.net.NetworkInfo getNetworkInfo(int)>
NETWORK_INFORMATION,S,<java.nio.Buffer: java.nio.Buffer flip()>
NETWORK_INFORMATION,S,<android.view.View: android.graphics.Bitmap getDrawingCache()>
NETWORK_INFORMATION,S,<android.database.sqlite.SQLiteDatabase: android.database.Cursor query(java.lang.String,java.lang.String[],java.lang.String,java.lang.String[],java.lang.String,java.lang.String,java.lang.String,java.lang.String)>
NETWORK_INFORMATION,S,<org.json.JSONObject: long getLong(java.lang.String)>
NETWORK_INFORMATION,S,<android.view.animation.Animation: android.view.animation.Animation clone()>
NETWORK_INFORMATION,S,<android.support.v4.view.accessibility.AccessibilityNodeInfoCompatIcs: java.lang.CharSequence getText(java.lang.Object)>
NETWORK_INFORMATION,S,<android.content.Intent: java.lang.String resolveTypeIfNeeded(android.content.ContentResolver)>
NETWORK_INFORMATION,S,<android.support.v4.view.MotionEventCompatEclair: float getX(android.view.MotionEvent,int)>
NETWORK_INFORMATION,S,<android.view.accessibility.AccessibilityNodeInfo: int getChildCount()>
NETWORK_INFORMATION,S,<android.view.Window: android.view.WindowManager$LayoutParams getAttributes()>
NETWORK_INFORMATION,S,<android.widget.Scroller: int getCurrX()>
NETWORK_INFORMATION,S,<android.animation.ValueAnimator: long getFrameDelay()>
NETWORK_INFORMATION,S,<org.json.JSONObject: java.util.Iterator keys()>
NETWORK_INFORMATION,S,<android.view.accessibility.AccessibilityRecord: int getScrollX()>
NETWORK_INFORMATION,S,<org.xml.sax.InputSource: java.lang.String getSystemId()>
NETWORK_INFORMATION,S,<android.support.v4.view.accessibility.AccessibilityNodeInfoCompat: int getMovementGranularities()>
NETWORK_INFORMATION,S,<java.lang.ref.Reference: java.lang.Object get()>
NETWORK_INFORMATION,S,<android.widget.TabHost: java.lang.String getCurrentTabTag()>
NETWORK_INFORMATION,S,<java.util.concurrent.atomic.AtomicInteger: int getAndIncrement()>
NETWORK_INFORMATION,S,<android.widget.TabHost$TabSpec: java.lang.String getTag()>
NETWORK_INFORMATION,S,<android.content.res.Resources: java.lang.String getString(int)>
NETWORK_INFORMATION,S,<android.os.Bundle: android.os.Bundle getBundle(java.lang.String)>
NETWORK_INFORMATION,S,<java.net.URLConnection: java.lang.String getContentType()>
NETWORK_INFORMATION,S,<android.provider.Settings$Secure: java.lang.String getString(android.content.ContentResolver,java.lang.String)>
NETWORK_INFORMATION,S,<java.lang.Double: double doubleValue()>
NETWORK_INFORMATION,S,<java.lang.Class: java.lang.Object newInstance()>
NETWORK_INFORMATION,S,<android.view.ViewConfiguration: int getScaledPagingTouchSlop()>
NETWORK_INFORMATION,S,<android.net.TrafficStats: int getThreadStatsTag()>
NETWORK_INFORMATION,S,<java.net.URL: int getPort()>
NETWORK_INFORMATION,S,<javax.crypto.Cipher: javax.crypto.Cipher getInstance(java.lang.String)>
NETWORK_INFORMATION,S,<android.support.v4.view.VelocityTrackerCompat: float getXVelocity(android.view.VelocityTracker,int)>
NETWORK_INFORMATION,S,<android.content.Intent: java.util.Set getCategories()>
NETWORK_INFORMATION,S,<android.graphics.drawable.Drawable: int getIntrinsicWidth()>
NETWORK_INFORMATION,S,<android.os.Environment: java.lang.String getExternalStorageState()>
NETWORK_INFORMATION,S,<android.content.res.Resources: int getIdentifier(java.lang.String,java.lang.String,java.lang.String)>
NETWORK_INFORMATION,S,<android.view.LayoutInflater: android.view.View inflate(int,android.view.ViewGroup)>
NETWORK_INFORMATION,S,<android.app.PendingIntent: android.app.PendingIntent getActivity(android.content.Context,int,android.content.Intent,int)>
NETWORK_INFORMATION,S,<android.accessibilityservice.AccessibilityServiceInfo: boolean getCanRetrieveWindowContent()>
NETWORK_INFORMATION,S,<java.util.ArrayList: java.util.Iterator iterator()>
NETWORK_INFORMATION,S,<java.io.File: java.io.File getParentFile()>
NETWORK_INFORMATION,S,<android.support.v4.view.VelocityTrackerCompatHoneycomb: float getYVelocity(android.view.VelocityTracker,int)>
NETWORK_INFORMATION,S,<android.app.Notification$Builder: android.app.Notification getNotification()>
NETWORK_INFORMATION,S,<java.util.UUID: long getLeastSignificantBits()>
NETWORK_INFORMATION,S,<android.content.Context: java.lang.String getString(int)>
NETWORK_INFORMATION,S,<android.support.v4.view.ViewPager: int getCurrentItem()>
NETWORK_INFORMATION,S,<android.content.ContextWrapper: java.lang.String getPackageName()>
NETWORK_INFORMATION,S,<android.webkit.WebView: android.webkit.WebSettings getSettings()>
NETWORK_INFORMATION,S,<android.support.v4.view.MotionEventCompat: int getPointerCount(android.view.MotionEvent)>
NETWORK_INFORMATION,S,<android.content.ContentResolver: android.database.Cursor query(android.net.Uri,java.lang.String[],java.lang.String,java.lang.String[],java.lang.String)>
NETWORK_INFORMATION,S,<org.xml.sax.SAXParseException: java.lang.String getSystemId()>
NETWORK_INFORMATION,S,<java.lang.Class: java.lang.String getSimpleName()>
NETWORK_INFORMATION,S,<android.hardware.display.DisplayManager: android.view.Display[] getDisplays()>
NETWORK_INFORMATION,S,<android.widget.Scroller: int getFinalY()>
NETWORK_INFORMATION,S,<android.view.View: int getLeft()>
NETWORK_INFORMATION,S,<android.net.Uri$Builder: android.net.Uri build()>
NETWORK_INFORMATION,S,<android.os.Bundle: android.os.Parcelable getParcelable(java.lang.String)>
NETWORK_INFORMATION,S,<android.view.MotionEvent: long getDownTime()>
NETWORK_INFORMATION,S,<android.app.AlertDialog$Builder: android.app.AlertDialog show()>
NETWORK_INFORMATION,S,<android.telephony.TelephonyManager: java.lang.String getNetworkOperator()>
NETWORK_INFORMATION,S,<java.lang.Thread: java.lang.ClassLoader getContextClassLoader()>
NETWORK_INFORMATION,S,<android.widget.Toast: android.widget.Toast makeText(android.content.Context,java.lang.CharSequence,int)>
NETWORK_INFORMATION,S,<android.view.View: android.view.KeyEvent$DispatcherState getKeyDispatcherState()>
NETWORK_INFORMATION,S,<org.apache.http.HttpHost: java.lang.String toHostString()>
NETWORK_INFORMATION,S,<android.view.View: android.view.accessibility.AccessibilityNodeProvider getAccessibilityNodeProvider()>
NETWORK_INFORMATION,S,<java.io.StringWriter: java.lang.String toString()>
NETWORK_INFORMATION,S,<org.json.JSONObject: boolean getBoolean(java.lang.String)>
NETWORK_INFORMATION,S,<java.net.HttpURLConnection: java.lang.String getResponseMessage()>
NETWORK_INFORMATION,S,<android.os.Bundle: java.lang.String getString(java.lang.String)>
NETWORK_INFORMATION,S,<java.net.URLConnection: java.lang.String getHeaderField(java.lang.String)>
NETWORK_INFORMATION,S,<android.content.res.TypedArray: float getFloat(int,float)>
NETWORK_INFORMATION,S,<android.support.v4.view.MotionEventCompatEclair: float getY(android.view.MotionEvent,int)>
NETWORK_INFORMATION,S,<android.view.View: int getSuggestedMinimumWidth()>
NETWORK_INFORMATION,S,<android.content.Intent: int getFlags()>
NETWORK_INFORMATION,S,<android.content.Intent: android.os.Bundle getExtras()>
NETWORK_INFORMATION,S,<java.security.MessageDigest: byte[] digest()>
NETWORK_INFORMATION,S,<android.database.CursorWindow: int getNumRows()>
NETWORK_INFORMATION,S,<android.app.AlertDialog$Builder: android.app.AlertDialog create()>
NETWORK_INFORMATION,S,<java.util.Locale: java.lang.String getVariant()>
NETWORK_INFORMATION,S,<android.widget.Scroller: int getDuration()>
NETWORK_INFORMATION,S,<android.support.v4.view.accessibility.AccessibilityRecordCompat: java.lang.Object getImpl()>
NETWORK_INFORMATION,S,<android.view.MotionEvent: long getEventTime()>
NETWORK_INFORMATION,S,<android.view.accessibility.AccessibilityNodeInfo: int getActions()>
NETWORK_INFORMATION,S,<android.webkit.WebHistoryItem: android.webkit.WebHistoryItem clone()>
NETWORK_INFORMATION,S,<java.lang.Thread: java.lang.String getName()>
NETWORK_INFORMATION,S,<android.database.sqlite.SQLiteDatabase: android.database.Cursor query(java.lang.String,java.lang.String[],java.lang.String,java.lang.String[],java.lang.String,java.lang.String,java.lang.String)>
NETWORK_INFORMATION,S,<android.content.res.Resources: java.lang.CharSequence getText(int)>
NETWORK_INFORMATION,S,<android.graphics.drawable.Drawable: android.graphics.Region getTransparentRegion()>
NETWORK_INFORMATION,S,<android.support.v4.view.ViewCompatJellybeanMr1: int getLabelFor(android.view.View)>
NETWORK_INFORMATION,S,<android.net.wifi.WifiInfo: java.lang.String getBSSID()>
NETWORK_INFORMATION,S,<android.view.View: java.lang.Object getTag()>
NETWORK_INFORMATION,S,<android.view.ViewGroup$MarginLayoutParams: int getMarginStart()>
NETWORK_INFORMATION,S,<android.content.res.Resources: int getColor(int)>
NETWORK_INFORMATION,S,<org.xml.sax.SAXParseException: int getColumnNumber()>
NETWORK_INFORMATION,S,<android.view.ViewConfiguration: android.view.ViewConfiguration get(android.content.Context)>
NETWORK_INFORMATION,S,<android.view.accessibility.AccessibilityNodeInfo: android.view.accessibility.AccessibilityNodeInfo getChild(int)>
NETWORK_INFORMATION,S,<android.content.res.ColorStateList: int getDefaultColor()>
NETWORK_INFORMATION,S,<android.view.View: int getPaddingRight()>
NETWORK_INFORMATION,S,<android.support.v4.view.accessibility.AccessibilityNodeInfoCompatIcs: java.lang.CharSequence getContentDescription(java.lang.Object)>
NETWORK_INFORMATION,S,<android.view.accessibility.AccessibilityEvent: android.view.accessibility.AccessibilityRecord getRecord(int)>
NETWORK_INFORMATION,S,<java.io.File: java.io.File getCanonicalFile()>
NETWORK_INFORMATION,S,<android.support.v4.view.accessibility.AccessibilityNodeProviderCompat: java.lang.Object getProvider()>
NETWORK_INFORMATION,S,<android.content.Intent: java.util.ArrayList getIntegerArrayListExtra(java.lang.String)>
NETWORK_INFORMATION,S,<java.lang.Class: java.lang.reflect.Method[] getMethods()>
NETWORK_INFORMATION,S,<android.os.PowerManager: android.os.PowerManager$WakeLock newWakeLock(int,java.lang.String)>
NETWORK_INFORMATION,S,<android.net.NetworkInfo: java.lang.String getTypeName()>
NETWORK_INFORMATION,S,<java.text.DateFormat: java.util.Date parse(java.lang.String)>
NETWORK_INFORMATION,S,<java.lang.Throwable: java.lang.Throwable fillInStackTrace()>
NETWORK_INFORMATION,S,<android.view.accessibility.AccessibilityRecord: int getMaxScrollY()>
NETWORK_INFORMATION,S,<android.webkit.WebBackForwardList: android.webkit.WebBackForwardList clone()>
NETWORK_INFORMATION,S,<android.support.v4.view.ViewCompatJB: int getImportantForAccessibility(android.view.View)>
NETWORK_INFORMATION,D,<android.content.ContextWrapper: android.content.res.AssetManager getAssets()>
NETWORK_INFORMATION,D,<android.content.ContextWrapper: android.content.SharedPreferences getSharedPreferences(java.lang.String,int)>
NETWORK_INFORMATION,D,<android.net.wifi.WifiManager: android.net.wifi.WifiInfo getConnectionInfo()>
NETWORK_INFORMATION,D,<java.util.Date: long getTime()>
NETWORK_INFORMATION,D,<java.text.DateFormat: java.lang.String format(java.util.Date)>
NETWORK_INFORMATION,D,<android.webkit.WebSettings: java.lang.String getUserAgentString()>
NETWORK_INFORMATION,D,<android.telephony.TelephonyManager: java.lang.String getDeviceId()>
NETWORK_INFORMATION,D,<java.lang.Thread: java.lang.ClassLoader getContextClassLoader()>
NETWORK_INFORMATION,D,<android.telephony.TelephonyManager: java.lang.String getNetworkOperator()>
NETWORK_INFORMATION,D,<java.lang.Class: java.lang.ClassLoader getClassLoader()>
NETWORK_INFORMATION,D,<java.lang.Class: java.lang.reflect.Method getMethod(java.lang.String,java.lang.Class[])>
NETWORK_INFORMATION,D,<java.util.ArrayList: java.lang.Object get(int)>
NETWORK_INFORMATION,D,<android.content.ContextWrapper: android.content.Intent registerReceiver(android.content.BroadcastReceiver,android.content.IntentFilter)>
NETWORK_INFORMATION,D,<java.lang.System: java.lang.String getProperty(java.lang.String,java.lang.String)>
NETWORK_INFORMATION,D,<android.content.ContextWrapper: java.io.File getDatabasePath(java.lang.String)>
NETWORK_INFORMATION,D,<java.util.Locale: java.util.Locale getDefault()>
NETWORK_INFORMATION,D,<java.util.concurrent.LinkedBlockingQueue: java.lang.Object take()>
NETWORK_INFORMATION,D,<java.security.MessageDigest: java.security.MessageDigest getInstance(java.lang.String)>
NETWORK_INFORMATION,D,<java.lang.String: byte[] getBytes()>
NETWORK_INFORMATION,D,<android.net.ConnectivityManager: android.net.NetworkInfo getActiveNetworkInfo()>
NETWORK_INFORMATION,D,<java.text.NumberFormat: java.text.NumberFormat getInstance(java.util.Locale)>
NETWORK_INFORMATION,D,<java.security.MessageDigest: byte[] digest()>
NETWORK_INFORMATION,D,<android.view.View: android.content.Context getContext()>
NETWORK_INFORMATION,D,<android.net.wifi.WifiInfo: java.lang.String getMacAddress()>
NETWORK_INFORMATION,D,<android.content.ContextWrapper: java.io.File getDir(java.lang.String,int)>
NETWORK_INFORMATION,D,<java.lang.System: java.lang.String getProperty(java.lang.String)>
NETWORK_INFORMATION,D,<org.xml.sax.InputSource: java.lang.String getSystemId()>
NETWORK_INFORMATION,D,<javax.crypto.Cipher: byte[] doFinal(byte[])>
NETWORK_INFORMATION,D,<java.lang.String: java.lang.String trim()>
NETWORK_INFORMATION,D,<java.util.LinkedList: java.lang.Object getLast()>
NETWORK_INFORMATION,D,<java.lang.ref.Reference: java.lang.Object get()>
NETWORK_INFORMATION,D,<java.lang.Class: java.lang.reflect.Method getDeclaredMethod(java.lang.String,java.lang.Class[])>
NETWORK_INFORMATION,D,<java.lang.Class: java.lang.String getName()>
NETWORK_INFORMATION,D,<java.util.LinkedList: java.lang.Object removeLast()>
NETWORK_INFORMATION,D,<android.net.wifi.WifiInfo: java.lang.String getBSSID()>
NETWORK_INFORMATION,D,<java.lang.StringBuilder: java.lang.String toString()>
NETWORK_INFORMATION,D,<android.view.ViewGroup: int getChildCount()>
NETWORK_INFORMATION,D,<java.lang.Long: long longValue()>
NETWORK_INFORMATION,D,<java.lang.Double: double doubleValue()>
NETWORK_INFORMATION,D,<java.lang.Class: java.lang.Object newInstance()>
NETWORK_INFORMATION,D,<android.content.ContextWrapper: android.content.Context getApplicationContext()>
NETWORK_INFORMATION,D,<java.util.Locale: java.lang.String getCountry()>
NETWORK_INFORMATION,D,<java.lang.Thread: java.lang.Thread$UncaughtExceptionHandler getDefaultUncaughtExceptionHandler()>
NETWORK_INFORMATION,D,<java.lang.Throwable: java.lang.StackTraceElement[] getStackTrace()>
NETWORK_INFORMATION,D,<javax.crypto.Cipher: javax.crypto.Cipher getInstance(java.lang.String)>
NETWORK_INFORMATION,D,<android.content.ContextWrapper: android.content.pm.PackageManager getPackageManager()>
NETWORK_INFORMATION,D,<java.lang.reflect.Method: java.lang.String getName()>
NETWORK_INFORMATION,D,<java.io.File: java.io.File[] listFiles()>
NETWORK_INFORMATION,D,<android.content.res.Resources: android.util.DisplayMetrics getDisplayMetrics()>
NETWORK_INFORMATION,D,<java.lang.StringBuffer: java.lang.String toString()>
NETWORK_INFORMATION,D,<java.lang.Class: java.lang.String getCanonicalName()>
NETWORK_INFORMATION,D,<java.util.Locale: java.lang.String getLanguage()>
NETWORK_INFORMATION,D,<android.content.ContextWrapper: android.content.res.Resources getResources()>
NETWORK_INFORMATION,D,<android.content.res.Resources: int getIdentifier(java.lang.String,java.lang.String,java.lang.String)>
NETWORK_INFORMATION,D,<java.io.File: java.lang.String getAbsolutePath()>
NETWORK_INFORMATION,D,<java.util.TreeSet: java.lang.Object first()>
NETWORK_INFORMATION,D,<java.util.LinkedList: java.lang.Object removeFirst()>
NETWORK_INFORMATION,D,<java.util.AbstractList: java.util.Iterator iterator()>
NETWORK_INFORMATION,D,<java.lang.Class: java.lang.reflect.Method[] getMethods()>
NETWORK_INFORMATION,D,<android.app.Activity: java.lang.Object getSystemService(java.lang.String)>
NETWORK_INFORMATION,D,<android.net.NetworkInfo: java.lang.String getTypeName()>
NETWORK_INFORMATION,D,<java.lang.Class: java.lang.reflect.Constructor getConstructor(java.lang.Class[])>
NETWORK_INFORMATION,D,<java.util.AbstractSequentialList: java.util.Iterator iterator()>
NETWORK_INFORMATION,D,<android.content.ContextWrapper: java.io.File getCacheDir()>
NETWORK_INFORMATION,D,<java.lang.String: char[] toCharArray()>
NETWORK_INFORMATION,D,<java.util.TreeSet: java.util.Iterator iterator()>
NETWORK_INFORMATION,D,<java.util.zip.ZipEntry: java.lang.String getName()>
NETWORK_INFORMATION,D,<android.content.Context: java.lang.String getString(int)>
NETWORK_INFORMATION,D,<java.util.HashSet: java.util.Iterator iterator()>
NETWORK_INFORMATION,D,<android.content.ContextWrapper: java.lang.String getPackageName()>
NETWORK_INFORMATION,D,<android.webkit.WebView: android.webkit.WebSettings getSettings()>
NETWORK_INFORMATION,D,<android.net.Proxy: java.lang.String getDefaultHost()>
NETWORK_INFORMATION,D,<android.os.Looper: android.os.Looper getMainLooper()>
LOCATION_INFORMATION,S,<android.location.Location: float getAccuracy()>
LOCATION_INFORMATION,S,<android.telephony.TelephonyManager: android.telephony.CellLocation getCellLocation()>
LOCATION_INFORMATION,S,<android.location.Location: double getLatitude()>
LOCATION_INFORMATION,S,<android.telephony.gsm.GsmCellLocation: int getCid()>
LOCATION_INFORMATION,S,<android.telephony.TelephonyManager: int getPhoneType()>
LOCATION_INFORMATION,S,<android.telephony.gsm.GsmCellLocation: int getLac()>
LOCATION_INFORMATION,S,<android.telephony.TelephonyManager: int getNetworkType()>
LOCATION_INFORMATION,S,<android.location.Location: double getLongitude()>
LOCATION_INFORMATION,S,<android.telephony.cdma.CdmaCellLocation: int getBaseStationId()>
LOCATION_INFORMATION,S,<android.location.Location: long getTime()>
LOCATION_INFORMATION,S,<android.telephony.cdma.CdmaCellLocation: int getNetworkId()>
