categoty,analysis,method
LOCATION_INFORMATION,S,<android.location.Location: double getLatitude()>
LOCATION_INFORMATION,S,<android.location.LocationManager: android.location.Location getLastKnownLocation(java.lang.String)>
LOCATION_INFORMATION,S,<android.location.LocationManager: java.lang.String getBestProvider(android.location.Criteria,boolean)>
LOCATION_INFORMATION,S,<android.telephony.TelephonyManager: int getCallState()>
LOCATION_INFORMATION,S,<android.location.Location: double getLongitude()>
CALENDAR_INFORMATION,S,<java.util.Calendar: long getTimeInMillis()>
CALENDAR_INFORMATION,S,<java.util.Calendar: java.util.Calendar getInstance()>
NETWORK_INFORMATION,S,<android.view.View: int getWidth()>
NETWORK_INFORMATION,S,<android.util.SparseArray: android.util.SparseArray clone()>
NETWORK_INFORMATION,S,<android.view.View: int getPaddingBottom()>
NETWORK_INFORMATION,S,<java.io.ByteArrayOutputStream: byte[] toByteArray()>
NETWORK_INFORMATION,S,<android.widget.CursorAdapter: android.database.Cursor getCursor()>
NETWORK_INFORMATION,S,<android.graphics.drawable.shapes.Shape: android.graphics.drawable.shapes.Shape clone()>
NETWORK_INFORMATION,S,<android.content.res.Resources: java.lang.String getQuantityString(int,int,java.lang.Object[])>
NETWORK_INFORMATION,S,<android.view.KeyEvent: int getAction()>
NETWORK_INFORMATION,S,<org.json.JSONArray: org.json.JSONArray put(java.lang.Object)>
NETWORK_INFORMATION,S,<android.app.Notification: android.app.Notification clone()>
NETWORK_INFORMATION,S,<android.os.Parcel: android.os.Parcelable readParcelable(java.lang.ClassLoader)>
NETWORK_INFORMATION,S,<java.lang.Object: java.lang.Object clone()>
NETWORK_INFORMATION,S,<android.view.View: int getMeasuredHeight()>
NETWORK_INFORMATION,S,<android.widget.RemoteViews: android.widget.RemoteViews clone()>
NETWORK_INFORMATION,S,<android.content.ContextWrapper: android.content.Intent registerReceiver(android.content.BroadcastReceiver,android.content.IntentFilter)>
NETWORK_INFORMATION,S,<android.view.ViewConfiguration: int getScaledMinimumFlingVelocity()>
NETWORK_INFORMATION,S,<java.io.File: java.lang.String getName()>
NETWORK_INFORMATION,S,<android.widget.AbsListView: int getCheckedItemPosition()>
NETWORK_INFORMATION,S,<java.lang.String: byte[] getBytes()>
NETWORK_INFORMATION,S,<java.io.File: java.lang.String getPath()>
NETWORK_INFORMATION,S,<android.view.View: int getId()>
NETWORK_INFORMATION,S,<android.view.View: int getScrollY()>
NETWORK_INFORMATION,S,<java.util.HashMap: java.util.Set entrySet()>
NETWORK_INFORMATION,S,<android.net.wifi.WifiInfo: java.lang.String getMacAddress()>
NETWORK_INFORMATION,S,<android.view.View: android.view.ViewGroup$LayoutParams getLayoutParams()>
NETWORK_INFORMATION,S,<android.os.Bundle: java.io.Serializable getSerializable(java.lang.String)>
NETWORK_INFORMATION,S,<android.telephony.TelephonyManager: java.lang.String getSimOperator()>
NETWORK_INFORMATION,S,<android.widget.AdapterView: int getFirstVisiblePosition()>
NETWORK_INFORMATION,S,<android.view.View: android.content.res.Resources getResources()>
NETWORK_INFORMATION,S,<android.preference.ListPreference: java.lang.CharSequence getEntry()>
NETWORK_INFORMATION,S,<android.app.Activity: android.app.ActionBar getActionBar()>
NETWORK_INFORMATION,S,<android.graphics.Bitmap: android.graphics.Bitmap createBitmap(android.graphics.Bitmap)>
NETWORK_INFORMATION,S,<android.content.Intent: java.lang.String getAction()>
NETWORK_INFORMATION,S,<android.view.View: int getScrollX()>
NETWORK_INFORMATION,S,<android.view.MotionEvent: float getY(int)>
NETWORK_INFORMATION,S,<org.apache.http.HttpHost: java.lang.String toURI()>
NETWORK_INFORMATION,S,<android.net.NetworkInfo: java.lang.String getExtraInfo()>
NETWORK_INFORMATION,S,<android.widget.AdapterView: int getCount()>
NETWORK_INFORMATION,S,<android.widget.AdapterView: int getLastVisiblePosition()>
NETWORK_INFORMATION,S,<android.content.ContextWrapper: android.content.pm.PackageManager getPackageManager()>
NETWORK_INFORMATION,S,<android.preference.PreferenceManager: android.content.SharedPreferences getDefaultSharedPreferences(android.content.Context)>
NETWORK_INFORMATION,S,<java.util.LinkedHashMap: java.lang.Object get(java.lang.Object)>
NETWORK_INFORMATION,S,<android.view.ViewConfiguration: int getScaledMaximumFlingVelocity()>
NETWORK_INFORMATION,S,<android.content.res.Resources: android.util.DisplayMetrics getDisplayMetrics()>
NETWORK_INFORMATION,S,<java.lang.StringBuffer: java.lang.String toString()>
NETWORK_INFORMATION,S,<android.content.ComponentName: android.content.ComponentName clone()>
NETWORK_INFORMATION,S,<android.view.View: int getBottom()>
NETWORK_INFORMATION,S,<android.content.res.TypedArray: int getInteger(int,int)>
NETWORK_INFORMATION,S,<android.os.ParcelFileDescriptor: java.io.FileDescriptor getFileDescriptor()>
NETWORK_INFORMATION,S,<android.os.Bundle: int getInt(java.lang.String)>
NETWORK_INFORMATION,S,<android.provider.MediaStore$Audio$Playlists$Members: android.net.Uri getContentUri(java.lang.String,long)>
NETWORK_INFORMATION,S,<java.util.HashMap: java.lang.Object get(java.lang.Object)>
NETWORK_INFORMATION,S,<android.content.Intent: android.os.Parcelable getParcelableExtra(java.lang.String)>
NETWORK_INFORMATION,S,<android.view.View: int getPaddingTop()>
NETWORK_INFORMATION,S,<android.view.View: int getOverScrollMode()>
NETWORK_INFORMATION,S,<android.widget.RadioGroup: int getCheckedRadioButtonId()>
NETWORK_INFORMATION,S,<android.graphics.Bitmap: android.graphics.Bitmap createBitmap(int,int,android.graphics.Bitmap$Config)>
NETWORK_INFORMATION,S,<android.view.KeyEvent: int getKeyCode()>
NETWORK_INFORMATION,S,<java.lang.String: char[] toCharArray()>
NETWORK_INFORMATION,S,<android.app.Dialog: android.view.Window getWindow()>
NETWORK_INFORMATION,S,<android.provider.MediaStore$Audio$Genres: android.net.Uri getContentUriForAudioId(java.lang.String,int)>
NETWORK_INFORMATION,S,<android.os.Message: long getWhen()>
NETWORK_INFORMATION,S,<android.widget.CursorAdapter: int getCount()>
NETWORK_INFORMATION,S,<java.util.Date: long getTime()>
NETWORK_INFORMATION,S,<android.view.ContextThemeWrapper: android.content.res.Resources getResources()>
NETWORK_INFORMATION,S,<android.view.VelocityTracker: float getYVelocity()>
NETWORK_INFORMATION,S,<java.text.DateFormat: java.lang.String format(java.util.Date)>
NETWORK_INFORMATION,S,<android.view.View$MeasureSpec: int getMode(int)>
NETWORK_INFORMATION,S,<java.util.Date: int getYear()>
NETWORK_INFORMATION,S,<android.net.NetworkInfo: int getType()>
NETWORK_INFORMATION,S,<android.telephony.TelephonyManager: java.lang.String getDeviceId()>
NETWORK_INFORMATION,S,<java.lang.Class: java.lang.ClassLoader getClassLoader()>
NETWORK_INFORMATION,S,<android.widget.ProgressBar: int getProgress()>
NETWORK_INFORMATION,S,<android.view.AbsSavedState: android.os.Parcelable getSuperState()>
NETWORK_INFORMATION,S,<android.widget.Scroller: int getCurrY()>
NETWORK_INFORMATION,S,<org.json.JSONObject: java.lang.String getString(java.lang.String)>
NETWORK_INFORMATION,S,<java.net.URI: java.lang.String toString()>
NETWORK_INFORMATION,S,<android.app.Activity: android.content.Intent getIntent()>
NETWORK_INFORMATION,S,<android.net.ConnectivityManager: android.net.NetworkInfo getActiveNetworkInfo()>
NETWORK_INFORMATION,S,<android.preference.Preference: java.lang.String getKey()>
NETWORK_INFORMATION,S,<java.io.Writer: java.io.Writer append(java.lang.CharSequence,int,int)>
NETWORK_INFORMATION,S,<java.io.File: java.lang.String getCanonicalPath()>
NETWORK_INFORMATION,S,<android.content.res.TypedArray: int getInt(int,int)>
NETWORK_INFORMATION,S,<android.graphics.Bitmap: android.graphics.Bitmap createScaledBitmap(android.graphics.Bitmap,int,int,boolean)>
NETWORK_INFORMATION,S,<android.telephony.TelephonyManager: java.lang.String getSubscriberId()>
NETWORK_INFORMATION,S,<android.view.View: int getMeasuredWidth()>
NETWORK_INFORMATION,S,<android.view.View: android.view.ViewParent getParent()>
NETWORK_INFORMATION,S,<android.content.res.Resources: android.graphics.drawable.Drawable getDrawable(int)>
NETWORK_INFORMATION,S,<android.graphics.Bitmap: int getHeight()>
NETWORK_INFORMATION,S,<android.widget.CursorAdapter: long getItemId(int)>
NETWORK_INFORMATION,S,<android.webkit.WebView: java.lang.String getUrl()>
NETWORK_INFORMATION,S,<java.util.AbstractList: java.util.List subList(int,int)>
NETWORK_INFORMATION,S,<android.os.Environment: java.io.File getExternalStorageDirectory()>
NETWORK_INFORMATION,S,<java.lang.StringBuilder: java.lang.String toString()>
NETWORK_INFORMATION,S,<android.graphics.Bitmap: int getWidth()>
NETWORK_INFORMATION,S,<android.view.ViewConfiguration: int getScaledTouchSlop()>
NETWORK_INFORMATION,S,<android.view.ViewGroup: android.view.View findFocus()>
NETWORK_INFORMATION,S,<java.util.AbstractCollection: java.lang.String toString()>
NETWORK_INFORMATION,S,<android.os.Bundle: long getLong(java.lang.String)>
NETWORK_INFORMATION,S,<android.animation.Animator: android.animation.Animator clone()>
NETWORK_INFORMATION,S,<android.widget.EditText: android.text.Editable getText()>
NETWORK_INFORMATION,S,<java.io.File: java.io.File[] listFiles()>
NETWORK_INFORMATION,S,<android.content.Intent: int getIntExtra(java.lang.String,int)>
NETWORK_INFORMATION,S,<android.view.VelocityTracker: float getXVelocity(int)>
NETWORK_INFORMATION,S,<android.appwidget.AppWidgetProviderInfo: android.appwidget.AppWidgetProviderInfo clone()>
NETWORK_INFORMATION,S,<android.preference.PreferenceFragment: android.preference.PreferenceScreen getPreferenceScreen()>
NETWORK_INFORMATION,S,<java.io.File: java.lang.String getAbsolutePath()>
NETWORK_INFORMATION,S,<android.app.Dialog: android.content.Context getContext()>
NETWORK_INFORMATION,S,<android.support.v4.view.ViewPager: android.view.ViewGroup$LayoutParams generateDefaultLayoutParams()>
NETWORK_INFORMATION,S,<android.app.Activity: java.lang.Object getSystemService(java.lang.String)>
NETWORK_INFORMATION,S,<android.view.MotionEvent: float getX()>
NETWORK_INFORMATION,S,<android.net.ConnectivityManager: android.net.NetworkInfo[] getAllNetworkInfo()>
NETWORK_INFORMATION,S,<java.util.Date: int getMonth()>
NETWORK_INFORMATION,S,<android.content.Intent: long getLongExtra(java.lang.String,long)>
NETWORK_INFORMATION,S,<android.app.Activity: android.view.Window getWindow()>
NETWORK_INFORMATION,S,<android.database.DatabaseUtils: java.lang.String getCollationKey(java.lang.String)>
NETWORK_INFORMATION,S,<android.content.Intent: java.lang.String getStringExtra(java.lang.String)>
NETWORK_INFORMATION,S,<android.view.ViewConfiguration: int getLongPressTimeout()>
NETWORK_INFORMATION,S,<android.util.SparseBooleanArray: android.util.SparseBooleanArray clone()>
NETWORK_INFORMATION,S,<android.net.wifi.WifiManager: android.net.wifi.WifiInfo getConnectionInfo()>
NETWORK_INFORMATION,S,<android.os.Bundle: int[] getIntArray(java.lang.String)>
NETWORK_INFORMATION,S,<android.view.MotionEvent: int getPointerId(int)>
NETWORK_INFORMATION,S,<android.view.FocusFinder: android.view.FocusFinder getInstance()>
NETWORK_INFORMATION,S,<android.view.View: android.graphics.Bitmap getDrawingCache()>
NETWORK_INFORMATION,S,<android.app.PendingIntent: android.app.PendingIntent getService(android.content.Context,int,android.content.Intent,int)>
NETWORK_INFORMATION,S,<android.view.ViewGroup: int getDescendantFocusability()>
NETWORK_INFORMATION,S,<java.security.MessageDigest: java.security.MessageDigest getInstance(java.lang.String)>
NETWORK_INFORMATION,S,<android.telephony.TelephonyManager: java.lang.String getLine1Number()>
NETWORK_INFORMATION,S,<org.json.JSONObject: long getLong(java.lang.String)>
NETWORK_INFORMATION,S,<android.view.animation.Animation: android.view.animation.Animation clone()>
NETWORK_INFORMATION,S,<android.view.View: int getHeight()>
NETWORK_INFORMATION,S,<android.view.View: int getRight()>
NETWORK_INFORMATION,S,<android.widget.TextView: android.graphics.Typeface getTypeface()>
NETWORK_INFORMATION,S,<android.view.View: android.content.Context getContext()>
NETWORK_INFORMATION,S,<android.appwidget.AppWidgetManager: int[] getAppWidgetIds(android.content.ComponentName)>
NETWORK_INFORMATION,S,<android.view.View: int getPaddingLeft()>
NETWORK_INFORMATION,S,<android.widget.ListView: int getHeaderViewsCount()>
NETWORK_INFORMATION,S,<android.content.Intent: android.net.Uri getData()>
NETWORK_INFORMATION,S,<android.widget.Scroller: int getCurrX()>
NETWORK_INFORMATION,S,<android.widget.RemoteViews: int getLayoutId()>
NETWORK_INFORMATION,S,<android.view.MotionEvent: float getRawY()>
NETWORK_INFORMATION,S,<android.view.MotionEvent: int getAction()>
NETWORK_INFORMATION,S,<org.apache.http.impl.client.AbstractHttpClient: org.apache.http.params.HttpParams getParams()>
NETWORK_INFORMATION,S,<android.content.res.Resources: java.lang.String getString(int)>
NETWORK_INFORMATION,S,<android.app.PendingIntent: android.app.PendingIntent getBroadcast(android.content.Context,int,android.content.Intent,int)>
NETWORK_INFORMATION,S,<android.view.MotionEvent: float getY()>
NETWORK_INFORMATION,S,<android.hardware.SensorManager: android.hardware.Sensor getDefaultSensor(int)>
NETWORK_INFORMATION,S,<android.view.ViewGroup: int getChildCount()>
NETWORK_INFORMATION,S,<java.lang.Long: long longValue()>
NETWORK_INFORMATION,S,<android.content.ContextWrapper: android.content.Context getApplicationContext()>
NETWORK_INFORMATION,S,<android.view.ViewConfiguration: int getScaledPagingTouchSlop()>
NETWORK_INFORMATION,S,<android.preference.Preference: int getPersistedInt(int)>
NETWORK_INFORMATION,S,<android.os.Environment: java.lang.String getExternalStorageState()>
NETWORK_INFORMATION,S,<android.view.View$MeasureSpec: int getSize(int)>
NETWORK_INFORMATION,S,<android.graphics.Bitmap: int getRowBytes()>
NETWORK_INFORMATION,S,<android.content.ContextWrapper: android.content.res.Resources getResources()>
NETWORK_INFORMATION,S,<android.os.Bundle: boolean getBoolean(java.lang.String)>
NETWORK_INFORMATION,S,<android.content.ContextWrapper: java.lang.Object getSystemService(java.lang.String)>
NETWORK_INFORMATION,S,<android.content.Intent: boolean getBooleanExtra(java.lang.String,boolean)>
NETWORK_INFORMATION,S,<android.view.LayoutInflater: android.view.View inflate(int,android.view.ViewGroup)>
NETWORK_INFORMATION,S,<android.app.Activity: android.view.LayoutInflater getLayoutInflater()>
NETWORK_INFORMATION,S,<java.lang.Class: java.lang.reflect.Field getField(java.lang.String)>
NETWORK_INFORMATION,S,<android.app.PendingIntent: android.app.PendingIntent getActivity(android.content.Context,int,android.content.Intent,int)>
NETWORK_INFORMATION,S,<java.util.ArrayList: java.util.Iterator iterator()>
NETWORK_INFORMATION,S,<java.io.File: java.io.File getParentFile()>
NETWORK_INFORMATION,S,<android.app.AlertDialog: android.widget.ListView getListView()>
NETWORK_INFORMATION,S,<android.content.Context: java.lang.String getString(int)>
NETWORK_INFORMATION,S,<android.webkit.WebView: android.webkit.WebSettings getSettings()>
NETWORK_INFORMATION,S,<android.content.ContextWrapper: java.lang.String getPackageName()>
NETWORK_INFORMATION,S,<android.content.res.Resources: java.lang.String getString(int,java.lang.Object[])>
NETWORK_INFORMATION,S,<org.json.JSONObject: int getInt(java.lang.String)>
NETWORK_INFORMATION,S,<android.content.ContentResolver: android.database.Cursor query(android.net.Uri,java.lang.String[],java.lang.String,java.lang.String[],java.lang.String)>
NETWORK_INFORMATION,S,<java.util.Date: int getDay()>
NETWORK_INFORMATION,S,<android.os.HandlerThread: android.os.Looper getLooper()>
NETWORK_INFORMATION,S,<android.net.Uri: android.net.Uri parse(java.lang.String)>
NETWORK_INFORMATION,S,<android.view.View: int getLeft()>
NETWORK_INFORMATION,S,<android.view.View: int getVisibility()>
NETWORK_INFORMATION,S,<android.app.AlertDialog$Builder: android.app.AlertDialog show()>
NETWORK_INFORMATION,S,<android.content.ContextWrapper: android.content.ContentResolver getContentResolver()>
NETWORK_INFORMATION,S,<java.security.MessageDigest: byte[] digest(byte[])>
NETWORK_INFORMATION,S,<android.widget.Toast: android.widget.Toast makeText(android.content.Context,java.lang.CharSequence,int)>
NETWORK_INFORMATION,S,<java.util.ArrayList: java.lang.Object get(int)>
NETWORK_INFORMATION,S,<android.view.MotionEvent: int getEdgeFlags()>
NETWORK_INFORMATION,S,<android.widget.TextView: java.lang.CharSequence getText()>
NETWORK_INFORMATION,S,<android.os.Bundle: java.lang.String getString(java.lang.String)>
NETWORK_INFORMATION,S,<android.view.LayoutInflater: android.view.View inflate(int,android.view.ViewGroup,boolean)>
NETWORK_INFORMATION,S,<android.preference.Preference: android.content.Context getContext()>
NETWORK_INFORMATION,S,<java.security.MessageDigest: byte[] digest()>
NETWORK_INFORMATION,S,<android.content.Intent: java.lang.String getDataString()>
NETWORK_INFORMATION,S,<android.view.MotionEvent: float getX(int)>
NETWORK_INFORMATION,S,<java.net.URLConnection: java.io.InputStream getInputStream()>
NETWORK_INFORMATION,S,<android.app.AlertDialog$Builder: android.app.AlertDialog create()>
NETWORK_INFORMATION,S,<android.view.View: int getDrawingCacheBackgroundColor()>
NETWORK_INFORMATION,S,<android.widget.Scroller: int getDuration()>
NETWORK_INFORMATION,S,<android.content.ContextWrapper: android.content.pm.ApplicationInfo getApplicationInfo()>
NETWORK_INFORMATION,S,<android.webkit.WebHistoryItem: android.webkit.WebHistoryItem clone()>
NETWORK_INFORMATION,S,<java.lang.String: byte[] getBytes(java.lang.String)>
NETWORK_INFORMATION,S,<java.lang.reflect.Array: java.lang.Object newInstance(java.lang.Class,int[])>
NETWORK_INFORMATION,S,<android.content.res.Resources: java.lang.CharSequence getText(int)>
NETWORK_INFORMATION,S,<android.net.NetworkInfo: android.net.NetworkInfo$State getState()>
NETWORK_INFORMATION,S,<java.util.TimeZone: java.util.TimeZone getTimeZone(java.lang.String)>
NETWORK_INFORMATION,S,<android.view.View: android.os.IBinder getWindowToken()>
NETWORK_INFORMATION,S,<java.lang.Class: java.lang.String getName()>
NETWORK_INFORMATION,S,<android.view.View: int[] getDrawableState()>
NETWORK_INFORMATION,S,<android.view.View: java.lang.Object getTag()>
NETWORK_INFORMATION,S,<android.widget.TextView: android.graphics.drawable.Drawable[] getCompoundDrawables()>
NETWORK_INFORMATION,S,<android.view.View: int getTop()>
NETWORK_INFORMATION,S,<android.view.ViewGroup: android.view.View getChildAt(int)>
NETWORK_INFORMATION,S,<android.view.ViewConfiguration: android.view.ViewConfiguration get(android.content.Context)>
NETWORK_INFORMATION,S,<android.appwidget.AppWidgetManager: android.appwidget.AppWidgetManager getInstance(android.content.Context)>
NETWORK_INFORMATION,S,<android.view.View: int getPaddingRight()>
NETWORK_INFORMATION,S,<android.os.PowerManager: android.os.PowerManager$WakeLock newWakeLock(int,java.lang.String)>
NETWORK_INFORMATION,S,<android.view.VelocityTracker: float getXVelocity()>
NETWORK_INFORMATION,S,<android.webkit.WebBackForwardList: android.webkit.WebBackForwardList clone()>
NETWORK_INFORMATION,S,<java.util.AbstractList: java.util.ListIterator listIterator()>
NETWORK_INFORMATION,D,<android.view.View: int getWidth()>
NETWORK_INFORMATION,D,<android.os.Message: long getWhen()>
NETWORK_INFORMATION,D,<android.content.ContentResolver: android.database.Cursor query(android.net.Uri,java.lang.String[],java.lang.String,java.lang.String[],java.lang.String)>
NETWORK_INFORMATION,D,<android.view.View: int getPaddingBottom()>
NETWORK_INFORMATION,D,<android.os.HandlerThread: android.os.Looper getLooper()>
NETWORK_INFORMATION,D,<android.content.res.Resources: java.lang.String getQuantityString(int,int,java.lang.Object[])>
NETWORK_INFORMATION,D,<android.view.View: int getLeft()>
NETWORK_INFORMATION,D,<android.support.v4.view.ViewPager: android.os.Parcelable onSaveInstanceState()>
NETWORK_INFORMATION,D,<android.view.View: int getVisibility()>
NETWORK_INFORMATION,D,<android.view.KeyEvent: int getAction()>
NETWORK_INFORMATION,D,<android.view.View$MeasureSpec: int getMode(int)>
NETWORK_INFORMATION,D,<android.view.MotionEvent: int getPointerId(int)>
NETWORK_INFORMATION,D,<android.content.ContextWrapper: android.content.ContentResolver getContentResolver()>
NETWORK_INFORMATION,D,<android.widget.Toast: android.widget.Toast makeText(android.content.Context,java.lang.CharSequence,int)>
NETWORK_INFORMATION,D,<android.view.View: int getMeasuredHeight()>
NETWORK_INFORMATION,D,<android.content.ContextWrapper: android.content.Intent registerReceiver(android.content.BroadcastReceiver,android.content.IntentFilter)>
NETWORK_INFORMATION,D,<java.util.ArrayList: java.lang.Object get(int)>
NETWORK_INFORMATION,D,<android.view.ViewConfiguration: int getScaledMinimumFlingVelocity()>
NETWORK_INFORMATION,D,<android.app.Activity: android.content.Intent getIntent()>
NETWORK_INFORMATION,D,<android.view.ViewGroup: int getDescendantFocusability()>
NETWORK_INFORMATION,D,<android.view.View: int getScrollY()>
NETWORK_INFORMATION,D,<android.view.View: int getRight()>
NETWORK_INFORMATION,D,<android.view.View: android.content.Context getContext()>
NETWORK_INFORMATION,D,<android.appwidget.AppWidgetManager: int[] getAppWidgetIds(android.content.ComponentName)>
NETWORK_INFORMATION,D,<android.view.MotionEvent: float getX(int)>
NETWORK_INFORMATION,D,<android.view.View: int getPaddingLeft()>
NETWORK_INFORMATION,D,<android.content.ContextWrapper: android.content.pm.ApplicationInfo getApplicationInfo()>
NETWORK_INFORMATION,D,<android.view.View: android.view.ViewGroup$LayoutParams getLayoutParams()>
NETWORK_INFORMATION,D,<android.view.View: int getMeasuredWidth()>
NETWORK_INFORMATION,D,<android.widget.AdapterView: int getFirstVisiblePosition()>
NETWORK_INFORMATION,D,<android.view.View: android.view.ViewParent getParent()>
NETWORK_INFORMATION,D,<android.view.View: android.content.res.Resources getResources()>
NETWORK_INFORMATION,D,<android.app.Activity: android.app.ActionBar getActionBar()>
NETWORK_INFORMATION,D,<android.view.View: android.os.IBinder getWindowToken()>
NETWORK_INFORMATION,D,<java.lang.Class: java.lang.String getName()>
NETWORK_INFORMATION,D,<android.view.MotionEvent: int getAction()>
NETWORK_INFORMATION,D,<android.app.PendingIntent: android.app.PendingIntent getBroadcast(android.content.Context,int,android.content.Intent,int)>
NETWORK_INFORMATION,D,<android.content.Intent: java.lang.String getAction()>
NETWORK_INFORMATION,D,<android.view.View: java.lang.Object getTag()>
NETWORK_INFORMATION,D,<java.lang.StringBuilder: java.lang.String toString()>
NETWORK_INFORMATION,D,<android.view.View: int getScrollX()>
NETWORK_INFORMATION,D,<android.view.MotionEvent: float getY()>
NETWORK_INFORMATION,D,<android.view.MotionEvent: float getY(int)>
NETWORK_INFORMATION,D,<android.view.ViewGroup: android.view.View findFocus()>
NETWORK_INFORMATION,D,<android.view.ViewGroup: int getChildCount()>
NETWORK_INFORMATION,D,<android.view.ViewConfiguration: int getScaledPagingTouchSlop()>
NETWORK_INFORMATION,D,<android.view.View: int getTop()>
NETWORK_INFORMATION,D,<android.preference.PreferenceManager: android.content.SharedPreferences getDefaultSharedPreferences(android.content.Context)>
NETWORK_INFORMATION,D,<android.view.ViewConfiguration: android.view.ViewConfiguration get(android.content.Context)>
NETWORK_INFORMATION,D,<android.view.ViewGroup: android.view.View getChildAt(int)>
NETWORK_INFORMATION,D,<android.appwidget.AppWidgetManager: android.appwidget.AppWidgetManager getInstance(android.content.Context)>
NETWORK_INFORMATION,D,<android.view.ViewConfiguration: int getScaledMaximumFlingVelocity()>
NETWORK_INFORMATION,D,<android.content.res.Resources: android.util.DisplayMetrics getDisplayMetrics()>
NETWORK_INFORMATION,D,<android.view.View: int getPaddingRight()>
NETWORK_INFORMATION,D,<android.view.View$MeasureSpec: int getSize(int)>
NETWORK_INFORMATION,D,<android.view.View: int getBottom()>
NETWORK_INFORMATION,D,<android.content.ContextWrapper: android.content.res.Resources getResources()>
NETWORK_INFORMATION,D,<android.content.Intent: int getIntExtra(java.lang.String,int)>
NETWORK_INFORMATION,D,<android.content.ContextWrapper: java.lang.Object getSystemService(java.lang.String)>
NETWORK_INFORMATION,D,<android.view.LayoutInflater: android.view.View inflate(int,android.view.ViewGroup)>
NETWORK_INFORMATION,D,<android.app.Activity: android.view.LayoutInflater getLayoutInflater()>
NETWORK_INFORMATION,D,<android.view.View: int getPaddingTop()>
NETWORK_INFORMATION,D,<java.lang.Class: java.lang.reflect.Field getField(java.lang.String)>
NETWORK_INFORMATION,D,<android.app.PendingIntent: android.app.PendingIntent getActivity(android.content.Context,int,android.content.Intent,int)>
NETWORK_INFORMATION,D,<android.view.View: int getOverScrollMode()>
NETWORK_INFORMATION,D,<android.app.Activity: java.lang.Object getSystemService(java.lang.String)>
NETWORK_INFORMATION,D,<android.support.v4.view.ViewPager: android.view.ViewGroup$LayoutParams generateDefaultLayoutParams()>
NETWORK_INFORMATION,D,<android.view.MotionEvent: float getX()>
NETWORK_INFORMATION,D,<android.os.PowerManager: android.os.PowerManager$WakeLock newWakeLock(int,java.lang.String)>
NETWORK_INFORMATION,D,<android.content.Intent: long getLongExtra(java.lang.String,long)>
NETWORK_INFORMATION,D,<android.view.KeyEvent: int getKeyCode()>
NETWORK_INFORMATION,D,<android.content.Context: java.lang.String getString(int)>
NETWORK_INFORMATION,D,<android.content.ContextWrapper: java.lang.String getPackageName()>
NETWORK_INFORMATION,D,<android.database.DatabaseUtils: java.lang.String getCollationKey(java.lang.String)>
NETWORK_INFORMATION,D,<android.text.SpannableStringBuilder: java.lang.String toString()>
