categoty,analysis,method
CALENDAR_INFORMATION,S,<java.util.Calendar: java.util.Date getTime()>
CALENDAR_INFORMATION,S,<java.util.Calendar: int getFirstDayOfWeek()>
CALENDAR_INFORMATION,S,<java.util.Calendar: java.util.Calendar getInstance(java.util.Locale)>
CALENDAR_INFORMATION,S,<java.util.Calendar: java.util.Calendar getInstance()>
CALENDAR_INFORMATION,S,<java.util.Calendar: java.util.Calendar getInstance(java.util.TimeZone)>
CALENDAR_INFORMATION,S,<java.util.Calendar: java.util.TimeZone getTimeZone()>
CALENDAR_INFORMATION,S,<java.util.Calendar: int get(int)>
LOCATION_INFORMATION,S,<android.location.Location: double getLatitude()>
LOCATION_INFORMATION,S,<android.location.LocationManager: android.location.Location getLastKnownLocation(java.lang.String)>
LOCATION_INFORMATION,S,<android.location.Location: double getLongitude()>
LOCATION_INFORMATION,S,<android.location.LocationManager: boolean isProviderEnabled(java.lang.String)>
NETWORK_INFORMATION,S,<android.view.View: int getWidth()>
NETWORK_INFORMATION,S,<java.io.InputStream: long skip(long)>
NETWORK_INFORMATION,S,<android.database.sqlite.SQLiteOpenHelper: android.database.sqlite.SQLiteDatabase getWritableDatabase()>
NETWORK_INFORMATION,S,<android.util.SparseArray: android.util.SparseArray clone()>
NETWORK_INFORMATION,S,<java.io.ByteArrayOutputStream: byte[] toByteArray()>
NETWORK_INFORMATION,S,<android.util.SparseBooleanArray: android.util.SparseBooleanArray clone()>
NETWORK_INFORMATION,S,<java.text.DateFormatSymbols: java.lang.String[] getShortWeekdays()>
NETWORK_INFORMATION,S,<android.net.wifi.WifiManager: android.net.wifi.WifiInfo getConnectionInfo()>
NETWORK_INFORMATION,S,<android.app.ActivityManager: java.util.List getRunningTasks(int)>
NETWORK_INFORMATION,S,<javax.xml.parsers.DocumentBuilder: org.w3c.dom.Document parse(java.io.InputStream)>
NETWORK_INFORMATION,S,<java.util.Date: java.lang.String toString()>
NETWORK_INFORMATION,S,<java.net.InetAddress: java.lang.String getHostName()>
NETWORK_INFORMATION,S,<android.app.Notification: android.app.Notification clone()>
NETWORK_INFORMATION,S,<java.lang.Integer: long longValue()>
NETWORK_INFORMATION,S,<java.io.Reader: int read(char[])>
NETWORK_INFORMATION,S,<java.lang.Object: java.lang.Object clone()>
NETWORK_INFORMATION,S,<java.lang.Short: short shortValue()>
NETWORK_INFORMATION,S,<java.lang.Byte: byte byteValue()>
NETWORK_INFORMATION,S,<java.lang.Class: java.lang.reflect.Method getMethod(java.lang.String,java.lang.Class[])>
NETWORK_INFORMATION,S,<android.widget.RemoteViews: android.widget.RemoteViews clone()>
NETWORK_INFORMATION,S,<android.content.ComponentName: java.lang.String getShortClassName()>
NETWORK_INFORMATION,S,<java.math.BigDecimal: double doubleValue()>
NETWORK_INFORMATION,S,<java.util.Locale: java.util.Locale getDefault()>
NETWORK_INFORMATION,S,<java.security.MessageDigest: java.security.MessageDigest getInstance(java.lang.String)>
NETWORK_INFORMATION,S,<java.lang.String: byte[] getBytes()>
NETWORK_INFORMATION,S,<android.view.View: int getId()>
NETWORK_INFORMATION,S,<java.util.ResourceBundle: java.util.ResourceBundle getBundle(java.lang.String)>
NETWORK_INFORMATION,S,<android.view.animation.Transformation: android.graphics.Matrix getMatrix()>
NETWORK_INFORMATION,S,<android.app.Activity: android.view.WindowManager getWindowManager()>
NETWORK_INFORMATION,S,<android.view.animation.Animation: android.view.animation.Animation clone()>
NETWORK_INFORMATION,S,<android.view.View: int getHeight()>
NETWORK_INFORMATION,S,<java.text.NumberFormat: java.text.NumberFormat getInstance(java.util.Locale)>
NETWORK_INFORMATION,S,<android.view.View: int getRight()>
NETWORK_INFORMATION,S,<android.database.sqlite.SQLiteDatabase: android.database.Cursor rawQuery(java.lang.String,java.lang.String[])>
NETWORK_INFORMATION,S,<android.net.wifi.WifiInfo: java.lang.String getMacAddress()>
NETWORK_INFORMATION,S,<java.text.DecimalFormat: int getGroupingSize()>
NETWORK_INFORMATION,S,<android.view.View: android.view.ViewGroup$LayoutParams getLayoutParams()>
NETWORK_INFORMATION,S,<java.io.ObjectInputStream: byte readByte()>
NETWORK_INFORMATION,S,<java.lang.System: java.util.Properties getProperties()>
NETWORK_INFORMATION,S,<android.view.Display: int getWidth()>
NETWORK_INFORMATION,S,<java.util.Hashtable: java.lang.Object clone()>
NETWORK_INFORMATION,S,<java.lang.String: java.lang.String trim()>
NETWORK_INFORMATION,S,<android.widget.RemoteViews: int getLayoutId()>
NETWORK_INFORMATION,S,<java.lang.Number: short shortValue()>
NETWORK_INFORMATION,S,<android.view.MotionEvent: int getAction()>
NETWORK_INFORMATION,S,<java.io.ObjectInputStream: long readLong()>
NETWORK_INFORMATION,S,<org.apache.http.impl.client.AbstractHttpClient: org.apache.http.params.HttpParams getParams()>
NETWORK_INFORMATION,S,<java.io.ObjectInputStream: java.lang.String readUTF()>
NETWORK_INFORMATION,S,<android.content.Intent: java.lang.String getAction()>
NETWORK_INFORMATION,S,<java.text.SimpleDateFormat: java.util.Date parse(java.lang.String,java.text.ParsePosition)>
NETWORK_INFORMATION,S,<android.view.MotionEvent: float getY()>
NETWORK_INFORMATION,S,<android.view.ViewGroup: int getChildCount()>
NETWORK_INFORMATION,S,<android.net.NetworkInfo: java.lang.String getExtraInfo()>
NETWORK_INFORMATION,S,<java.lang.Long: long longValue()>
NETWORK_INFORMATION,S,<java.net.Socket: java.io.InputStream getInputStream()>
NETWORK_INFORMATION,S,<java.lang.Double: double doubleValue()>
NETWORK_INFORMATION,S,<java.lang.Float: float floatValue()>
NETWORK_INFORMATION,S,<java.lang.Class: java.lang.Object newInstance()>
NETWORK_INFORMATION,S,<android.content.ContextWrapper: android.content.Context getApplicationContext()>
NETWORK_INFORMATION,S,<java.lang.Throwable: java.lang.String getMessage()>
NETWORK_INFORMATION,S,<android.widget.AdapterView: int getCount()>
NETWORK_INFORMATION,S,<java.io.ObjectInputStream: short readShort()>
NETWORK_INFORMATION,S,<java.lang.Thread: java.lang.Thread$UncaughtExceptionHandler getDefaultUncaughtExceptionHandler()>
NETWORK_INFORMATION,S,<java.util.Hashtable: java.util.Enumeration keys()>
NETWORK_INFORMATION,S,<java.math.BigInteger: byte[] toByteArray()>
NETWORK_INFORMATION,S,<android.content.ContextWrapper: android.content.pm.PackageManager getPackageManager()>
NETWORK_INFORMATION,S,<android.app.ActivityManager: java.util.List getRunningAppProcesses()>
NETWORK_INFORMATION,S,<android.os.Environment: java.lang.String getExternalStorageState()>
NETWORK_INFORMATION,S,<java.lang.StringBuffer: java.lang.String toString()>
NETWORK_INFORMATION,S,<android.content.ComponentName: android.content.ComponentName clone()>
NETWORK_INFORMATION,S,<android.content.res.Resources: int getIdentifier(java.lang.String,java.lang.String,java.lang.String)>
NETWORK_INFORMATION,S,<java.util.HashMap: java.lang.Object get(java.lang.Object)>
NETWORK_INFORMATION,S,<android.view.LayoutInflater: android.view.View inflate(int,android.view.ViewGroup)>
NETWORK_INFORMATION,S,<java.lang.Throwable: java.lang.Throwable getCause()>
NETWORK_INFORMATION,S,<java.text.DateFormatSymbols: java.lang.String[] getShortMonths()>
NETWORK_INFORMATION,S,<android.app.PendingIntent: android.app.PendingIntent getActivity(android.content.Context,int,android.content.Intent,int)>
NETWORK_INFORMATION,S,<java.lang.Integer: short shortValue()>
NETWORK_INFORMATION,S,<java.text.DecimalFormatSymbols: char getMinusSign()>
NETWORK_INFORMATION,S,<java.text.DecimalFormatSymbols: char getZeroDigit()>
NETWORK_INFORMATION,S,<android.os.Bundle: java.lang.Object get(java.lang.String)>
NETWORK_INFORMATION,S,<android.widget.TabHost: android.widget.FrameLayout getTabContentView()>
NETWORK_INFORMATION,S,<java.lang.String: char[] toCharArray()>
NETWORK_INFORMATION,S,<android.content.res.Resources: android.content.res.Configuration getConfiguration()>
NETWORK_INFORMATION,S,<android.content.ComponentName: java.lang.String getPackageName()>
NETWORK_INFORMATION,S,<java.util.Properties: java.lang.String getProperty(java.lang.String,java.lang.String)>
NETWORK_INFORMATION,S,<android.webkit.WebView: android.webkit.WebSettings getSettings()>
NETWORK_INFORMATION,S,<java.util.EventObject: java.lang.Object getSource()>
NETWORK_INFORMATION,S,<java.lang.Class: java.net.URL getResource(java.lang.String)>
NETWORK_INFORMATION,S,<java.util.Stack: java.lang.Object pop()>
NETWORK_INFORMATION,S,<android.content.ContextWrapper: android.content.SharedPreferences getSharedPreferences(java.lang.String,int)>
NETWORK_INFORMATION,S,<java.math.BigDecimal: float floatValue()>
NETWORK_INFORMATION,S,<android.content.ContentResolver: android.database.Cursor query(android.net.Uri,java.lang.String[],java.lang.String,java.lang.String[],java.lang.String)>
NETWORK_INFORMATION,S,<java.net.InetAddress: java.net.InetAddress getLocalHost()>
NETWORK_INFORMATION,S,<android.net.Uri: android.net.Uri parse(java.lang.String)>
NETWORK_INFORMATION,S,<java.util.TimeZone: java.util.TimeZone getDefault()>
NETWORK_INFORMATION,S,<java.lang.Double: long longValue()>
NETWORK_INFORMATION,S,<java.util.Date: long getTime()>
NETWORK_INFORMATION,S,<java.lang.String: java.lang.String toString()>
NETWORK_INFORMATION,S,<android.view.ContextThemeWrapper: android.content.res.Resources getResources()>
NETWORK_INFORMATION,S,<java.lang.Class: java.lang.String getSimpleName()>
NETWORK_INFORMATION,S,<java.util.StringTokenizer: java.lang.String nextToken()>
NETWORK_INFORMATION,S,<java.util.Vector: java.util.Enumeration elements()>
NETWORK_INFORMATION,S,<android.view.View: int getLeft()>
NETWORK_INFORMATION,S,<java.text.DateFormat: java.lang.String format(java.util.Date)>
NETWORK_INFORMATION,S,<java.text.DateFormatSymbols: java.lang.String[] getWeekdays()>
NETWORK_INFORMATION,S,<android.content.ComponentName: java.lang.String getClassName()>
NETWORK_INFORMATION,S,<java.util.TimeZone: java.lang.String getID()>
NETWORK_INFORMATION,S,<android.app.AlertDialog$Builder: android.app.AlertDialog show()>
NETWORK_INFORMATION,S,<android.telephony.TelephonyManager: java.lang.String getDeviceId()>
NETWORK_INFORMATION,S,<android.widget.Toast: android.widget.Toast makeText(android.content.Context,java.lang.CharSequence,int)>
NETWORK_INFORMATION,S,<java.math.BigDecimal: java.math.BigDecimal abs()>
NETWORK_INFORMATION,S,<javax.xml.parsers.DocumentBuilderFactory: javax.xml.parsers.DocumentBuilderFactory newInstance()>
NETWORK_INFORMATION,S,<java.text.NumberFormat: java.lang.String format(double)>
NETWORK_INFORMATION,S,<java.util.ArrayList: java.lang.Object get(int)>
NETWORK_INFORMATION,S,<java.lang.Number: byte byteValue()>
NETWORK_INFORMATION,S,<java.io.StringWriter: java.lang.String toString()>
NETWORK_INFORMATION,S,<java.lang.Throwable: java.lang.String getLocalizedMessage()>
NETWORK_INFORMATION,S,<android.os.Bundle: java.lang.String getString(java.lang.String)>
NETWORK_INFORMATION,S,<android.app.Activity: android.content.Intent getIntent()>
NETWORK_INFORMATION,S,<java.text.DateFormatSymbols: java.lang.String[] getAmPmStrings()>
NETWORK_INFORMATION,S,<android.view.LayoutInflater: android.view.View inflate(int,android.view.ViewGroup,boolean)>
NETWORK_INFORMATION,S,<android.net.ConnectivityManager: android.net.NetworkInfo getActiveNetworkInfo()>
NETWORK_INFORMATION,S,<java.util.Hashtable: java.util.Enumeration elements()>
NETWORK_INFORMATION,S,<java.io.Writer: java.io.Writer append(java.lang.CharSequence,int,int)>
NETWORK_INFORMATION,S,<android.content.Intent: android.os.Bundle getExtras()>
NETWORK_INFORMATION,S,<java.security.MessageDigest: byte[] digest()>
NETWORK_INFORMATION,S,<java.text.DecimalFormatSymbols: char getDecimalSeparator()>
NETWORK_INFORMATION,S,<android.content.Intent: java.lang.String getDataString()>
NETWORK_INFORMATION,S,<android.graphics.Bitmap: android.graphics.Bitmap createScaledBitmap(android.graphics.Bitmap,int,int,boolean)>
NETWORK_INFORMATION,S,<android.telephony.TelephonyManager: java.lang.String getSubscriberId()>
NETWORK_INFORMATION,S,<android.app.AlertDialog$Builder: android.app.AlertDialog create()>
NETWORK_INFORMATION,S,<java.util.Hashtable: java.lang.Object get(java.lang.Object)>
NETWORK_INFORMATION,S,<java.text.DateFormatSymbols: java.lang.String[] getMonths()>
NETWORK_INFORMATION,S,<java.text.DateFormatSymbols: java.lang.String[] getEras()>
NETWORK_INFORMATION,S,<android.view.View: android.view.ViewParent getParent()>
NETWORK_INFORMATION,S,<android.content.res.Resources: android.graphics.drawable.Drawable getDrawable(int)>
NETWORK_INFORMATION,S,<java.text.DecimalFormatSymbols: char getGroupingSeparator()>
NETWORK_INFORMATION,S,<android.webkit.WebHistoryItem: android.webkit.WebHistoryItem clone()>
NETWORK_INFORMATION,S,<java.lang.System: java.lang.String getProperty(java.lang.String)>
NETWORK_INFORMATION,S,<java.lang.String: byte[] getBytes(java.lang.String)>
NETWORK_INFORMATION,S,<android.database.sqlite.SQLiteDatabase: android.database.Cursor query(java.lang.String,java.lang.String[],java.lang.String,java.lang.String[],java.lang.String,java.lang.String,java.lang.String)>
NETWORK_INFORMATION,S,<java.lang.reflect.Array: java.lang.Object newInstance(java.lang.Class,int[])>
NETWORK_INFORMATION,S,<java.util.TimeZone: java.util.TimeZone getTimeZone(java.lang.String)>
NETWORK_INFORMATION,S,<java.util.Properties: java.lang.String getProperty(java.lang.String)>
NETWORK_INFORMATION,S,<java.lang.Class: java.lang.reflect.Method getDeclaredMethod(java.lang.String,java.lang.Class[])>
NETWORK_INFORMATION,S,<java.lang.Class: java.lang.String getName()>
NETWORK_INFORMATION,S,<java.util.Vector: java.lang.Object firstElement()>
NETWORK_INFORMATION,S,<java.lang.reflect.Method: java.lang.Class[] getParameterTypes()>
NETWORK_INFORMATION,S,<android.os.Environment: java.io.File getExternalStorageDirectory()>
NETWORK_INFORMATION,S,<java.lang.StringBuilder: java.lang.String toString()>
NETWORK_INFORMATION,S,<android.graphics.Bitmap: int getWidth()>
NETWORK_INFORMATION,S,<java.net.Socket: java.io.OutputStream getOutputStream()>
NETWORK_INFORMATION,S,<java.util.Locale: java.lang.String getCountry()>
NETWORK_INFORMATION,S,<android.content.ContentValues: java.lang.Object get(java.lang.String)>
NETWORK_INFORMATION,S,<android.animation.Animator: android.animation.Animator clone()>
NETWORK_INFORMATION,S,<android.widget.EditText: android.text.Editable getText()>
NETWORK_INFORMATION,S,<java.lang.reflect.Method: java.lang.String getName()>
NETWORK_INFORMATION,S,<android.view.ViewGroup: android.view.View getChildAt(int)>
NETWORK_INFORMATION,S,<java.io.File: java.io.File[] listFiles()>
NETWORK_INFORMATION,S,<java.util.Locale: java.lang.String getLanguage()>
NETWORK_INFORMATION,S,<java.text.NumberFormat: java.lang.String format(long)>
NETWORK_INFORMATION,S,<java.util.Properties: java.util.Enumeration propertyNames()>
NETWORK_INFORMATION,S,<java.io.File: java.lang.String toString()>
NETWORK_INFORMATION,S,<java.lang.Class: java.lang.reflect.Method[] getMethods()>
NETWORK_INFORMATION,S,<android.app.Activity: java.lang.Object getSystemService(java.lang.String)>
NETWORK_INFORMATION,S,<android.content.ContextWrapper: java.io.File getFileStreamPath(java.lang.String)>
NETWORK_INFORMATION,S,<android.view.MotionEvent: float getX()>
NETWORK_INFORMATION,S,<java.text.DecimalFormat: java.text.DecimalFormatSymbols getDecimalFormatSymbols()>
NETWORK_INFORMATION,S,<java.text.DateFormat: java.util.Date parse(java.lang.String)>
NETWORK_INFORMATION,S,<android.net.NetworkInfo: java.lang.String getTypeName()>
NETWORK_INFORMATION,S,<java.lang.Double: java.lang.String toString()>
NETWORK_INFORMATION,S,<java.net.URLConnection: int getContentLength()>
NETWORK_INFORMATION,S,<java.util.ResourceBundle: java.lang.String getString(java.lang.String)>
NETWORK_INFORMATION,S,<java.util.zip.ZipEntry: java.lang.String getName()>
NETWORK_INFORMATION,S,<java.util.Stack: java.lang.Object peek()>
NETWORK_INFORMATION,S,<android.webkit.WebBackForwardList: android.webkit.WebBackForwardList clone()>
NETWORK_INFORMATION,S,<android.view.Display: int getHeight()>
NETWORK_INFORMATION,D,<android.content.ContextWrapper: android.content.SharedPreferences getSharedPreferences(java.lang.String,int)>
NETWORK_INFORMATION,D,<java.lang.String: byte[] getBytes(java.lang.String)>
NETWORK_INFORMATION,D,<android.database.sqlite.SQLiteOpenHelper: android.database.sqlite.SQLiteDatabase getWritableDatabase()>
NETWORK_INFORMATION,D,<java.io.ByteArrayOutputStream: byte[] toByteArray()>
NETWORK_INFORMATION,D,<java.lang.String: java.lang.String trim()>
NETWORK_INFORMATION,D,<android.net.wifi.WifiManager: android.net.wifi.WifiInfo getConnectionInfo()>
NETWORK_INFORMATION,D,<java.lang.Class: java.lang.String getSimpleName()>
NETWORK_INFORMATION,D,<android.view.ContextThemeWrapper: android.content.res.Resources getResources()>
NETWORK_INFORMATION,D,<android.app.ActivityManager: java.util.List getRunningTasks(int)>
NETWORK_INFORMATION,D,<java.util.AbstractMap: java.lang.Object get(java.lang.Object)>
NETWORK_INFORMATION,D,<javax.xml.parsers.DocumentBuilder: org.w3c.dom.Document parse(java.io.InputStream)>
NETWORK_INFORMATION,D,<android.content.ComponentName: java.lang.String getClassName()>
NETWORK_INFORMATION,D,<android.os.Environment: java.io.File getExternalStorageDirectory()>
NETWORK_INFORMATION,D,<java.lang.StringBuilder: java.lang.String toString()>
NETWORK_INFORMATION,D,<android.telephony.TelephonyManager: java.lang.String getDeviceId()>
NETWORK_INFORMATION,D,<android.net.NetworkInfo: java.lang.String getExtraInfo()>
NETWORK_INFORMATION,D,<java.util.Locale: java.lang.String getCountry()>
NETWORK_INFORMATION,D,<java.lang.Thread: java.lang.Thread$UncaughtExceptionHandler getDefaultUncaughtExceptionHandler()>
NETWORK_INFORMATION,D,<javax.xml.parsers.DocumentBuilderFactory: javax.xml.parsers.DocumentBuilderFactory newInstance()>
NETWORK_INFORMATION,D,<android.content.ContextWrapper: android.content.pm.PackageManager getPackageManager()>
NETWORK_INFORMATION,D,<java.util.ArrayList: java.lang.Object get(int)>
NETWORK_INFORMATION,D,<android.os.Environment: java.lang.String getExternalStorageState()>
NETWORK_INFORMATION,D,<java.util.Locale: java.lang.String getLanguage()>
NETWORK_INFORMATION,D,<android.os.Bundle: java.lang.String getString(java.lang.String)>
NETWORK_INFORMATION,D,<android.content.ComponentName: java.lang.String getShortClassName()>
NETWORK_INFORMATION,D,<java.util.Locale: java.util.Locale getDefault()>
NETWORK_INFORMATION,D,<android.app.Activity: android.content.Intent getIntent()>
NETWORK_INFORMATION,D,<java.security.MessageDigest: java.security.MessageDigest getInstance(java.lang.String)>
NETWORK_INFORMATION,D,<java.lang.String: byte[] getBytes()>
NETWORK_INFORMATION,D,<android.net.ConnectivityManager: android.net.NetworkInfo getActiveNetworkInfo()>
NETWORK_INFORMATION,D,<android.view.LayoutInflater: android.view.View inflate(int,android.view.ViewGroup,boolean)>
NETWORK_INFORMATION,D,<java.io.File: java.lang.String toString()>
NETWORK_INFORMATION,D,<android.app.Activity: java.lang.Object getSystemService(java.lang.String)>
NETWORK_INFORMATION,D,<android.content.ContextWrapper: java.io.File getFileStreamPath(java.lang.String)>
NETWORK_INFORMATION,D,<android.os.Bundle: java.lang.Object get(java.lang.String)>
NETWORK_INFORMATION,D,<android.content.Intent: android.os.Bundle getExtras()>
NETWORK_INFORMATION,D,<android.net.NetworkInfo: java.lang.String getTypeName()>
NETWORK_INFORMATION,D,<java.security.MessageDigest: byte[] digest()>
NETWORK_INFORMATION,D,<android.widget.TabHost: android.widget.FrameLayout getTabContentView()>
NETWORK_INFORMATION,D,<android.content.ComponentName: java.lang.String getPackageName()>
NETWORK_INFORMATION,D,<android.telephony.TelephonyManager: java.lang.String getSubscriberId()>
NETWORK_INFORMATION,D,<android.net.wifi.WifiInfo: java.lang.String getMacAddress()>
NETWORK_INFORMATION,D,<android.database.sqlite.SQLiteDatabase: android.database.Cursor rawQuery(java.lang.String,java.lang.String[])>
NETWORK_INFORMATION,D,<android.content.ContextWrapper: java.lang.String getPackageName()>
NETWORK_INFORMATION,D,<java.security.Provider: java.lang.Object put(java.lang.Object,java.lang.Object)>
NETWORK_INFORMATION,D,<android.webkit.WebView: android.webkit.WebSettings getSettings()>
NETWORK_INFORMATION,D,<android.content.res.Resources: android.graphics.drawable.Drawable getDrawable(int)>
