categoty,analysis,method
LOCATION_INFORMATION,S,<android.location.Location: float getAccuracy()>
LOCATION_INFORMATION,S,<android.location.Location: double getLatitude()>
LOCATION_INFORMATION,S,<android.location.Location: double getLongitude()>
LOCATION_INFORMATION,S,<android.location.Location: long getTime()>
NETWORK_INFORMATION,S,<java.lang.Class: java.lang.reflect.Field[] getFields()>
NETWORK_INFORMATION,S,<android.content.Intent: java.lang.String getStringExtra(java.lang.String)>
NETWORK_INFORMATION,S,<org.json.JSONArray: java.lang.String getString(int)>
NETWORK_INFORMATION,S,<android.database.sqlite.SQLiteOpenHelper: android.database.sqlite.SQLiteDatabase getWritableDatabase()>
NETWORK_INFORMATION,S,<android.util.SparseArray: android.util.SparseArray clone()>
NETWORK_INFORMATION,S,<java.util.concurrent.atomic.AtomicInteger: int get()>
NETWORK_INFORMATION,S,<java.util.HashMap: java.util.Collection values()>
NETWORK_INFORMATION,S,<android.util.SparseBooleanArray: android.util.SparseBooleanArray clone()>
NETWORK_INFORMATION,S,<java.util.LinkedList: java.lang.Object getFirst()>
NETWORK_INFORMATION,S,<android.webkit.WebSettings: java.lang.String getUserAgentString()>
NETWORK_INFORMATION,S,<android.webkit.ConsoleMessage: java.lang.String message()>
NETWORK_INFORMATION,S,<org.json.JSONArray: org.json.JSONArray put(java.lang.Object)>
NETWORK_INFORMATION,S,<android.net.Uri$Builder: android.net.Uri$Builder encodedQuery(java.lang.String)>
NETWORK_INFORMATION,S,<java.lang.Object: java.lang.Object clone()>
NETWORK_INFORMATION,S,<android.graphics.Paint: android.graphics.Typeface getTypeface()>
NETWORK_INFORMATION,S,<java.lang.System: java.lang.String getProperty(java.lang.String,java.lang.String)>
NETWORK_INFORMATION,S,<java.nio.Buffer: java.nio.Buffer flip()>
NETWORK_INFORMATION,S,<java.io.File: java.lang.String getName()>
NETWORK_INFORMATION,S,<android.database.sqlite.SQLiteOpenHelper: android.database.sqlite.SQLiteDatabase getReadableDatabase()>
NETWORK_INFORMATION,S,<android.database.sqlite.SQLiteDatabase: android.database.Cursor query(java.lang.String,java.lang.String[],java.lang.String,java.lang.String[],java.lang.String,java.lang.String,java.lang.String,java.lang.String)>
NETWORK_INFORMATION,S,<java.util.Locale: java.util.Locale getDefault()>
NETWORK_INFORMATION,S,<java.util.Random: float nextFloat()>
NETWORK_INFORMATION,S,<java.security.MessageDigest: java.security.MessageDigest getInstance(java.lang.String)>
NETWORK_INFORMATION,S,<java.lang.String: byte[] getBytes()>
NETWORK_INFORMATION,S,<android.content.Intent: android.os.Bundle getBundleExtra(java.lang.String)>
NETWORK_INFORMATION,S,<android.net.Uri: android.net.Uri withAppendedPath(android.net.Uri,java.lang.String)>
NETWORK_INFORMATION,S,<android.app.Activity: android.view.WindowManager getWindowManager()>
NETWORK_INFORMATION,S,<android.view.animation.Animation: android.view.animation.Animation clone()>
NETWORK_INFORMATION,S,<java.util.HashMap: java.util.Set entrySet()>
NETWORK_INFORMATION,S,<android.view.View: android.content.Context getContext()>
NETWORK_INFORMATION,S,<java.util.UUID: long getMostSignificantBits()>
NETWORK_INFORMATION,S,<android.database.sqlite.SQLiteDatabase: android.database.Cursor rawQuery(java.lang.String,java.lang.String[])>
NETWORK_INFORMATION,S,<android.os.Bundle: java.io.Serializable getSerializable(java.lang.String)>
NETWORK_INFORMATION,S,<org.json.JSONObject: java.util.Iterator keys()>
NETWORK_INFORMATION,S,<java.lang.Integer: java.lang.String toString()>
NETWORK_INFORMATION,S,<java.lang.String: java.lang.String trim()>
NETWORK_INFORMATION,S,<android.media.AudioManager: int getMode()>
NETWORK_INFORMATION,S,<java.lang.ref.Reference: java.lang.Object get()>
NETWORK_INFORMATION,S,<java.lang.Runtime: java.lang.Runtime getRuntime()>
NETWORK_INFORMATION,S,<android.view.MotionEvent: int getAction()>
NETWORK_INFORMATION,S,<java.util.LinkedList: java.lang.Object removeLast()>
NETWORK_INFORMATION,S,<java.net.HttpURLConnection: int getResponseCode()>
NETWORK_INFORMATION,S,<android.provider.Settings$Secure: java.lang.String getString(android.content.ContentResolver,java.lang.String)>
NETWORK_INFORMATION,S,<android.content.Intent: java.lang.String getAction()>
NETWORK_INFORMATION,S,<android.view.MotionEvent: float getY()>
NETWORK_INFORMATION,S,<java.lang.Long: long longValue()>
NETWORK_INFORMATION,S,<android.view.ViewGroup: int getChildCount()>
NETWORK_INFORMATION,S,<android.content.ContextWrapper: android.content.Context getApplicationContext()>
NETWORK_INFORMATION,S,<java.lang.Class: java.lang.Object newInstance()>
NETWORK_INFORMATION,S,<java.lang.Throwable: java.lang.String getMessage()>
NETWORK_INFORMATION,S,<java.math.BigInteger: byte[] toByteArray()>
NETWORK_INFORMATION,S,<javax.crypto.Cipher: javax.crypto.Cipher getInstance(java.lang.String)>
NETWORK_INFORMATION,S,<android.preference.PreferenceManager: android.content.SharedPreferences getDefaultSharedPreferences(android.content.Context)>
NETWORK_INFORMATION,S,<android.content.res.Resources: android.util.DisplayMetrics getDisplayMetrics()>
NETWORK_INFORMATION,S,<java.lang.StringBuffer: java.lang.String toString()>
NETWORK_INFORMATION,S,<android.content.ComponentName: android.content.ComponentName clone()>
NETWORK_INFORMATION,S,<android.view.View$MeasureSpec: int getSize(int)>
NETWORK_INFORMATION,S,<android.graphics.Bitmap: int getRowBytes()>
NETWORK_INFORMATION,S,<java.lang.Class: java.lang.String getCanonicalName()>
NETWORK_INFORMATION,S,<java.util.HashMap: java.lang.Object get(java.lang.Object)>
NETWORK_INFORMATION,S,<java.lang.Class: java.lang.reflect.Field getField(java.lang.String)>
NETWORK_INFORMATION,S,<java.util.ArrayList: java.util.Iterator iterator()>
NETWORK_INFORMATION,S,<android.graphics.Bitmap: android.graphics.Bitmap createBitmap(int,int,android.graphics.Bitmap$Config)>
NETWORK_INFORMATION,S,<java.util.AbstractSequentialList: java.util.Iterator iterator()>
NETWORK_INFORMATION,S,<java.util.UUID: long getLeastSignificantBits()>
NETWORK_INFORMATION,S,<java.util.concurrent.CountDownLatch: long getCount()>
NETWORK_INFORMATION,S,<java.util.LinkedList: java.lang.Object get(int)>
NETWORK_INFORMATION,S,<android.webkit.WebView: android.webkit.WebSettings getSettings()>
NETWORK_INFORMATION,S,<android.os.Looper: android.os.Looper getMainLooper()>
NETWORK_INFORMATION,S,<android.content.ContextWrapper: android.content.res.AssetManager getAssets()>
NETWORK_INFORMATION,S,<org.json.JSONObject: int getInt(java.lang.String)>
NETWORK_INFORMATION,S,<android.content.ContentResolver: android.database.Cursor query(android.net.Uri,java.lang.String[],java.lang.String,java.lang.String[],java.lang.String)>
NETWORK_INFORMATION,S,<android.net.Uri: android.net.Uri parse(java.lang.String)>
NETWORK_INFORMATION,S,<java.util.Date: long getTime()>
NETWORK_INFORMATION,S,<android.view.ContextThemeWrapper: android.content.res.Resources getResources()>
NETWORK_INFORMATION,S,<java.lang.Class: java.lang.String getSimpleName()>
NETWORK_INFORMATION,S,<java.text.DateFormat: java.lang.String format(java.util.Date)>
NETWORK_INFORMATION,S,<android.net.Uri$Builder: android.net.Uri build()>
NETWORK_INFORMATION,S,<android.view.View$MeasureSpec: int getMode(int)>
NETWORK_INFORMATION,S,<android.content.ContextWrapper: android.content.ContentResolver getContentResolver()>
NETWORK_INFORMATION,S,<android.net.NetworkInfo: int getType()>
NETWORK_INFORMATION,S,<android.telephony.TelephonyManager: java.lang.String getNetworkOperator()>
NETWORK_INFORMATION,S,<java.lang.reflect.Field: java.lang.Object get(java.lang.Object)>
NETWORK_INFORMATION,S,<java.text.NumberFormat: java.lang.String format(double)>
NETWORK_INFORMATION,S,<java.util.ArrayList: java.lang.Object get(int)>
NETWORK_INFORMATION,S,<android.view.View: android.view.View getRootView()>
NETWORK_INFORMATION,S,<org.json.JSONObject: java.lang.String getString(java.lang.String)>
NETWORK_INFORMATION,S,<android.os.Bundle: java.lang.String getString(java.lang.String)>
NETWORK_INFORMATION,S,<java.net.URLConnection: java.lang.String getHeaderField(java.lang.String)>
NETWORK_INFORMATION,S,<android.app.Activity: android.content.Intent getIntent()>
NETWORK_INFORMATION,S,<java.util.Random: long nextLong()>
NETWORK_INFORMATION,S,<android.net.ConnectivityManager: android.net.NetworkInfo getActiveNetworkInfo()>
NETWORK_INFORMATION,S,<javax.crypto.Cipher: byte[] getIV()>
NETWORK_INFORMATION,S,<java.io.Writer: java.io.Writer append(java.lang.CharSequence,int,int)>
NETWORK_INFORMATION,S,<android.content.Intent: android.os.Bundle getExtras()>
NETWORK_INFORMATION,S,<android.widget.VideoView: int getCurrentPosition()>
NETWORK_INFORMATION,S,<android.webkit.ConsoleMessage: android.webkit.ConsoleMessage$MessageLevel messageLevel()>
NETWORK_INFORMATION,S,<java.security.MessageDigest: byte[] digest()>
NETWORK_INFORMATION,S,<java.net.URLConnection: java.io.InputStream getInputStream()>
NETWORK_INFORMATION,S,<android.app.AlertDialog$Builder: android.app.AlertDialog create()>
NETWORK_INFORMATION,S,<android.widget.VideoView: int getDuration()>
NETWORK_INFORMATION,S,<java.lang.reflect.Field: java.lang.Class getType()>
NETWORK_INFORMATION,S,<android.view.View: android.view.ViewParent getParent()>
NETWORK_INFORMATION,S,<android.webkit.WebHistoryItem: android.webkit.WebHistoryItem clone()>
NETWORK_INFORMATION,S,<java.lang.String: byte[] getBytes(java.lang.String)>
NETWORK_INFORMATION,S,<android.graphics.Bitmap: int getHeight()>
NETWORK_INFORMATION,S,<android.graphics.Bitmap: int getDensity()>
NETWORK_INFORMATION,S,<android.database.sqlite.SQLiteDatabase: android.database.Cursor query(java.lang.String,java.lang.String[],java.lang.String,java.lang.String[],java.lang.String,java.lang.String,java.lang.String)>
NETWORK_INFORMATION,S,<javax.crypto.Cipher: byte[] doFinal(byte[])>
NETWORK_INFORMATION,S,<java.lang.Class: java.lang.String getName()>
NETWORK_INFORMATION,S,<java.lang.reflect.Method: java.lang.Class[] getParameterTypes()>
NETWORK_INFORMATION,S,<android.os.Environment: java.io.File getExternalStorageDirectory()>
NETWORK_INFORMATION,S,<java.lang.StringBuilder: java.lang.String toString()>
NETWORK_INFORMATION,S,<android.graphics.Paint: android.graphics.Paint$FontMetrics getFontMetrics()>
NETWORK_INFORMATION,S,<java.util.Locale: java.lang.String getCountry()>
NETWORK_INFORMATION,S,<android.animation.Animator: android.animation.Animator clone()>
NETWORK_INFORMATION,S,<android.widget.EditText: android.text.Editable getText()>
NETWORK_INFORMATION,S,<java.lang.reflect.Method: java.lang.String getName()>
NETWORK_INFORMATION,S,<android.graphics.Bitmap: android.graphics.Bitmap$Config getConfig()>
NETWORK_INFORMATION,S,<java.util.Locale: java.lang.String getLanguage()>
NETWORK_INFORMATION,S,<android.media.AudioManager: int getRingerMode()>
NETWORK_INFORMATION,S,<java.io.File: java.lang.String getAbsolutePath()>
NETWORK_INFORMATION,S,<java.util.concurrent.TimeUnit: long convert(long,java.util.concurrent.TimeUnit)>
NETWORK_INFORMATION,S,<java.util.HashMap: java.util.Set keySet()>
NETWORK_INFORMATION,S,<java.util.LinkedList: java.lang.Object removeFirst()>
NETWORK_INFORMATION,S,<java.lang.Class: java.lang.reflect.Method[] getMethods()>
NETWORK_INFORMATION,S,<android.app.Activity: java.lang.Object getSystemService(java.lang.String)>
NETWORK_INFORMATION,S,<android.view.MotionEvent: float getX()>
NETWORK_INFORMATION,S,<android.media.AudioManager: boolean isMusicActive()>
NETWORK_INFORMATION,S,<android.webkit.ConsoleMessage: java.lang.String sourceId()>
NETWORK_INFORMATION,S,<android.app.Activity: android.view.Window getWindow()>
NETWORK_INFORMATION,S,<android.view.SurfaceView: android.view.SurfaceHolder getHolder()>
NETWORK_INFORMATION,S,<android.webkit.WebBackForwardList: android.webkit.WebBackForwardList clone()>
NETWORK_INFORMATION,S,<org.json.JSONObject: org.json.JSONArray getJSONArray(java.lang.String)>
NETWORK_INFORMATION,S,<org.json.JSONArray: org.json.JSONObject getJSONObject(int)>
NETWORK_INFORMATION,S,<java.lang.reflect.Field: java.lang.annotation.Annotation getAnnotation(java.lang.Class)>
NETWORK_INFORMATION,D,<android.content.ContextWrapper: android.content.res.AssetManager getAssets()>
NETWORK_INFORMATION,D,<android.content.res.Resources: android.util.DisplayMetrics getDisplayMetrics()>
NETWORK_INFORMATION,D,<android.content.ContextWrapper: android.content.res.Resources getResources()>
NETWORK_INFORMATION,D,<android.view.ContextThemeWrapper: android.content.res.Resources getResources()>
NETWORK_INFORMATION,D,<java.util.HashMap: java.lang.Object get(java.lang.Object)>
NETWORK_INFORMATION,D,<java.io.File: java.lang.String getAbsolutePath()>
NETWORK_INFORMATION,D,<java.util.HashMap: java.util.Set keySet()>
NETWORK_INFORMATION,D,<android.os.Environment: java.io.File getExternalStorageDirectory()>
NETWORK_INFORMATION,D,<java.lang.StringBuilder: java.lang.String toString()>
NETWORK_INFORMATION,D,<android.app.Activity: java.lang.Object getSystemService(java.lang.String)>
NETWORK_INFORMATION,D,<java.util.HashMap: java.util.Set entrySet()>
NETWORK_INFORMATION,D,<android.graphics.Bitmap: android.graphics.Bitmap createBitmap(int,int,android.graphics.Bitmap$Config)>
NETWORK_INFORMATION,D,<android.app.AlertDialog$Builder: android.app.AlertDialog create()>
NETWORK_INFORMATION,D,<java.security.Provider: java.lang.Object put(java.lang.Object,java.lang.Object)>
