categoty,analysis,method
LOCATION_INFORMATION,S,<android.location.Location: float getAccuracy()>
LOCATION_INFORMATION,S,<android.location.Location: double getLatitude()>
LOCATION_INFORMATION,S,<android.location.LocationManager: android.location.Location getLastKnownLocation(java.lang.String)>
LOCATION_INFORMATION,S,<android.location.LocationManager: java.lang.String getBestProvider(android.location.Criteria,boolean)>
LOCATION_INFORMATION,S,<android.location.Location: double getLongitude()>
LOCATION_INFORMATION,S,<android.location.Location: long getTime()>
NETWORK_INFORMATION,S,<java.nio.Buffer: java.nio.Buffer clear()>
NETWORK_INFORMATION,S,<java.lang.Class: java.lang.reflect.Field[] getFields()>
NETWORK_INFORMATION,S,<org.json.JSONArray: java.lang.String getString(int)>
NETWORK_INFORMATION,S,<android.util.SparseArray: android.util.SparseArray clone()>
NETWORK_INFORMATION,S,<java.io.ByteArrayOutputStream: byte[] toByteArray()>
NETWORK_INFORMATION,S,<android.util.SparseBooleanArray: android.util.SparseBooleanArray clone()>
NETWORK_INFORMATION,S,<android.view.KeyEvent: int getAction()>
NETWORK_INFORMATION,S,<javax.xml.parsers.DocumentBuilder: org.w3c.dom.Document parse(java.io.InputStream)>
NETWORK_INFORMATION,S,<android.webkit.WebSettings: java.lang.String getUserAgentString()>
NETWORK_INFORMATION,S,<java.io.File: java.lang.String[] list()>
NETWORK_INFORMATION,S,<android.hardware.SensorManager: java.util.List getSensorList(int)>
NETWORK_INFORMATION,S,<android.webkit.ConsoleMessage: java.lang.String message()>
NETWORK_INFORMATION,S,<org.json.JSONArray: org.json.JSONArray put(java.lang.Object)>
NETWORK_INFORMATION,S,<android.net.Uri$Builder: android.net.Uri$Builder encodedQuery(java.lang.String)>
NETWORK_INFORMATION,S,<java.lang.Object: java.lang.Object clone()>
NETWORK_INFORMATION,S,<java.io.FileInputStream: java.io.FileDescriptor getFD()>
NETWORK_INFORMATION,S,<java.lang.Class: java.lang.reflect.Method getMethod(java.lang.String,java.lang.Class[])>
NETWORK_INFORMATION,S,<java.nio.Buffer: java.nio.Buffer rewind()>
NETWORK_INFORMATION,S,<java.lang.System: java.lang.String getProperty(java.lang.String,java.lang.String)>
NETWORK_INFORMATION,S,<java.nio.Buffer: java.nio.Buffer flip()>
NETWORK_INFORMATION,S,<java.io.File: java.lang.String getName()>
NETWORK_INFORMATION,S,<java.util.Locale: java.util.Locale getDefault()>
NETWORK_INFORMATION,S,<java.util.Random: float nextFloat()>
NETWORK_INFORMATION,S,<java.security.MessageDigest: java.security.MessageDigest getInstance(java.lang.String)>
NETWORK_INFORMATION,S,<java.lang.String: byte[] getBytes()>
NETWORK_INFORMATION,S,<android.content.Intent: android.os.Bundle getBundleExtra(java.lang.String)>
NETWORK_INFORMATION,S,<android.app.Activity: android.view.WindowManager getWindowManager()>
NETWORK_INFORMATION,S,<android.net.Uri: android.net.Uri withAppendedPath(android.net.Uri,java.lang.String)>
NETWORK_INFORMATION,S,<android.view.animation.Animation: android.view.animation.Animation clone()>
NETWORK_INFORMATION,S,<java.util.HashMap: java.util.Set entrySet()>
NETWORK_INFORMATION,S,<android.view.View: android.content.Context getContext()>
NETWORK_INFORMATION,S,<java.util.UUID: long getMostSignificantBits()>
NETWORK_INFORMATION,S,<android.os.Bundle: java.io.Serializable getSerializable(java.lang.String)>
NETWORK_INFORMATION,S,<android.view.View: android.content.res.Resources getResources()>
NETWORK_INFORMATION,S,<android.view.Window: android.view.WindowManager$LayoutParams getAttributes()>
NETWORK_INFORMATION,S,<org.json.JSONObject: java.util.Iterator keys()>
NETWORK_INFORMATION,S,<java.lang.String: java.lang.String trim()>
NETWORK_INFORMATION,S,<android.media.AudioManager: int getMode()>
NETWORK_INFORMATION,S,<java.lang.ref.Reference: java.lang.Object get()>
NETWORK_INFORMATION,S,<android.view.MotionEvent: int getAction()>
NETWORK_INFORMATION,S,<android.content.res.AssetFileDescriptor: long getLength()>
NETWORK_INFORMATION,S,<java.net.HttpURLConnection: int getResponseCode()>
NETWORK_INFORMATION,S,<android.provider.Settings$Secure: java.lang.String getString(android.content.ContentResolver,java.lang.String)>
NETWORK_INFORMATION,S,<android.content.Intent: java.lang.String getAction()>
NETWORK_INFORMATION,S,<android.view.MotionEvent: float getY()>
NETWORK_INFORMATION,S,<android.hardware.SensorManager: boolean getRotationMatrix(float[],float[],float[],float[])>
NETWORK_INFORMATION,S,<android.view.ViewGroup: int getChildCount()>
NETWORK_INFORMATION,S,<java.lang.Long: long longValue()>
NETWORK_INFORMATION,S,<android.content.ContextWrapper: android.content.Context getApplicationContext()>
NETWORK_INFORMATION,S,<java.lang.Class: java.lang.Object newInstance()>
NETWORK_INFORMATION,S,<java.lang.Throwable: java.lang.String getMessage()>
NETWORK_INFORMATION,S,<java.math.BigInteger: byte[] toByteArray()>
NETWORK_INFORMATION,S,<javax.crypto.Cipher: javax.crypto.Cipher getInstance(java.lang.String)>
NETWORK_INFORMATION,S,<java.nio.ByteBuffer: java.nio.ByteBuffer put(java.nio.ByteBuffer)>
NETWORK_INFORMATION,S,<android.preference.PreferenceManager: android.content.SharedPreferences getDefaultSharedPreferences(android.content.Context)>
NETWORK_INFORMATION,S,<android.content.res.Resources: android.util.DisplayMetrics getDisplayMetrics()>
NETWORK_INFORMATION,S,<android.os.Environment: java.lang.String getExternalStorageState()>
NETWORK_INFORMATION,S,<android.content.ComponentName: android.content.ComponentName clone()>
NETWORK_INFORMATION,S,<android.view.View$MeasureSpec: int getSize(int)>
NETWORK_INFORMATION,S,<java.util.Scanner: java.util.regex.MatchResult match()>
NETWORK_INFORMATION,S,<android.content.res.Resources: int getIdentifier(java.lang.String,java.lang.String,java.lang.String)>
NETWORK_INFORMATION,S,<java.util.HashMap: java.lang.Object get(java.lang.Object)>
NETWORK_INFORMATION,S,<android.view.LayoutInflater: android.view.View inflate(int,android.view.ViewGroup)>
NETWORK_INFORMATION,S,<java.util.ArrayList: java.util.Iterator iterator()>
NETWORK_INFORMATION,S,<android.graphics.Bitmap: android.graphics.Bitmap createBitmap(int,int,android.graphics.Bitmap$Config)>
NETWORK_INFORMATION,S,<java.util.AbstractSequentialList: java.util.Iterator iterator()>
NETWORK_INFORMATION,S,<java.util.UUID: long getLeastSignificantBits()>
NETWORK_INFORMATION,S,<android.app.Dialog: android.view.Window getWindow()>
NETWORK_INFORMATION,S,<android.content.Context: java.lang.String getString(int)>
NETWORK_INFORMATION,S,<java.util.LinkedList: java.lang.Object get(int)>
NETWORK_INFORMATION,S,<android.content.ContextWrapper: java.lang.String getPackageName()>
NETWORK_INFORMATION,S,<android.webkit.WebView: android.webkit.WebSettings getSettings()>
NETWORK_INFORMATION,S,<java.util.Stack: java.lang.Object pop()>
NETWORK_INFORMATION,S,<android.os.Looper: android.os.Looper getMainLooper()>
NETWORK_INFORMATION,S,<android.content.res.AssetFileDescriptor: long getStartOffset()>
NETWORK_INFORMATION,S,<android.content.ContextWrapper: android.content.res.AssetManager getAssets()>
NETWORK_INFORMATION,S,<org.json.JSONObject: int getInt(java.lang.String)>
NETWORK_INFORMATION,S,<android.content.ContentResolver: android.database.Cursor query(android.net.Uri,java.lang.String[],java.lang.String,java.lang.String[],java.lang.String)>
NETWORK_INFORMATION,S,<android.net.Uri: android.net.Uri parse(java.lang.String)>
NETWORK_INFORMATION,S,<java.util.Date: long getTime()>
NETWORK_INFORMATION,S,<android.view.ContextThemeWrapper: android.content.res.Resources getResources()>
NETWORK_INFORMATION,S,<java.lang.Class: java.lang.String getSimpleName()>
NETWORK_INFORMATION,S,<java.text.DateFormat: java.lang.String format(java.util.Date)>
NETWORK_INFORMATION,S,<android.net.Uri$Builder: android.net.Uri build()>
NETWORK_INFORMATION,S,<android.view.View$MeasureSpec: int getMode(int)>
NETWORK_INFORMATION,S,<android.view.MotionEvent: long getDownTime()>
NETWORK_INFORMATION,S,<android.content.ContextWrapper: android.content.ContentResolver getContentResolver()>
NETWORK_INFORMATION,S,<android.net.NetworkInfo: int getType()>
NETWORK_INFORMATION,S,<java.util.Scanner: java.lang.String nextLine()>
NETWORK_INFORMATION,S,<android.telephony.TelephonyManager: java.lang.String getNetworkOperator()>
NETWORK_INFORMATION,S,<javax.xml.parsers.DocumentBuilderFactory: javax.xml.parsers.DocumentBuilderFactory newInstance()>
NETWORK_INFORMATION,S,<java.util.ArrayList: java.lang.Object get(int)>
NETWORK_INFORMATION,S,<android.view.Display: int getOrientation()>
NETWORK_INFORMATION,S,<android.view.View: android.view.View getRootView()>
NETWORK_INFORMATION,S,<org.json.JSONObject: java.lang.String getString(java.lang.String)>
NETWORK_INFORMATION,S,<java.net.URLConnection: java.lang.String getHeaderField(java.lang.String)>
NETWORK_INFORMATION,S,<android.os.Bundle: java.lang.String getString(java.lang.String)>
NETWORK_INFORMATION,S,<android.app.Activity: android.content.Intent getIntent()>
NETWORK_INFORMATION,S,<android.net.ConnectivityManager: android.net.NetworkInfo getActiveNetworkInfo()>
NETWORK_INFORMATION,S,<android.view.LayoutInflater: android.view.View inflate(int,android.view.ViewGroup,boolean)>
NETWORK_INFORMATION,S,<javax.crypto.Cipher: byte[] getIV()>
NETWORK_INFORMATION,S,<java.io.Writer: java.io.Writer append(java.lang.CharSequence,int,int)>
NETWORK_INFORMATION,S,<android.content.Intent: android.os.Bundle getExtras()>
NETWORK_INFORMATION,S,<android.widget.VideoView: int getCurrentPosition()>
NETWORK_INFORMATION,S,<android.webkit.ConsoleMessage: android.webkit.ConsoleMessage$MessageLevel messageLevel()>
NETWORK_INFORMATION,S,<java.security.MessageDigest: byte[] digest()>
NETWORK_INFORMATION,S,<java.net.URLConnection: java.io.InputStream getInputStream()>
NETWORK_INFORMATION,S,<android.app.AlertDialog$Builder: android.app.AlertDialog create()>
NETWORK_INFORMATION,S,<android.widget.VideoView: int getDuration()>
NETWORK_INFORMATION,S,<android.view.View: android.view.ViewParent getParent()>
NETWORK_INFORMATION,S,<android.webkit.WebHistoryItem: android.webkit.WebHistoryItem clone()>
NETWORK_INFORMATION,S,<android.hardware.Sensor: int getType()>
NETWORK_INFORMATION,S,<android.view.MotionEvent: long getEventTime()>
NETWORK_INFORMATION,S,<android.graphics.Bitmap: int getHeight()>
NETWORK_INFORMATION,S,<java.lang.String: byte[] getBytes(java.lang.String)>
NETWORK_INFORMATION,S,<java.lang.reflect.Array: java.lang.Object newInstance(java.lang.Class,int[])>
NETWORK_INFORMATION,S,<javax.crypto.Cipher: byte[] doFinal(byte[])>
NETWORK_INFORMATION,S,<java.lang.Class: java.lang.String getName()>
NETWORK_INFORMATION,S,<java.lang.reflect.Method: java.lang.Class[] getParameterTypes()>
NETWORK_INFORMATION,S,<android.os.Environment: java.io.File getExternalStorageDirectory()>
NETWORK_INFORMATION,S,<java.lang.StringBuilder: java.lang.String toString()>
NETWORK_INFORMATION,S,<android.graphics.Bitmap: int getWidth()>
NETWORK_INFORMATION,S,<android.hardware.SensorManager: float[] getOrientation(float[],float[])>
NETWORK_INFORMATION,S,<android.graphics.Bitmap: android.graphics.Bitmap createBitmap(int[],int,int,android.graphics.Bitmap$Config)>
NETWORK_INFORMATION,S,<android.graphics.Paint: int getTextWidths(java.lang.String,float[])>
NETWORK_INFORMATION,S,<android.graphics.Paint: android.graphics.Paint$FontMetrics getFontMetrics()>
NETWORK_INFORMATION,S,<java.util.Locale: java.lang.String getCountry()>
NETWORK_INFORMATION,S,<java.lang.reflect.Array: java.lang.Object newInstance(java.lang.Class,int)>
NETWORK_INFORMATION,S,<android.animation.Animator: android.animation.Animator clone()>
NETWORK_INFORMATION,S,<android.widget.EditText: android.text.Editable getText()>
NETWORK_INFORMATION,S,<java.lang.reflect.Method: java.lang.String getName()>
NETWORK_INFORMATION,S,<android.graphics.Bitmap: android.graphics.Bitmap$Config getConfig()>
NETWORK_INFORMATION,S,<java.util.Locale: java.lang.String getLanguage()>
NETWORK_INFORMATION,S,<android.media.AudioManager: int getRingerMode()>
NETWORK_INFORMATION,S,<java.io.File: java.lang.String getAbsolutePath()>
NETWORK_INFORMATION,S,<java.util.concurrent.TimeUnit: long convert(long,java.util.concurrent.TimeUnit)>
NETWORK_INFORMATION,S,<java.lang.Class: java.lang.reflect.Method[] getMethods()>
NETWORK_INFORMATION,S,<android.app.Activity: java.lang.Object getSystemService(java.lang.String)>
NETWORK_INFORMATION,S,<android.view.MotionEvent: float getX()>
NETWORK_INFORMATION,S,<android.os.PowerManager: android.os.PowerManager$WakeLock newWakeLock(int,java.lang.String)>
NETWORK_INFORMATION,S,<java.text.DateFormat: java.util.Date parse(java.lang.String)>
NETWORK_INFORMATION,S,<android.media.AudioManager: boolean isMusicActive()>
NETWORK_INFORMATION,S,<android.util.SparseArray: java.lang.Object get(int)>
NETWORK_INFORMATION,S,<android.content.res.AssetFileDescriptor: java.io.FileDescriptor getFileDescriptor()>
NETWORK_INFORMATION,S,<javax.microedition.khronos.egl.EGLContext: javax.microedition.khronos.egl.EGL getEGL()>
NETWORK_INFORMATION,S,<android.webkit.ConsoleMessage: java.lang.String sourceId()>
NETWORK_INFORMATION,S,<java.util.HashSet: java.util.Iterator iterator()>
NETWORK_INFORMATION,S,<android.app.Activity: android.view.Window getWindow()>
NETWORK_INFORMATION,S,<android.view.SurfaceView: android.view.SurfaceHolder getHolder()>
NETWORK_INFORMATION,S,<android.webkit.WebBackForwardList: android.webkit.WebBackForwardList clone()>
NETWORK_INFORMATION,S,<org.json.JSONObject: org.json.JSONArray getJSONArray(java.lang.String)>
NETWORK_INFORMATION,S,<org.json.JSONArray: org.json.JSONObject getJSONObject(int)>
NETWORK_INFORMATION,S,<java.lang.reflect.Field: java.lang.annotation.Annotation getAnnotation(java.lang.Class)>
NETWORK_INFORMATION,D,<android.content.ContextWrapper: android.content.res.AssetManager getAssets()>
NETWORK_INFORMATION,D,<android.content.ContextWrapper: android.content.SharedPreferences getSharedPreferences(java.lang.String,int)>
NETWORK_INFORMATION,D,<android.net.Uri: android.net.Uri parse(java.lang.String)>
NETWORK_INFORMATION,D,<android.view.ContextThemeWrapper: android.content.res.Resources getResources()>
NETWORK_INFORMATION,D,<java.lang.Class: java.lang.String getSimpleName()>
NETWORK_INFORMATION,D,<android.webkit.WebSettings: java.lang.String getUserAgentString()>
NETWORK_INFORMATION,D,<android.content.ContextWrapper: android.content.ContentResolver getContentResolver()>
NETWORK_INFORMATION,D,<android.net.NetworkInfo: int getType()>
NETWORK_INFORMATION,D,<android.telephony.TelephonyManager: java.lang.String getNetworkOperator()>
NETWORK_INFORMATION,D,<android.content.ContextWrapper: android.content.Intent registerReceiver(android.content.BroadcastReceiver,android.content.IntentFilter)>
NETWORK_INFORMATION,D,<java.util.ArrayList: java.lang.Object get(int)>
NETWORK_INFORMATION,D,<android.content.ContextWrapper: java.io.File getDatabasePath(java.lang.String)>
NETWORK_INFORMATION,D,<java.util.Locale: java.util.Locale getDefault()>
NETWORK_INFORMATION,D,<java.security.MessageDigest: java.security.MessageDigest getInstance(java.lang.String)>
NETWORK_INFORMATION,D,<java.lang.String: byte[] getBytes()>
NETWORK_INFORMATION,D,<android.net.ConnectivityManager: android.net.NetworkInfo getActiveNetworkInfo()>
NETWORK_INFORMATION,D,<android.app.Activity: android.view.WindowManager getWindowManager()>
NETWORK_INFORMATION,D,<java.security.MessageDigest: byte[] digest()>
NETWORK_INFORMATION,D,<android.view.View: android.content.Context getContext()>
NETWORK_INFORMATION,D,<java.util.UUID: long getMostSignificantBits()>
NETWORK_INFORMATION,D,<android.content.ContextWrapper: android.content.pm.ApplicationInfo getApplicationInfo()>
NETWORK_INFORMATION,D,<java.security.Provider: java.util.Set keySet()>
NETWORK_INFORMATION,D,<java.lang.String: java.lang.String trim()>
NETWORK_INFORMATION,D,<android.media.AudioManager: int getMode()>
NETWORK_INFORMATION,D,<android.view.MotionEvent: int getAction()>
NETWORK_INFORMATION,D,<java.util.AbstractMap: java.lang.Object get(java.lang.Object)>
NETWORK_INFORMATION,D,<android.content.res.AssetFileDescriptor: long getLength()>
NETWORK_INFORMATION,D,<android.provider.Settings$Secure: java.lang.String getString(android.content.ContentResolver,java.lang.String)>
NETWORK_INFORMATION,D,<java.lang.StringBuilder: java.lang.String toString()>
NETWORK_INFORMATION,D,<android.view.MotionEvent: float getY()>
NETWORK_INFORMATION,D,<android.content.ContextWrapper: android.content.Context getApplicationContext()>
NETWORK_INFORMATION,D,<java.math.BigInteger: byte[] toByteArray()>
NETWORK_INFORMATION,D,<java.lang.reflect.Array: java.lang.Object newInstance(java.lang.Class,int)>
NETWORK_INFORMATION,D,<android.content.ContextWrapper: android.content.pm.PackageManager getPackageManager()>
NETWORK_INFORMATION,D,<android.preference.PreferenceManager: android.content.SharedPreferences getDefaultSharedPreferences(android.content.Context)>
NETWORK_INFORMATION,D,<android.content.res.Resources: android.util.DisplayMetrics getDisplayMetrics()>
NETWORK_INFORMATION,D,<android.media.AudioManager: int getRingerMode()>
NETWORK_INFORMATION,D,<java.util.Locale: java.lang.String getLanguage()>
NETWORK_INFORMATION,D,<android.view.View$MeasureSpec: int getSize(int)>
NETWORK_INFORMATION,D,<java.io.File: java.lang.String getAbsolutePath()>
NETWORK_INFORMATION,D,<java.util.HashMap: java.lang.Object get(java.lang.Object)>
NETWORK_INFORMATION,D,<android.app.Activity: java.lang.Object getSystemService(java.lang.String)>
NETWORK_INFORMATION,D,<android.view.MotionEvent: float getX()>
NETWORK_INFORMATION,D,<android.media.AudioManager: boolean isMusicActive()>
NETWORK_INFORMATION,D,<android.content.ContextWrapper: java.io.File getCacheDir()>
NETWORK_INFORMATION,D,<android.content.res.AssetFileDescriptor: java.io.FileDescriptor getFileDescriptor()>
NETWORK_INFORMATION,D,<java.util.UUID: long getLeastSignificantBits()>
NETWORK_INFORMATION,D,<android.app.Activity: android.view.Window getWindow()>
NETWORK_INFORMATION,D,<java.util.HashSet: java.util.Iterator iterator()>
NETWORK_INFORMATION,D,<android.view.SurfaceView: android.view.SurfaceHolder getHolder()>
NETWORK_INFORMATION,D,<android.content.ContextWrapper: java.lang.String getPackageName()>
NETWORK_INFORMATION,D,<android.webkit.WebView: android.webkit.WebSettings getSettings()>
NETWORK_INFORMATION,D,<java.security.Provider: java.lang.Object put(java.lang.Object,java.lang.Object)>
NETWORK_INFORMATION,D,<android.content.res.AssetFileDescriptor: long getStartOffset()>
CALENDAR_INFORMATION,S,<java.util.Calendar: java.util.Date getTime()>
CALENDAR_INFORMATION,S,<java.util.Calendar: java.util.Calendar getInstance()>
CALENDAR_INFORMATION,S,<java.util.Calendar: int get(int)>
